Facility Name,Address,City,Zip Code,License Number,Phone Number,State Facility Type 1 Literal,Licensee,Capacity,State Facility Type 2 Literal,Date Accessed,State
15 Craigside,15 CRAIGSIDE PLACE,Honolulu,96817.0,16-ALF,8085237000.0,ASSISTED LIVING FACILITY,,,,6/24/21,HI
Arcadia Retirement Residence,1434 PUNAHOU STREET,Honolulu,96822.0,1-ALF,8089410941.0,ASSISTED LIVING FACILITY,,,,6/24/21,HI
Hawaii Kai Retirement Comm Phase I And Ii,428 KAWAIHAE STREET,Honolulu,96825.0,12-ALF,8083959599.0,ASSISTED LIVING FACILITY,,,,6/24/21,HI
Hi'Olani Assisted Living Center At Kahala Nui,4389 MALIA STREET,Honolulu,96821.0,10-ALF,8082187000.0,ASSISTED LIVING FACILITY,,,,6/24/21,HI
Ilima At Leihano,739 LEIHANO STREET,Kapolei,96707.0,20-ALF,8086748022.0,ASSISTED LIVING FACILITY,,,,6/24/21,HI
Kalakaua Gardens,1723 KALAKAUA AVENUE,Honolulu,96826.0,21-ALF,8085182273.0,ASSISTED LIVING FACILITY,,,,6/24/21,HI
One Kalakaua Senior Living,1314 KALAKAUA AVENUE,Honolulu,96826.0,4-ALF,8089834400.0,ASSISTED LIVING FACILITY,,,,6/24/21,HI
Pohai Nani Good Samaritan,45-090 NAMOKU STREET,Kaneohe,96744.0,7-ALF,8082476211.0,ASSISTED LIVING FACILITY,,,,6/24/21,HI
"Regency At Puakea, L.L.C.",2130 KANEKA STREET,Lihue,96766.0,9-ALF,8082464449.0,ASSISTED LIVING FACILITY,,,,6/24/21,HI
Regency Hualalai,75-181 HUALALAI ROAD,Kailua-Kona,96740.0,22-ALF,8083297878.0,ASSISTED LIVING FACILITY,,,,6/24/21,HI
Roselani Place Assisted Living Facility,88 SOUTH PAPA AVENUE,Kahului,96732.0,6-ALF,8088717720.0,ASSISTED LIVING FACILITY,,,,6/24/21,HI
The Plaza At Kaneohe,46-068 ALALOA STREET,Kaneohe,96744.0,23-ALF,8086287604.0,ASSISTED LIVING FACILITY,,,,6/24/21,HI
The Plaza At Mililani,95-1050 UKUWAI STREET,Mililani,96789.0,14-ALF,8086268807.0,ASSISTED LIVING FACILITY,,,,6/24/21,HI
The Plaza At Moanalua,1280 MOANALUALANI PLACE,Honolulu,96818.0,15-ALF,8088338880.0,ASSISTED LIVING FACILITY,,,,6/24/21,HI
The Plaza At Pearl City,1048 KUALA STREET,Pearl City,96782.0,18-ALF,8084558808.0,ASSISTED LIVING FACILITY,,,,6/24/21,HI
The Plaza At Punchbowl,918 LUNALILO STREET,Honolulu,96825.0,8-ALF,8087928800.0,ASSISTED LIVING FACILITY,,,,6/24/21,HI
The Plaza At Waikiki,1812 KALAKAUA AVENUE,Honolulu,96813.0,19-ALF,8089550800.0,ASSISTED LIVING FACILITY,,,,6/24/21,HI
3 J'S,1624 PERRY STREET,Honolulu,,1334-C,8088486592.0,TYPE I EXPANDED ADULT RESIDENTIAL CARE HOME,GERONIMO CASTILLO,5.0,AMBULATORY,6/24/21,HI
808 Adult Residential Care Home/Expanded Care Llc,98-209 KANUKU STREET,Aiea,,1344-C,8086999865.0,TYPE I EXPANDED ADULT RESIDENTIAL CARE HOME,NOVELYN LLARENAS,5.0,AMBULATORY,6/24/21,HI
A & C Care Home,2294 AWAPUHI STREET,Hilo,,1554-C,8082098308.0,TYPE I EXPANDED ADULT RESIDENTIAL CARE HOME,ARMANDO TABILE,5.0,AMBULATORY,6/24/21,HI
A Better Living,83 KILANI AVENUE,Wahiawa,,1244-C,8086218635.0,TYPE I EXPANDED ADULT RESIDENTIAL CARE HOME,MARY ANN MCMURRAY,5.0,AMBULATORY,6/24/21,HI
A.C.T.G. Gallegos Iv,1530 PIIKEA STREET,Honolulu,,1341-C,8084238808.0,TYPE I EXPANDED ADULT RESIDENTIAL CARE HOME,TEOFISTA GALLEGOS,5.0,AMBULATORY,6/24/21,HI
A.M.A. Care Home Llc,94-392 KAHUANANI STREET,Waipahu,,1611-C,8086765473.0,TYPE I EXPANDED ADULT RESIDENTIAL CARE HOME,ABIGAIL AGANON,5.0,AMBULATORY,6/24/21,HI
Aaa Care Home,4368 LAAKEA STREET,Honolulu,,1606-C,8082057131.0,TYPE I  ADULT RESIDENTIAL CARE HOME,MELITA MANALANG,5.0,FULLY AMBULATORY,6/24/21,HI
"Abad, Edna",98-312 KALUAMOI DRIVE,Pearl City,,1135-C,8084871080.0,TYPE I  ADULT RESIDENTIAL CARE HOME,EDNA ABAD,4.0,FULLY AMBULATORY,6/24/21,HI
Abbie'S,94-579 APII PLACE,Waipahu,,479-C,8086769349.0,TYPE I EXPANDED ADULT RESIDENTIAL CARE HOME,FLORECITA PERALTA,5.0,AMBULATORY,6/24/21,HI
"Acedo, Melba",2501-A KINOOLE STREET,Hilo,,714-C,8089812909.0,TYPE I  ADULT RESIDENTIAL CARE HOME,MELBA DAAK,4.0,AMBULATORY,6/24/21,HI
"Acnam'S Care Home, Llc",2467 NORTH SCHOOL STREET,Honolulu,,1041-C,8088453589.0,TYPE I EXPANDED ADULT RESIDENTIAL CARE HOME,CASTORA ACNAM,5.0,AMBULATORY,6/24/21,HI
Act Care Services Llc,1453 UILA STREET,Honolulu,,1624-C,8085948177.0,TYPE I EXPANDED ADULT RESIDENTIAL CARE HOME,ANTONETTE SARMIENTO,5.0,AMBULATORY,6/24/21,HI
Actg Arch #2,1447 UILA STREET,Honolulu,,1205-C,8084225888.0,TYPE II EXPANDED ADULT RESIDENTIAL CARE HOME,TEOFISTA GALLEGOS,8.0,AMBULATORY,6/24/21,HI
Adult Res Care Home,1654 HAUIKI STREET,Honolulu,,1428-C,8088459373.0,TYPE I EXPANDED ADULT RESIDENTIAL CARE HOME,DELIA LAURENA,5.0,AMBULATORY,6/24/21,HI
"Agraan, Gliseria",94-1266 HIAPO STREET,Waipahu,,1200-C,8086761567.0,TYPE I EXPANDED ADULT RESIDENTIAL CARE HOME,GLISERIA AGRAAN,5.0,AMBULATORY,6/24/21,HI
"Aguinaldo, Evangeline",3787 MAMAKI STREET,Koloa,,984-C,8087422044.0,TYPE I  ADULT RESIDENTIAL CARE HOME,EVANGELINE AGUINALDO,3.0,AMBULATORY,6/24/21,HI
Aguinaldo'S,4406 LIKINI STREET,Honolulu,,1175-C,8084232196.0,TYPE I EXPANDED ADULT RESIDENTIAL CARE HOME,SERAFINA AGUINALDO,5.0,AMBULATORY,6/24/21,HI
Ai Arch,1329 ALA AOLANI STREET,Honolulu,,1369-C,8084896453.0,TYPE I EXPANDED ADULT RESIDENTIAL CARE HOME,JOSEPHINE HARRIS,5.0,AMBULATORY,6/24/21,HI
Aida'S,45-552 LIULA STREET,Kaneohe,,640-C,8082351637.0,TYPE I EXPANDED ADULT RESIDENTIAL CARE HOME,ZENAIDA BAUTISTA,5.0,AMBULATORY,6/24/21,HI
Aiea Heights Senior Living,99-1657 AIEA HEIGHTS DRIVE,Aiea,,112-C,8084885521.0,TYPE II EXPANDED ADULT RESIDENTIAL CARE HOME,SATORU IZATSU,22.0,FULLY AMBULATORY,6/24/21,HI
Aina Haina Arch,237 EAST HIND DRIVE,Honolulu,,1456-C,8083583354.0,TYPE I EXPANDED ADULT RESIDENTIAL CARE HOME,LAN CHEN,5.0,AMBULATORY,6/24/21,HI
Aina Haina Quality Living,5304 LIMU PLACE,Honolulu,,1458-C,8083734141.0,TYPE II EXPANDED ADULT RESIDENTIAL CARE HOME,JABS RYAN,8.0,AMBULATORY,6/24/21,HI
Akalei Hale,61 HOAUNA STREET,Wailuku,,645-C,8082441381.0,TYPE I  ADULT RESIDENTIAL CARE HOME,ELISA VILLANUEVA,5.0,AMBULATORY,6/24/21,HI
"Alaag, L.L.C. Arch",94-1032 A LUMIKULA STREET,Waipahu,,481-C,8086778669.0,TYPE I  ADULT RESIDENTIAL CARE HOME,LINDA GUTING,5.0,AMBULATORY,6/24/21,HI
Alde Care Home,94-1475 HIAPO STREET,Waipahu,,1065-C,8086710531.0,TYPE I  ADULT RESIDENTIAL CARE HOME,DELIA LAMPITOC,5.0,AMBULATORY,6/24/21,HI
Aletha'S Expanded Arch,99-631 ULUNE STREET,Aiea,,1400-C,8084871706.0,TYPE I EXPANDED ADULT RESIDENTIAL CARE HOME,FLORENCE FAYLOGA,5.0,AMBULATORY,6/24/21,HI
Alfe,1464 PUANAKAU STREET,Honolulu,,1353-C,8084228157.0,TYPE I EXPANDED ADULT RESIDENTIAL CARE HOME,VIRGINIA BAPTISTA,5.0,AMBULATORY,6/24/21,HI
Alfe Ii,1464 PUANAKAU STREET,Honolulu,,1425-C,8084228568.0,TYPE I EXPANDED ADULT RESIDENTIAL CARE HOME,BERNADETTE HEAFNER,5.0,AMBULATORY,6/24/21,HI
"Aliga, Nelly",174 LUKIA STREET,Hilo,,1069-C,8089356208.0,TYPE I EXPANDED ADULT RESIDENTIAL CARE HOME,NELLY ALIGA,5.0,AMBULATORY,6/24/21,HI
"All Hearts Arch, L.L.C.",328 HIE STREET,Kapaa,,1392-C,8088227907.0,TYPE I  ADULT RESIDENTIAL CARE HOME,LALAINE RABAINO,4.0,AMBULATORY,6/24/21,HI
"Allcare Senior Services, Inc.",94-920 KUMUAO STREET,Waipahu,,1602-C,8083124791.0,TYPE I EXPANDED ADULT RESIDENTIAL CARE HOME,CHRISTIE GARCIA,4.0,FULLY AMBULATORY,6/24/21,HI
Aloha Arch,86-107 HOAHA STREET,Waianae,,1287-C,8086962430.0,TYPE I EXPANDED ADULT RESIDENTIAL CARE HOME,MARLYN ACURAM,5.0,AMBULATORY,6/24/21,HI
"Aloha Lifeline Arch/E-Arch, Llc",91-983 IKULANI STREET,Ewa Beach,,1418-C,8086895031.0,TYPE I EXPANDED ADULT RESIDENTIAL CARE HOME,ROMERA JORNACION,5.0,AMBULATORY,6/24/21,HI
Aloha Nui Care Home Llc,1662 HOOKANI STREET,Pearl City,,1585-C,8082847978.0,TYPE I  ADULT RESIDENTIAL CARE HOME,MIN HYE TAKAMATSU,5.0,AMBULATORY,6/24/21,HI
"Amodo, Gloria",1437 ALA LELEU STREET,Honolulu,,955-C,8088394107.0,TYPE I  ADULT RESIDENTIAL CARE HOME,GLORIA AMODO,4.0,FULLY AMBULATORY,6/24/21,HI
"Analani Arch, L.L.C.",98-137 KALUAMOI PLACE,Pearl City,,1533-C,8087411770.0,TYPE I  ADULT RESIDENTIAL CARE HOME,CORAZON SALUDARES,5.0,AMBULATORY,6/24/21,HI
"Anastacio, Faye V.",45-507 KAHILI STREET,Honokaa,,859-C,8087757324.0,TYPE I  ADULT RESIDENTIAL CARE HOME,FAYE ANASTACIO,3.0,FULLY AMBULATORY,6/24/21,HI
"Ancheta, Imelda",94-854 AWANEI STREET,Waipahu,,1239-C,8086777486.0,TYPE I EXPANDED ADULT RESIDENTIAL CARE HOME,IMELDA ANCHETA,5.0,AMBULATORY,6/24/21,HI
Angel Home For Seniors,1315 KUPAU STREET,Kailua,,1395-C,8082217766.0,TYPE I EXPANDED ADULT RESIDENTIAL CARE HOME,ARCELIE CABEL,5.0,AMBULATORY,6/24/21,HI
Anne-Drew'S Gentle,94-921 KAHUAILANI STREET,Waipahu,,1367-C,8086783936.0,TYPE I EXPANDED ADULT RESIDENTIAL CARE HOME,MARY JEANNE ONATO,5.0,AMBULATORY,6/24/21,HI
Annelyn Raval,94-362 APOWALE STREET,Waipahu,,844-C,8084977103.0,TYPE I EXPANDED ADULT RESIDENTIAL CARE HOME,ANNELYN RAVAL,5.0,AMBULATORY,6/24/21,HI
"Ano Ano, L.L.C.","54-2489 KYNNERSLEY ROAD, LOT C",Kapaau,,1507-C,8088845265.0,TYPE I  ADULT RESIDENTIAL CARE HOME,MELTON MARC,5.0,AMBULATORY,6/24/21,HI
Apostol Care Home Arch,94-1244 HINAEA STREET,Waipahu,,1466-C,8086715217.0,TYPE I EXPANDED ADULT RESIDENTIAL CARE HOME,EDWIN APOSTOL,5.0,AMBULATORY,6/24/21,HI
"Apuya, Roger",2517 HOENUI STREET,Honolulu,,1362-C,8088455472.0,TYPE I  ADULT RESIDENTIAL CARE HOME,ROGER APUYA,5.0,AMBULATORY,6/24/21,HI
Arzaga'S Adult Residential Care Llc,57 MAIKAI STREET,Hilo,,1623-C,8089357680.0,TYPE I EXPANDED ADULT RESIDENTIAL CARE HOME,NOEMI ARZAGA,5.0,AMBULATORY,6/24/21,HI
"Atanes, Remedios",87-542 MANUU STREET,Waianae,,589-C,8086684214.0,TYPE I  ADULT RESIDENTIAL CARE HOME,REMEDIOS ATANES,4.0,AMBULATORY,6/24/21,HI
Aumoa Care Home Llc,98-562 KAIMU LOOP,Aiea,,1598-C,8084254962.0,TYPE I  ADULT RESIDENTIAL CARE HOME,MARIA ROSS,5.0,AMBULATORY,6/24/21,HI
"Aupuni Hale Hoolu, Llc",1805 AUPUNI STREET,Honolulu,,1490-C,8088412202.0,TYPE I EXPANDED ADULT RESIDENTIAL CARE HOME,VILMA YUN,5.0,AMBULATORY,6/24/21,HI
Aurora Patao Arch,15-1395 29TH AVENUE,Keaau,,1057-C,8089666881.0,TYPE I EXPANDED ADULT RESIDENTIAL CARE HOME,AURORA PATAO,5.0,AMBULATORY,6/24/21,HI
Aurora'S,91-1112 KIWI STREET,Ewa Beach,,1111-C,8086895936.0,TYPE I EXPANDED ADULT RESIDENTIAL CARE HOME,AURORA ALEJANDRO,5.0,AMBULATORY,6/24/21,HI
"Badua, Lily",260 ALA MALAMA AVENUE,Kaunakakai,,874-C,8085535581.0,TYPE I EXPANDED ADULT RESIDENTIAL CARE HOME,LILY BADUA,5.0,FULLY AMBULATORY,6/24/21,HI
"Bala, Leticia",1617 MACHADO STREET,Honolulu,,731-C,8088430113.0,TYPE I EXPANDED ADULT RESIDENTIAL CARE HOME,LETICIA BALA,5.0,AMBULATORY,6/24/21,HI
Balico'S,91-1204 KAUIKI STREET,Ewa Beach,,1388-C,8086897494.0,TYPE I EXPANDED ADULT RESIDENTIAL CARE HOME,LETICIA BALICO,5.0,AMBULATORY,6/24/21,HI
"Baptista, Myrna",28-2845 MAKAHANA STREET,Pepeekeo,,576-C,8089873287.0,TYPE I  ADULT RESIDENTIAL CARE HOME,MYRNA BAPTISTA,3.0,AMBULATORY,6/24/21,HI
"Bautista, Dolores",1939 WAIKAHE PLACE,Honolulu,,979-C,8088471610.0,TYPE I  ADULT RESIDENTIAL CARE HOME,DOLORES BAUTISTA,4.0,AMBULATORY,6/24/21,HI
"Baybayan, Rosita",91-810 HAIAMU STREET,Ewa Beach,,658-C,8086898662.0,TYPE I  ADULT RESIDENTIAL CARE HOME,ROSITA BAYBAYAN,5.0,AMBULATORY,6/24/21,HI
Beckwith Manoa Senior Care,2375 BECKWITH STREET,Honolulu,,1548-C,8084978489.0,TYPE I  ADULT RESIDENTIAL CARE HOME,BEVERLEY YOUNG,5.0,FULLY AMBULATORY,6/24/21,HI
"Beltran, Milagros",94-1382 HENOKEA STREET,Waipahu,,590-C,8086710354.0,TYPE I EXPANDED ADULT RESIDENTIAL CARE HOME,MILAGROS BELTRAN,5.0,AMBULATORY,6/24/21,HI
"Billena, Mathilda",94-1169 LIMAHANA STREET,Waipahu,,569-C,8086710670.0,TYPE I  ADULT RESIDENTIAL CARE HOME,MATHILDA BILLENA,5.0,AMBULATORY,6/24/21,HI
Birds Of Paradise Home Corp.,50 HIALOA STREET,Honolulu,,1616-C,8082254182.0,TYPE I  ADULT RESIDENTIAL CARE HOME,MELY CO,3.0,FULLY AMBULATORY,6/24/21,HI
Blandina S. Retuta Llc,94-1116 KAHUAILANI STREET,Waipahu,,1019-C,8086764419.0,TYPE I EXPANDED ADULT RESIDENTIAL CARE HOME,BLANDINA RETUTA,5.0,AMBULATORY,6/24/21,HI
Blue Ocean Care Home,91-1030 KEONEAE PLACE,Ewa Beach,,1498-C,8087836340.0,TYPE I  ADULT RESIDENTIAL CARE HOME,SOOK YANG LEE KIMOTO,3.0,AMBULATORY,6/24/21,HI
"Bolosan, Carmelita",94-087 WAIKELE LOOP,Waipahu,,845-C,8086712983.0,TYPE I  ADULT RESIDENTIAL CARE HOME,CARMELITA BOLOSAN,5.0,AMBULATORY,6/24/21,HI
"Bolosan, Domie",94-039 WAIKELE LOOP,Waipahu,,785-C,8086773743.0,TYPE I  ADULT RESIDENTIAL CARE HOME,DOMIE BOLOSAN,5.0,FULLY AMBULATORY,6/24/21,HI
Buenavista Adult Residential Care Home,81-2010 HAKU NUI ROAD,Captain Cook,,1320-C,8083232281.0,TYPE I EXPANDED ADULT RESIDENTIAL CARE HOME,SANDY BUENAVISTA,4.0,AMBULATORY,6/24/21,HI
Bueno #2,94-916 KUMUAO STREET,Waipahu,,1240-C,8086789514.0,TYPE I EXPANDED ADULT RESIDENTIAL CARE HOME,FELICITAS CABALLERO,5.0,AMBULATORY,6/24/21,HI
"Bumanglag, Violeta",2152 NORTH SCHOOL STREET,Honolulu,,732-C,8088451397.0,TYPE I  ADULT RESIDENTIAL CARE HOME,VIOLETA BUMANGLAG,5.0,AMBULATORY,6/24/21,HI
"Cabatu, Robert",3258-A HINANO STREET,Honolulu,,1382-C,8087399543.0,TYPE I  ADULT RESIDENTIAL CARE HOME,ROBERT CABATU,5.0,AMBULATORY,6/24/21,HI
"Cabico, Aurora",1721 MERKLE STREET,Honolulu,,966-C,8088450113.0,TYPE I  ADULT RESIDENTIAL CARE HOME,AURORA CABICO,5.0,AMBULATORY,6/24/21,HI
"Cabico, Milagros",94-418 PILIMAI STREET,Waipahu,,832-C,8086712656.0,TYPE I  ADULT RESIDENTIAL CARE HOME,MILAGROS CABICO,5.0,AMBULATORY,6/24/21,HI
"Cabico-Perez, Loraine",1318 ALANI STREET,Honolulu,,1079-C,8088416584.0,TYPE I  ADULT RESIDENTIAL CARE HOME,LORAINE CABICO-PEREZ,5.0,AMBULATORY,6/24/21,HI
Cabingabang Care Home,94-1121 WAIPAHU STREET,Waipahu,,543-C,8086717379.0,TYPE I EXPANDED ADULT RESIDENTIAL CARE HOME,DELIA CABINGABANG,5.0,AMBULATORY,6/24/21,HI
Cabo Care Home,114 KANIAHE PLACE,Wahiawa,,1626-C,8086216896.0,TYPE I EXPANDED ADULT RESIDENTIAL CARE HOME,JAIMIE CABO,,,6/24/21,HI
"Cacal, Evelyn",94-1161 HINAEA STREET,Waipahu,,678-C,8086765756.0,TYPE I EXPANDED ADULT RESIDENTIAL CARE HOME,EVELYN CACAL,5.0,AMBULATORY,6/24/21,HI
Cachola Adult Residential Care Home,98-314 PONOKAULIKE STREET,Aiea,,1576-C,8087840242.0,TYPE I EXPANDED ADULT RESIDENTIAL CARE HOME,MADELAINE CACHOLA,5.0,AMBULATORY,6/24/21,HI
Callo Care Home,1027 A LOWELL PLACE,Honolulu,,1289-C,8088431240.0,TYPE I EXPANDED ADULT RESIDENTIAL CARE HOME,TERESITA CALLO,5.0,AMBULATORY,6/24/21,HI
Calucag Arch-I,99-042 IEIE PLACE,Aiea,,1280-C,8084841335.0,TYPE I EXPANDED ADULT RESIDENTIAL CARE HOME,"CALUCAG CARE HOME, INC.",5.0,AMBULATORY,6/24/21,HI
Calucag Iii,1050 18TH AVENUE,Honolulu,,1423-C,8082278985.0,TYPE I EXPANDED ADULT RESIDENTIAL CARE HOME,"KAIMUKI CARE HOME, L.L.C.",5.0,AMBULATORY,6/24/21,HI
Captain Cook Care Home,81-1993 HAKU NUI ROAD,Captain Cook,,1514-C,8082380494.0,TYPE I  ADULT RESIDENTIAL CARE HOME,DANIEL HIGUCHI,5.0,AMBULATORY,6/24/21,HI
Care Homes By Hale Makua,472 KAULANA STREET,Kahului,,1509-C,8082431700.0,TYPE II ADULT RESIDENTIAL CARE HOME,TRISHA AKAHI,22.0,AMBULATORY,6/24/21,HI
"Caring Manoa, L.L.C.",2383 BECKWITH STREET,Honolulu,,1488-C,8087798871.0,TYPE II EXPANDED ADULT RESIDENTIAL CARE HOME,TODD PANG,8.0,AMBULATORY,6/24/21,HI
Caring Touch Arch/Expanded Arch,98-131 KALUAMOI STREET,Pearl City,,1631-C,,TYPE I EXPANDED ADULT RESIDENTIAL CARE HOME,LESLIE ANN BALLESTEROS,,,6/24/21,HI
Carmelita'S,94-1020 HAPAPA STREET,Waipahu,,615-C,8086710756.0,TYPE I EXPANDED ADULT RESIDENTIAL CARE HOME,CARMELITA CASIL,5.0,AMBULATORY,6/24/21,HI
"Castanaga, Imelda",94-972 LUMIMOE STREET,Waipahu,,549-C,8086712551.0,TYPE I EXPANDED ADULT RESIDENTIAL CARE HOME,IMELDA CASTANAGA,5.0,AMBULATORY,6/24/21,HI
Castro'S,3354 EONO STREET,Lihue,,1298-C,8082454890.0,TYPE I  ADULT RESIDENTIAL CARE HOME,JULIE CASTRO,5.0,FULLY AMBULATORY,6/24/21,HI
"Cej Charity Arch-Ec, L.L.C.",45-415 KULAULI STREET,Kaneohe,,1260-C,8082002109.0,TYPE I EXPANDED ADULT RESIDENTIAL CARE HOME,CAROLYN LAZO,5.0,AMBULATORY,6/24/21,HI
Charity Adult Residential Care Home,94-232 MOENA PLACE,Waipahu,,1496-C,8087442697.0,TYPE I EXPANDED ADULT RESIDENTIAL CARE HOME,NETTE DE CASTRO,5.0,AMBULATORY,6/24/21,HI
Charity Adult Residential Care Home/E-Arch Ii,1563 MOLINA STREET,Honolulu,,1595-C,8084921945.0,TYPE I EXPANDED ADULT RESIDENTIAL CARE HOME,NETTE DE CASTRO,5.0,AMBULATORY,6/24/21,HI
"Comfort Care Home, L.L.C.",1543 HALOA DRIVE,Honolulu,,1503-C,8084221947.0,TYPE I EXPANDED ADULT RESIDENTIAL CARE HOME,RICHARD MILLER,5.0,AMBULATORY,6/24/21,HI
Connie'S,94-1040 KUHAULUA STREET,Waipahu,,676-C,8086800001.0,TYPE I EXPANDED ADULT RESIDENTIAL CARE HOME,CION BATTULAYAN,5.0,AMBULATORY,6/24/21,HI
Cora'S,1711 EMA PLACE,Honolulu,,363-C,8088418596.0,TYPE I  ADULT RESIDENTIAL CARE HOME,CORAZON INGEL,5.0,AMBULATORY,6/24/21,HI
"Corpuz, Olivia",664-D WAINAKU AVENUE,Hilo,,958-C,8089613938.0,TYPE I  ADULT RESIDENTIAL CARE HOME,OLIVIA CORPUZ-SANTOS,2.0,FULLY AMBULATORY,6/24/21,HI
Cp Gallegos,1550 EPUKANE STREET,Honolulu,,1416-C,8084236262.0,TYPE I EXPANDED ADULT RESIDENTIAL CARE HOME,CATALINA GALLEGOS,5.0,AMBULATORY,6/24/21,HI
"Cua, Lilia",464 HEAHEA STREET,Hilo,,597-C,8089595432.0,TYPE I  ADULT RESIDENTIAL CARE HOME,LILIA CUA,5.0,AMBULATORY,6/24/21,HI
Cuaresma Arch,94-548 FARRINGTON HIGHWAY,Waipahu,,1061-C,8086767232.0,TYPE I  ADULT RESIDENTIAL CARE HOME,JULIA CUARESMA,5.0,AMBULATORY,6/24/21,HI
"Daguimol, Shirley",92-603 MALAHUNA LOOP,Makakilo,,688-C,8086825244.0,TYPE I  ADULT RESIDENTIAL CARE HOME,DAGUIMOL SHIRLEY,5.0,AMBULATORY,6/24/21,HI
"Daligcon, Norma",1586 LEHUA STREET,Honolulu,,1062-C,8088481542.0,TYPE I EXPANDED ADULT RESIDENTIAL CARE HOME,NORMA DALIGCON,5.0,AMBULATORY,6/24/21,HI
Daquip Care Home,87-132 PALANI STREET,Waianae,,1151-C,8086964462.0,TYPE I  ADULT RESIDENTIAL CARE HOME,EUNICE DAQUIP,5.0,AMBULATORY,6/24/21,HI
"De Vera, Loretta",94-865 MOKUAHI STREET,Waipahu,,783-C,8086715191.0,TYPE I  ADULT RESIDENTIAL CARE HOME,LORETTA DE VERA,5.0,AMBULATORY,6/24/21,HI
Debora'S,1773 PIIKEA STREET,Honolulu,,1323-C,8084225684.0,TYPE I EXPANDED ADULT RESIDENTIAL CARE HOME,CASTRO DEBORA,5.0,AMBULATORY,6/24/21,HI
"Deguzman, Lydia",94-293 KAHUALENA STREET,Waipahu,,499-C,8086760681.0,TYPE I  ADULT RESIDENTIAL CARE HOME,LYDIA DEGUZMAN,5.0,AMBULATORY,6/24/21,HI
Dignity Senior Living At Oceanside Hawaii,53-594 KAMEHAMEHA HIGHWAY,Hauula,,1528-C,8082931100.0,TYPE II EXPANDED ADULT RESIDENTIAL CARE HOME,ALBERT CHEN,26.0,AMBULATORY,6/24/21,HI
"Domingo, Maria-Theresa C.",98-1651 HOOMAIKE STREET,Pearl City,,1321-C,8084553365.0,TYPE I EXPANDED ADULT RESIDENTIAL CARE HOME,MARIA-THERESA DOMINGO,5.0,AMBULATORY,6/24/21,HI
Domingo'S Care Home,74-828 ULUA'OA STREET,Kailua-Kona,,1309-C,8083298203.0,TYPE I EXPANDED ADULT RESIDENTIAL CARE HOME,MYRNA DOMINGO,5.0,AMBULATORY,6/24/21,HI
"Downey, Norma",4038 SALT LAKE BOULEVARD,Honolulu,,862-C,8084237854.0,TYPE I  ADULT RESIDENTIAL CARE HOME,NORMA DOWNEY,4.0,FULLY AMBULATORY,6/24/21,HI
"Duldulao, Carina",417 EHEHENE PLACE,Hilo,,674-C,8089599996.0,TYPE I  ADULT RESIDENTIAL CARE HOME,CARINA DULDULAO,4.0,AMBULATORY,6/24/21,HI
D-Well Care Services,3443 LIKINI STREET,Honolulu,,1578-C,8083911433.0,TYPE I EXPANDED ADULT RESIDENTIAL CARE HOME,MARIA DINGLE,5.0,AMBULATORY,6/24/21,HI
E & J Adult Residential Care Home,74-797 ULUA'OA STREET,Kailua-Kona,,1442-C,8083341437.0,TYPE I EXPANDED ADULT RESIDENTIAL CARE HOME,EVANGELINE REYES,5.0,AMBULATORY,6/24/21,HI
E & R,3034 KALIHI STREET,Honolulu,,1185-C,8088426115.0,TYPE I EXPANDED ADULT RESIDENTIAL CARE HOME,REMEDIOS BRION,5.0,AMBULATORY,6/24/21,HI
E. F. Nicomedes,1271 KAELEKU STREET,Honolulu,,1219-C,8083956410.0,TYPE I EXPANDED ADULT RESIDENTIAL CARE HOME,EDNA NICOMEDES,5.0,AMBULATORY,6/24/21,HI
E. Mabini Arch,94-1083 KUHAULUA STREET,Waipahu,,1296-C,8086789549.0,TYPE I EXPANDED ADULT RESIDENTIAL CARE HOME,EDEN MABINI,5.0,AMBULATORY,6/24/21,HI
E. Ramos (Arch),98-063 PUAOLE PLACE,Aiea,,1086-C,8084880878.0,TYPE I  ADULT RESIDENTIAL CARE HOME,RAMOS ERLINDA,5.0,AMBULATORY,6/24/21,HI
Ed & Rose,94-1112 KAHUAILANI STREET,Waipahu,,1384-C,8086769336.0,TYPE I EXPANDED ADULT RESIDENTIAL CARE HOME,ROSALINDA RAMOS,5.0,AMBULATORY,6/24/21,HI
Eden Lei'S,94-1095 LUMIAINA STREET,Waipahu,,1405-C,8086777160.0,TYPE I EXPANDED ADULT RESIDENTIAL CARE HOME,EDITHA GALACGAC,5.0,AMBULATORY,6/24/21,HI
Edita Castro,201 KUHILANI STREET,Hilo,,1127-C,8089594976.0,TYPE I EXPANDED ADULT RESIDENTIAL CARE HOME,EDITA CASTRO,4.0,AMBULATORY,6/24/21,HI
"Editha Rogelio Tapat Arch, Llc",94-432 KIPOU STREET,Waipahu,,1486-C,8086717804.0,TYPE I EXPANDED ADULT RESIDENTIAL CARE HOME,EDITHA TAPAT,4.0,AMBULATORY,6/24/21,HI
Elisa Cabal,228 HOOKANO STREET,Hilo,,1326-C,8089812638.0,TYPE I EXPANDED ADULT RESIDENTIAL CARE HOME,ELISA CABAL,5.0,AMBULATORY,6/24/21,HI
"Ellazar, Estela",17-162 IPUAIWAHA STREET,Keaau,,653-C,8089669264.0,TYPE I EXPANDED ADULT RESIDENTIAL CARE HOME,ESTELLA ELLAZAR,5.0,AMBULATORY,6/24/21,HI
Emma-Rose Adult Residential Care Home,94-379 HAAA STREET,Waipahu,,1579-C,8086773015.0,TYPE I  ADULT RESIDENTIAL CARE HOME,BELMA UNAY,5.0,FULLY AMBULATORY,6/24/21,HI
"Emmy'S Care Home, Llc",94-382 KAHOLO STREET,Mililani,,1404-C,8083768019.0,TYPE I EXPANDED ADULT RESIDENTIAL CARE HOME,EMALYN ESTEBAN,5.0,AMBULATORY,6/24/21,HI
Erlinda'S,2020 UHU STREET,Honolulu,,1390-C,8088427886.0,TYPE I EXPANDED ADULT RESIDENTIAL CARE HOME,ERLINDA ISIDRO,4.0,AMBULATORY,6/24/21,HI
Espinoza'S,94-1273 KAHUANUI STREET,Waipahu,,1274-C,8086767313.0,TYPE I EXPANDED ADULT RESIDENTIAL CARE HOME,MARIA ESPINOZA,5.0,AMBULATORY,6/24/21,HI
Estabillo Adult Residential Care Home,92-691 PAAKAI STREET,Kapolei,,1588-C,8086821002.0,TYPE I EXPANDED ADULT RESIDENTIAL CARE HOME,MARY ANN ESTABILLO,5.0,AMBULATORY,6/24/21,HI
Esta'S,94-1110 HINAEA STREET,Waipahu,,598-C,8086773607.0,TYPE I EXPANDED ADULT RESIDENTIAL CARE HOME,ESTA LINA,5.0,AMBULATORY,6/24/21,HI
Estrelita Luczon,249-A ALA MALAMA AVENUE,Kaunakakai,,1027-C,8085533077.0,TYPE I  ADULT RESIDENTIAL CARE HOME,ESTRELITA LUCZON,5.0,FULLY AMBULATORY,6/24/21,HI
Evelyn Valdez,91-1129 KIWI STREET,Ewa Beach,,978-C,8086895997.0,TYPE I EXPANDED ADULT RESIDENTIAL CARE HOME,EVELYN VALDEZ,5.0,AMBULATORY,6/24/21,HI
Evelyn'S,94-824 KUMUKULA STREET,Waipahu,,1042-C,8086718725.0,TYPE I  ADULT RESIDENTIAL CARE HOME,EVELYN PACO,5.0,AMBULATORY,6/24/21,HI
"Fabia Arch-Ec, Llc",94-301 HILIHUA WAY,Waipahu,,641-C,8086716983.0,TYPE I EXPANDED ADULT RESIDENTIAL CARE HOME,NINFA FABIA,5.0,AMBULATORY,6/24/21,HI
Faith Harbor Adult Care,5229 LIWAI STREET,Honolulu,,1575-C,8083817880.0,TYPE I EXPANDED ADULT RESIDENTIAL CARE HOME,YELENA MUNZLINGER,5.0,AMBULATORY,6/24/21,HI
Fajotina E-Arch,94-438 HOAEAE STREET,Waipahu,,1209-C,8086767399.0,TYPE I EXPANDED ADULT RESIDENTIAL CARE HOME,LILIA FAJOTINA,5.0,AMBULATORY,6/24/21,HI
Family Ties,1103-A KAHAUIKI PLACE,Honolulu,,1377-C,8088411674.0,TYPE I EXPANDED ADULT RESIDENTIAL CARE HOME,MARY-ANN BALI,5.0,AMBULATORY,6/24/21,HI
Family Ties Adult Residential Care Home,1119 KAHAUIKI PLACE,Honolulu,,1481-C,8088438544.0,TYPE I EXPANDED ADULT RESIDENTIAL CARE HOME,FELIZARDO BALI,5.0,AMBULATORY,6/24/21,HI
"Felarca Care Home, Llc",4679 LIKINI STREET,Honolulu,,1570-C,8088335630.0,TYPE I EXPANDED ADULT RESIDENTIAL CARE HOME,DANIEL FELARCA,5.0,AMBULATORY,6/24/21,HI
Fely Irons' Adult Residential Care Home,2036 KOMO MAI DRIVE,Pearl City,,1497-C,8084557321.0,TYPE I  ADULT RESIDENTIAL CARE HOME,FELY IRONS,5.0,AMBULATORY,6/24/21,HI
"Fernandez, Carlina",137B HOKULANI STREET,Hilo,,522-C,8089645275.0,TYPE I EXPANDED ADULT RESIDENTIAL CARE HOME,CARLINA FERNANDEZ,5.0,AMBULATORY,6/24/21,HI
Fernando Care Home,94-1351 WAIPAHU STREET,Waipahu,,619-C,8086714912.0,TYPE I  ADULT RESIDENTIAL CARE HOME,PERLITA FERNANDO,4.0,AMBULATORY,6/24/21,HI
Ferrer,1701 ELUA STREET,Honolulu,,1307-C,8088459980.0,TYPE I EXPANDED ADULT RESIDENTIAL CARE HOME,ERLINDA FERRER,5.0,AMBULATORY,6/24/21,HI
Fidelibus Cottage,91-827 OAMA STREET,Ewa Beach,,1424-C,8086640947.0,TYPE I EXPANDED ADULT RESIDENTIAL CARE HOME,DHY-JEELEN FIDELIBUS,5.0,AMBULATORY,6/24/21,HI
"Fiesta, Floreliza C.",94-232 LEHOULA PLACE,Waipahu,,1273-C,8088887012.0,TYPE I EXPANDED ADULT RESIDENTIAL CARE HOME,FLORELIZA FIESTA,5.0,AMBULATORY,6/24/21,HI
Flojo Quality Affordable Care Home,1159 KUOKOA STREET,Pearl City,,1293-C,8084552853.0,TYPE I EXPANDED ADULT RESIDENTIAL CARE HOME,CECILE FLOJO,5.0,AMBULATORY,6/24/21,HI
"Fronda, Myrna",94-571 APII PLACE,Waipahu,,1013-C,8086767858.0,TYPE I EXPANDED ADULT RESIDENTIAL CARE HOME,MYRNA FRONDA,5.0,AMBULATORY,6/24/21,HI
Fuji Japan Care Home Llc,134 HOOPIHA PLACE,Wahiawa,,1573-C,8086225015.0,TYPE I EXPANDED ADULT RESIDENTIAL CARE HOME,CHIEKO RICCIO,5.0,AMBULATORY,6/24/21,HI
Furukawa Residential Retreat,47-008 OKANA PLACE,Kaneohe,,1462-C,8083862006.0,TYPE I  ADULT RESIDENTIAL CARE HOME,GLENN FURUKAWA,5.0,AMBULATORY,6/24/21,HI
G. Inocencio'S,1262 KOMOHANA STREET,Hilo,,1282-C,8089595962.0,TYPE I  ADULT RESIDENTIAL CARE HOME,GLORIA INOCENCIO,4.0,AMBULATORY,6/24/21,HI
Gabriel Care Home,94-1034 AWANANI STREET,Waipahu,,927-C,8086770123.0,TYPE I EXPANDED ADULT RESIDENTIAL CARE HOME,JULIET GABRIEL,5.0,AMBULATORY,6/24/21,HI
"Gabriel, Claire",27-358 ANDERTON CAMP ROAD,Papaikou,,962-C,8089645268.0,TYPE I  ADULT RESIDENTIAL CARE HOME,CLAIRE GABRIEL,4.0,AMBULATORY,6/24/21,HI
"Gacula, Jessie",55 AHONA PLACE,Hilo,,553-C,8089810250.0,TYPE I  ADULT RESIDENTIAL CARE HOME,JESSIE GACULA,5.0,AMBULATORY,6/24/21,HI
"Galamgam, Crescencia",94-1278 PEKE PLACE,Waipahu,,895-C,8086711847.0,TYPE I  ADULT RESIDENTIAL CARE HOME,CRESCENCIA GALAMGAM,4.0,FULLY AMBULATORY,6/24/21,HI
Galan'S Care Home,94-324 KIPOU STREET,Waipahu,,1109-C,8086718337.0,TYPE I EXPANDED ADULT RESIDENTIAL CARE HOME,JUANITA GALAN,5.0,AMBULATORY,6/24/21,HI
Galanto'S Arch,74-846 ULUAOA STREET,Kailua-Kona,,1228-C,8083262356.0,TYPE I EXPANDED ADULT RESIDENTIAL CARE HOME,ELSA GALANTO,5.0,AMBULATORY,6/24/21,HI
"Galario, Violeta",94-1440 HIAPO STREET,Waipahu,,878-C,8088887753.0,TYPE I  ADULT RESIDENTIAL CARE HOME,VIOLETA GALARIO,5.0,AMBULATORY,6/24/21,HI
Galario'S Care Home,94-929 KUAKAHI STREET,Waipahu,,617-C,8086775362.0,TYPE I EXPANDED ADULT RESIDENTIAL CARE HOME,ELENA GALARIO,5.0,AMBULATORY,6/24/21,HI
Gamiao Adult Residential Care Home #2,99-588 ULUNE STREET,Aiea,,1564-C,8084228018.0,TYPE I EXPANDED ADULT RESIDENTIAL CARE HOME,NAYDA GAMIAO,5.0,AMBULATORY,6/24/21,HI
"Gamiao, Nayda",3648 LIKINI STREET,Honolulu,,1316-C,8084228018.0,TYPE I EXPANDED ADULT RESIDENTIAL CARE HOME,NAYDA GAMIAO,5.0,AMBULATORY,6/24/21,HI
Garcia Care Home,99-568 HUAKANU STREET,Aiea,,971-C,8084863872.0,TYPE I  ADULT RESIDENTIAL CARE HOME,FE GARCIA,5.0,AMBULATORY,6/24/21,HI
Gaylord'S,1723 MALANAI STREET,Honolulu,,1381-C,8082277173.0,TYPE I EXPANDED ADULT RESIDENTIAL CARE HOME,WANNETTE GAYLORD,5.0,AMBULATORY,6/24/21,HI
Gaylord'S Ii,1110 KAIALIU STREET,Honolulu,,1417-C,8082277173.0,TYPE I EXPANDED ADULT RESIDENTIAL CARE HOME,WANNETTE GAYLORD,5.0,AMBULATORY,6/24/21,HI
Gaylord'S Iii,2508 COYNE STREET,Honolulu,,1492-C,8082277173.0,TYPE I EXPANDED ADULT RESIDENTIAL CARE HOME,WANNETTE GAYLORD,5.0,AMBULATORY,6/24/21,HI
Gaylord'S Iv,1116 KAIALIU STREET,Honolulu,,1586-C,8082277173.0,TYPE I EXPANDED ADULT RESIDENTIAL CARE HOME,WANNETTE GAYLORD,6.0,AMBULATORY,6/24/21,HI
Gelacio Care Home,1746 ALA AOLANI PLACE,Honolulu,,458-C,8088392520.0,TYPE I EXPANDED ADULT RESIDENTIAL CARE HOME,ZOSIMA GELACIO,5.0,AMBULATORY,6/24/21,HI
"Gloria V. Atmospera, Arch",3544 PAHOA AVENUE,Honolulu,,1202-C,8087348814.0,TYPE I EXPANDED ADULT RESIDENTIAL CARE HOME,GLORIA ATMOSPERA,5.0,AMBULATORY,6/24/21,HI
Golden Acres,45-525 DUNCAN DRIVE,Kaneohe,,1480-C,8082357525.0,TYPE I  ADULT RESIDENTIAL CARE HOME,MIGUEL PASCUAL,5.0,AMBULATORY,6/24/21,HI
Golden Age Health Care,94-1141 LUMIAUAU STREET,Waipahu,,1402-C,8086717760.0,TYPE I EXPANDED ADULT RESIDENTIAL CARE HOME,MARIETA PICARD,5.0,AMBULATORY,6/24/21,HI
Golden Island Arch,86-120 HOAHA STREET,Waianae,,1312-C,8086966507.0,TYPE I EXPANDED ADULT RESIDENTIAL CARE HOME,MARLYN ACURAM,5.0,AMBULATORY,6/24/21,HI
Golden Years Adult Residential Care Home,94-480 NIULII STREET,Waipahu,,1562-C,8086781275.0,TYPE I EXPANDED ADULT RESIDENTIAL CARE HOME,ELAINE VILORIA,4.0,AMBULATORY,6/24/21,HI
"Guerrero, Miriam",66 KAIWIKI ROAD,Hilo,,989-C,8088960761.0,TYPE I EXPANDED ADULT RESIDENTIAL CARE HOME,MIRIAM GUERRERO,5.0,FULLY AMBULATORY,6/24/21,HI
Gutierrez Arch Inc,3374-A MAUNALOA AVENUE,Honolulu,,1484-C,8083947402.0,TYPE I EXPANDED ADULT RESIDENTIAL CARE HOME,RUBY GUTIERREZ BRISTER,5.0,AMBULATORY,6/24/21,HI
Halawa Care Home Llc,99-626 HALAWA DRIVE,Aiea,,1532-C,8083728390.0,TYPE I EXPANDED ADULT RESIDENTIAL CARE HOME,MARITES COLLADO,5.0,AMBULATORY,6/24/21,HI
Hale Harmony,1631 OWAWA STREET,Honolulu,,1354-C,8083866493.0,TYPE I EXPANDED ADULT RESIDENTIAL CARE HOME,TINA DIAZ,5.0,AMBULATORY,6/24/21,HI
Hale Kuike,95 KAWANANAKOA PLACE,Honolulu,,1348-C,8085956770.0,TYPE II EXPANDED ADULT RESIDENTIAL CARE HOME,DOROTHY COLBY,26.0,AMBULATORY,6/24/21,HI
"Hale Ku'Ike Bayside, Llc",45-212 KANEOHE BAY DRIVE,Kaneohe,,1506-C,8082356770.0,TYPE II EXPANDED ADULT RESIDENTIAL CARE HOME,SCOTT GARDINER,28.0,AMBULATORY,6/24/21,HI
"Hale Kuike Pali, Llc",2627 PALI HIGHWAY,Honolulu,,1589-C,8085256770.0,TYPE II EXPANDED ADULT RESIDENTIAL CARE HOME,DAVID FITZGERALD,28.0,AMBULATORY,6/24/21,HI
Hale Lehua Carehome,984 ALA LEHUA STREET,Honolulu,,1523-C,8086742563.0,TYPE I  ADULT RESIDENTIAL CARE HOME,ROMEO VALDEZ,5.0,AMBULATORY,6/24/21,HI
Hale Lilikoi,1033 ALA LILIKOI STREET,Honolulu,,1597-C,8082232425.0,TYPE I  ADULT RESIDENTIAL CARE HOME,SOO YEON PHILLIPS,5.0,AMBULATORY,6/24/21,HI
Hale Malama,94-1088 FARRINGTON HIGHWAY,Waipahu,,1577-C,8082005841.0,TYPE I EXPANDED ADULT RESIDENTIAL CARE HOME,LETICIA DEXTER,5.0,AMBULATORY,6/24/21,HI
Hale Malamalama Mauka,246 MOOMUKU PLACE,Honolulu,,1535-C,8083960537.0,TYPE I  ADULT RESIDENTIAL CARE HOME,PAULINE FUKUMURA,5.0,AMBULATORY,6/24/21,HI
Hale Mohalu,3650 MAUNALEI AVENUE,Honolulu,,1477-C,8087338080.0,TYPE II EXPANDED ADULT RESIDENTIAL CARE HOME,"GLENN M. WASSERMAN, M.D., M.P.H.",14.0,AMBULATORY,6/24/21,HI
"Hale Nohea, L.L.C.",5071 MAUNALANI CIRCLE,Honolulu,,1439-C,8087344680.0,TYPE II EXPANDED ADULT RESIDENTIAL CARE HOME,PATRICIA MOSHER,8.0,FULLY AMBULATORY,6/24/21,HI
Hale O Meleana,2230 LILIHA STREET,Honolulu,,1618-C,8082658554.0,TYPE II ADULT RESIDENTIAL CARE HOME,ABBEY WEERASINGHE,110.0,AMBULATORY,6/24/21,HI
"Hale Olu Care Home, L.L.C.",1573 ALA LANI STREET,Honolulu,,1217-C,8082181098.0,TYPE I  ADULT RESIDENTIAL CARE HOME,SHARLENE ZAHARIS,2.0,FULLY AMBULATORY,6/24/21,HI
Hanami Care Home Kailua,316 A KALAMA STREET,Kailua,,1608-C,8084623480.0,TYPE I  ADULT RESIDENTIAL CARE HOME,WON JOO,5.0,FULLY AMBULATORY,6/24/21,HI
Haven Arch,4475 LUA'OLE STREET,Honolulu,,1275-C,8084882048.0,TYPE I EXPANDED ADULT RESIDENTIAL CARE HOME,RAQUEL ABUAN,4.0,AMBULATORY,6/24/21,HI
Hawaii Kai Arch,308 KULIOUOU ROAD,Honolulu,,1482-C,8083964195.0,TYPE I EXPANDED ADULT RESIDENTIAL CARE HOME,BELARMINA ROL,5.0,AMBULATORY,6/24/21,HI
Hawaii Loa Care Services Llc,272 PANIO STREET,Honolulu,,1609-C,8087413240.0,TYPE I EXPANDED ADULT RESIDENTIAL CARE HOME,SUSAN HALVORSEN,5.0,FULLY AMBULATORY,6/24/21,HI
Heart To Heart Care Home,94-384 ANA LANE,Waipahu,,1544-C,8086360904.0,TYPE I  ADULT RESIDENTIAL CARE HOME,TRACY LOCKHART,5.0,AMBULATORY,6/24/21,HI
Helen Y. Agbayani,1328 KAMEHAMEHA IV ROAD,Honolulu,,1345-C,8088438203.0,TYPE I EXPANDED ADULT RESIDENTIAL CARE HOME,HELEN AGBAYANI,5.0,AMBULATORY,6/24/21,HI
Hermelina Apuya,92-761 PAAKAI STREET,Kapolei,,1153-C,8086820642.0,TYPE I EXPANDED ADULT RESIDENTIAL CARE HOME,HERMELINA APUYA,5.0,AMBULATORY,6/24/21,HI
Hernani T. Valenzuela Aguilar Arch/Ec-Arch,98-864 KAAMILO STREET,Aiea,,1530-C,8084869243.0,TYPE I EXPANDED ADULT RESIDENTIAL CARE HOME,HERNANI VALENZUELA AGUILAR,4.0,AMBULATORY,6/24/21,HI
"Hokulaki Senior Living, L.L.C.",45-217A WILLIAM HENRY ROAD,Kaneohe,,1471-C,8082358388.0,TYPE II EXPANDED ADULT RESIDENTIAL CARE HOME,MYRIAM TABANIAG,8.0,AMBULATORY,6/24/21,HI
Holy Family Arch I,47-410 AHUIMANU ROAD,Kaneohe,,472-C,8082397993.0,TYPE I EXPANDED ADULT RESIDENTIAL CARE HOME,VIRGINIA GUILLERMO,5.0,AMBULATORY,6/24/21,HI
Holy Family Ii,47-410 AHUIMANU ROAD,Kaneohe,,538-C,8082397993.0,TYPE II EXPANDED ADULT RESIDENTIAL CARE HOME,VIRGINIA GUILLERMO,40.0,AMBULATORY,6/24/21,HI
Home Away From Home,1321A PALOLO AVENUE,Honolulu,,1278-C,8087390640.0,TYPE I  ADULT RESIDENTIAL CARE HOME,EMA ARELLIANO,5.0,FULLY AMBULATORY,6/24/21,HI
Home Away From Home Ii Corporation,1321 A PALOLO AVENUE,Honolulu,,1549-C,8083123937.0,TYPE I  ADULT RESIDENTIAL CARE HOME,EMA ARELLIANO,5.0,AMBULATORY,6/24/21,HI
Honesty,775 ANALIO STREET,Wailuku,,1236-C,8089860008.0,TYPE I  ADULT RESIDENTIAL CARE HOME,ZENAIDA VALDEZ,5.0,AMBULATORY,6/24/21,HI
Hoomaluhia Arch,45-672 LULUKU ROAD,Kaneohe,,1629-C,,TYPE I EXPANDED ADULT RESIDENTIAL CARE HOME,JOSEPHINE LESA,5.0,,6/24/21,HI
Ho'Onani Care Home,65-1267B LINDSEY ROAD,Kamuela,,1538-C,8088966417.0,TYPE I  ADULT RESIDENTIAL CARE HOME,KARYN CLAY,5.0,AMBULATORY,6/24/21,HI
House Of Aloha,86-569 PAHEEHEE ROAD,Waianae,,1512-C,8086963021.0,TYPE I  ADULT RESIDENTIAL CARE HOME,"SISTER LORLENE PANALIGAN, O.P.",5.0,AMBULATORY,6/24/21,HI
"Huapala Senior Care A, Llc",2649 A HUAPALA STREET,Honolulu,,1526-C,8089887505.0,TYPE II EXPANDED ADULT RESIDENTIAL CARE HOME,PAUL DOLD,8.0,AMBULATORY,6/24/21,HI
"Huapala Senior Care B, Llc",2649 B HUAPALA STREET,Honolulu,,1527-C,8089887394.0,TYPE II EXPANDED ADULT RESIDENTIAL CARE HOME,PAUL DOLD,8.0,AMBULATORY,6/24/21,HI
"Huapala Senior Care C, Llc",2649 C HUAPALA STREET,Honolulu,,1534-C,8089887505.0,TYPE II EXPANDED ADULT RESIDENTIAL CARE HOME,PAUL DOLD,8.0,AMBULATORY,6/24/21,HI
"Huapala Senior Care D, Llc",2649 D HUAPALA STREET,Honolulu,,1536-C,8089887505.0,TYPE II EXPANDED ADULT RESIDENTIAL CARE HOME,PAUL DOLD,8.0,AMBULATORY,6/24/21,HI
"Ilar, Emelyn",1712 KEONE STREET,Hilo,,1123-C,8089591247.0,TYPE I EXPANDED ADULT RESIDENTIAL CARE HOME,EMELYN ILAR,5.0,AMBULATORY,6/24/21,HI
Imelda  G. Arreola,87-164 KAUKAMANA STREET,Waianae,,1224-C,8083580746.0,TYPE I EXPANDED ADULT RESIDENTIAL CARE HOME,IMELDA ARREOLA,5.0,AMBULATORY,6/24/21,HI
Indel'S,58-109 KAUNALA STREET,Haleiwa,,1016-C,8087229159.0,TYPE I EXPANDED ADULT RESIDENTIAL CARE HOME,INDELICIA BRILLANTE,4.0,AMBULATORY,6/24/21,HI
"Inocencio, Patricia",1423 MAILANI STREET,Hilo,,1043-C,8089594530.0,TYPE I  ADULT RESIDENTIAL CARE HOME,PATRICIA INOCENCIO,5.0,AMBULATORY,6/24/21,HI
Irene Della Adult Residential Care Home,189 MAIKA STREET,Wailuku,,1518-C,8082984703.0,TYPE I  ADULT RESIDENTIAL CARE HOME,IRENE DELLA,4.0,AMBULATORY,6/24/21,HI
Irenea B. Alipio,733 ILUNA PLACE,Kahului,,1318-C,8088729770.0,TYPE I  ADULT RESIDENTIAL CARE HOME,IRENEA ALIPIO,3.0,AMBULATORY,6/24/21,HI
Island Care Home Llc,151 CHONG STREET,Hilo,,1632-C,8083158078.0,TYPE I EXPANDED ADULT RESIDENTIAL CARE HOME,HESTIA YI LEE,5.0,,6/24/21,HI
Island Living Ii Arch/Earch,92-1238 UMENA STREET,Kapolei,,1446-C,8086727952.0,TYPE I EXPANDED ADULT RESIDENTIAL CARE HOME,NARCISA JATICO,5.0,AMBULATORY,6/24/21,HI
Island Ohana Care,3846 NOEAU STREET,Honolulu,,1600-C,8087375102.0,TYPE I  ADULT RESIDENTIAL CARE HOME,NINAN BARNES,5.0,AMBULATORY,6/24/21,HI
Island Promise Arch,4330 LAAKEA STREET,Honolulu,,1615-C,8084280990.0,TYPE I  EXPANDED ADULT RESIDENTIAL CARE HOME,ANITA FELIPE,5.0,AMBULATORY,6/24/21,HI
Island Promise Arch Ii,1177 KUKILA STREET,Honolulu,,1627-C,,TYPE I EXPANDED ADULT RESIDENTIAL CARE HOME,ANITA FELIPE,5.0,,6/24/21,HI
J & A,45-349 KENELA STREET,Kaneohe,,1357-C,8082341580.0,TYPE I EXPANDED ADULT RESIDENTIAL CARE HOME,SUSAN BONDOC,5.0,AMBULATORY,6/24/21,HI
J & J,94-276 PUPUKOAE STREET,Waipahu,,1112-C,8086767027.0,TYPE I EXPANDED ADULT RESIDENTIAL CARE HOME,FLORA CADIZ,5.0,AMBULATORY,6/24/21,HI
J. Quinabo Arch #1,1553 KAWELOKA STREET,Pearl City,,1391-C,8084564190.0,TYPE I EXPANDED ADULT RESIDENTIAL CARE HOME,"J. QUINABO CARE HOME, LLC",5.0,AMBULATORY,6/24/21,HI
J.B.M. Arch,94-1282 HIAPAIOLE PLACE,Waipahu,,1448-C,8086770474.0,TYPE I EXPANDED ADULT RESIDENTIAL CARE HOME,JANETTE MENDOZA,5.0,FULLY AMBULATORY,6/24/21,HI
J.C.,203 AWA PLACE,Kihei,,1074-C,8088794827.0,TYPE I EXPANDED ADULT RESIDENTIAL CARE HOME,CATALINA GARCIA,5.0,AMBULATORY,6/24/21,HI
Jai Adult Residential Care Home,1719 PERRY STREET,Honolulu,,1561-C,8087620524.0,TYPE I EXPANDED ADULT RESIDENTIAL CARE HOME,JENNIFER IBANA,5.0,FULLY AMBULATORY,6/24/21,HI
Jaja Arch,1459 KALEILANI STREET,Pearl City,,1305-C,8086641988.0,TYPE I  ADULT RESIDENTIAL CARE HOME,AGNES TABANGCURA,5.0,AMBULATORY,6/24/21,HI
"Jamandre, Evangeline G.",2030 UHU STREET,Honolulu,,1331-C,8088426597.0,TYPE I EXPANDED ADULT RESIDENTIAL CARE HOME,EVANGELINE JAMANDRE,5.0,AMBULATORY,6/24/21,HI
Jerez Care Home,24 PUUKANI STREET,Kahului,,1271-C,8088717881.0,TYPE I  ADULT RESIDENTIAL CARE HOME,LEONORA JEREZ,5.0,AMBULATORY,6/24/21,HI
Jesusa Quinabo Arch #Ii,1805 HOOKUPA STREET,Pearl City,,1113-C,8084569375.0,TYPE I EXPANDED ADULT RESIDENTIAL CARE HOME,JESUSA QUINABO,5.0,AMBULATORY,6/24/21,HI
Jml,92-560 PILIPONO STREET,Kapolei,,1281-C,8086723406.0,TYPE I EXPANDED ADULT RESIDENTIAL CARE HOME,MERLYNE LIM,4.0,AMBULATORY,6/24/21,HI
Josephine Cabal,2322 AWAPUHI STREET,Hilo,,1317-C,8089810058.0,TYPE I EXPANDED ADULT RESIDENTIAL CARE HOME,JOSEPHINE CABAL,5.0,AMBULATORY,6/24/21,HI
Josie'S Ohana,1388 HALOA DRIVE,Honolulu,,1225-C,8084224323.0,TYPE I EXPANDED ADULT RESIDENTIAL CARE HOME,JOSEFINA RODRIGUES,5.0,AMBULATORY,6/24/21,HI
Joy S. Alconcel,339-A ELELUPE ROAD,Honolulu,,1144-C,8083962283.0,TYPE I EXPANDED ADULT RESIDENTIAL CARE HOME,JOCELYN ALCONCEL,5.0,AMBULATORY,6/24/21,HI
Jrr Arch,94-564 ANAAINA PLACE,Waipahu,,1259-C,8086770245.0,TYPE I EXPANDED ADULT RESIDENTIAL CARE HOME,JEAN RAMIRO,5.0,AMBULATORY,6/24/21,HI
Juanita'S,1902 PALAMOI STREET,Pearl City,,537-C,8084551175.0,TYPE I EXPANDED ADULT RESIDENTIAL CARE HOME,JUANITA FAJARDO,5.0,AMBULATORY,6/24/21,HI
Judy'S,934 ANOHEA WAY,Wailuku,,683-C,8082448194.0,TYPE I  ADULT RESIDENTIAL CARE HOME,JUDITA DAGDAG,4.0,AMBULATORY,6/24/21,HI
"Julian, Clarita",2364 HAUMANA PLACE,Honolulu,,762-C,8088416783.0,TYPE I  ADULT RESIDENTIAL CARE HOME,CLARITA JULIAN,4.0,AMBULATORY,6/24/21,HI
"Justo, Charing",28-2865 KUKUIKEA PLACE,Pepeekeo,,1006-C,8089645445.0,TYPE I  ADULT RESIDENTIAL CARE HOME,CHARING JUSTO,4.0,AMBULATORY,6/24/21,HI
Ka Malama Home Ii,45-332 KA HANAHOU CIRCLE,Kaneohe,,1378-C,8082345555.0,TYPE I EXPANDED ADULT RESIDENTIAL CARE HOME,HELEN ELIZALDE,5.0,AMBULATORY,6/24/21,HI
Kaamilo Hale Llc,944 MAIHA CIRCLE,Pearl City,,1472-C,8087448136.0,TYPE II EXPANDED ADULT RESIDENTIAL CARE HOME,CAROL FARDAL,8.0,AMBULATORY,6/24/21,HI
Kahuanani Hale,94-284 KAHUANANI PLACE,Waipahu,,1587-C,8087443420.0,TYPE I  ADULT RESIDENTIAL CARE HOME,KANANI STONE,5.0,AMBULATORY,6/24/21,HI
Kailua Ohana,1346 AKAMAI STREET,Kailua,,1300-C,8082308131.0,TYPE I EXPANDED ADULT RESIDENTIAL CARE HOME,EDNA LOMBOY,5.0,AMBULATORY,6/24/21,HI
Kaimuki Home Llc,1021 17TH AVENUE,Honolulu,,1568-C,8087377415.0,TYPE I  ADULT RESIDENTIAL CARE HOME,"MINGSANG LIN, M.D.",5.0,AMBULATORY,6/24/21,HI
"Kaimuki Senior Care, L.L.C. (918)",918 12TH AVENUE,Honolulu,,1349-C,8084400560.0,TYPE II EXPANDED ADULT RESIDENTIAL CARE HOME,PAUL DOLD,8.0,AMBULATORY,6/24/21,HI
"Kaimuki Senior Care, L.L.C. (930)",930 12TH AVENUE,Honolulu,,1358-C,8084400560.0,TYPE II EXPANDED ADULT RESIDENTIAL CARE HOME,PAUL DOLD,8.0,AMBULATORY,6/24/21,HI
Kalaupapa Care Home,814 DAMIEN ROAD,Kalaupapa,,1478-C,8085676938.0,TYPE I EXPANDED ADULT RESIDENTIAL CARE HOME,"GLENN M. WASSERMAN, M.D., M.P.H.",5.0,AMBULATORY,6/24/21,HI
Karen R. Yamashita,99-701 KEALALUINA DRIVE,Aiea,,1612-C,8084287388.0,TYPE I  ADULT RESIDENTIAL CARE HOME,KAREN YAMASHITA,5.0,AMBULATORY,6/24/21,HI
"Khrist  Emmanuel Care Home, Llc",94-1178 HINA STREET,Waipahu,,1137-C,8086718607.0,TYPE I EXPANDED ADULT RESIDENTIAL CARE HOME,ANITA PERALTA,4.0,AMBULATORY,6/24/21,HI
"Kina 'Ole Estate Ekolu, Llc",45-225 WILLIAM HENRY ROAD,Kaneohe,,1495-C,8082364451.0,TYPE II EXPANDED ADULT RESIDENTIAL CARE HOME,ELIZABETH SLAVENS,8.0,AMBULATORY,6/24/21,HI
"Kina 'Ole Estate Elima, Llc",1368 KULOAA PLACE,Kailua,,1379-C,8082334455.0,TYPE II EXPANDED ADULT RESIDENTIAL CARE HOME,ELIZABETH SLAVENS,8.0,AMBULATORY,6/24/21,HI
"Kina 'Ole Estate Elua, Llc",45-225 WILLIAM HENRY ROAD,Kaneohe,,1430-C,8082334455.0,TYPE II EXPANDED ADULT RESIDENTIAL CARE HOME,ELIZABETH SLAVENS,8.0,AMBULATORY,6/24/21,HI
"Kina 'Ole Estate, Llc",45-225 WILLIAM HENRY ROAD,Kaneohe,,1327-C,8082334455.0,TYPE II EXPANDED ADULT RESIDENTIAL CARE HOME,ELIZABETH SLAVENS,8.0,AMBULATORY,6/24/21,HI
Knight'S Victoria House,268 PANIO STREET,Honolulu,,1555-C,8083737437.0,TYPE I EXPANDED ADULT RESIDENTIAL CARE HOME,MAEANN ARCIAGA,5.0,AMBULATORY,6/24/21,HI
Kokua Gardens,340-B KAWAINUI STREET,Kailua,,1350-C,8082635624.0,TYPE I EXPANDED ADULT RESIDENTIAL CARE HOME,LYNDON ODRUNIA,5.0,AMBULATORY,6/24/21,HI
Korean Care Home,525 KIAPU PLACE,Honolulu,,105-C,8085333157.0,TYPE II ADULT RESIDENTIAL CARE HOME,SAM SIL YUN CANNON,31.0,AMBULATORY,6/24/21,HI
Kuakini Home,347 N. KUAKINI STREET,Honolulu,,106-C,8085479208.0,TYPE II ADULT RESIDENTIAL CARE HOME,WILLIAM OSHIMA,34.0,AMBULATORY,6/24/21,HI
"Lanihale, Inc.",187 NENUE STREET,Honolulu,,1566-C,8083894194.0,TYPE I  ADULT RESIDENTIAL CARE HOME,LANI MOORE,5.0,AMBULATORY,6/24/21,HI
Laniolu Hale Llc,1261 LUNALILO HOME ROAD,Honolulu,,1410-C,8083940770.0,TYPE I  ADULT RESIDENTIAL CARE HOME,ANTHONY DEFIESTA,5.0,AMBULATORY,6/24/21,HI
Laulima Hale,1010C WANAKA STREET,Honolulu,,1581-C,8083044876.0,TYPE I  ADULT RESIDENTIAL CARE HOME,DARRELL AGUINALDO,5.0,AMBULATORY,6/24/21,HI
Lavigne-Namoca Care Home,98-609 KAAMILO STREET,Aiea,,1277-C,8084850133.0,TYPE I  ADULT RESIDENTIAL CARE HOME,ANN LAVIGNE-NAMOCA,5.0,AMBULATORY,6/24/21,HI
"Leano, Glenda",94-945 KUHAULUA STREET,Waipahu,,331-C,8086770262.0,TYPE I  ADULT RESIDENTIAL CARE HOME,GLENDA LEANO,5.0,AMBULATORY,6/24/21,HI
Leila'S Care Home Llc,1467 HALOA DRIVE,Honolulu,,1565-C,8084220686.0,TYPE I EXPANDED ADULT RESIDENTIAL CARE HOME,JOSEPHINE CABALO,5.0,AMBULATORY,6/24/21,HI
Leticia'S Care Home,1375 ALA HOKU PLACE,Honolulu,,490-C,8083671364.0,TYPE I  ADULT RESIDENTIAL CARE HOME,TESSIE FERNANDO,5.0,FULLY AMBULATORY,6/24/21,HI
Lettie'S,739-D N. JUDD STREET,Honolulu,,333-C,8085372622.0,TYPE I  ADULT RESIDENTIAL CARE HOME,LETICIA TESORO,5.0,AMBULATORY,6/24/21,HI
Lilibeth Badua E-Arch,4318 LAAKEA STREET,Honolulu,,1594-C,8087440648.0,TYPE I EXPANDED ADULT RESIDENTIAL CARE HOME,LILIBETH BADUA,5.0,AMBULATORY,6/24/21,HI
Lita Soria,94-346 HENE STREET,Waipahu,,1160-C,8086772174.0,TYPE I EXPANDED ADULT RESIDENTIAL CARE HOME,ANGELITA SORIA,5.0,AMBULATORY,6/24/21,HI
Living Manoa Gardens,2385 BECKWITH STREET,Honolulu,,1531-C,8087798871.0,TYPE II EXPANDED ADULT RESIDENTIAL CARE HOME,TODD PANG,8.0,AMBULATORY,6/24/21,HI
Lolita Suga,94-414 HIANAKIU STREET,Waipahu,,460-C,8087292113.0,TYPE I EXPANDED ADULT RESIDENTIAL CARE HOME,LOLITA SUGA,1.0,AMBULATORY,6/24/21,HI
"Lorenzo Care Home, Llc",98-1591 HOOMAIKE STREET,Pearl City,,1347-C,8084568878.0,TYPE I EXPANDED ADULT RESIDENTIAL CARE HOME,CATHERINE LORENZO,5.0,AMBULATORY,6/24/21,HI
Loretta G. Domingo,1419 ALA LELEU STREET,Honolulu,,1435-C,8088393091.0,TYPE I EXPANDED ADULT RESIDENTIAL CARE HOME,LORETTA DOMINGO,3.0,AMBULATORY,6/24/21,HI
Lory'S,94-1492 WAIPAHU STREET,Waipahu,,1406-C,8082301903.0,TYPE I EXPANDED ADULT RESIDENTIAL CARE HOME,LORENZA PAREL,5.0,AMBULATORY,6/24/21,HI
Lota Bumanglag,94-366 KAHUANANI STREET,Waipahu,,1220-C,8086781967.0,TYPE I  ADULT RESIDENTIAL CARE HOME,LOTA BUMANGLAG,5.0,AMBULATORY,6/24/21,HI
Loumaile Cottage,1118 KAILI STREET,Honolulu,,1539-C,8086994899.0,TYPE I EXPANDED ADULT RESIDENTIAL CARE HOME,MAILE DRAKE,3.0,AMBULATORY,6/24/21,HI
Lunalilo Home,501 KEKAULUOHI STREET,Honolulu,,1295-C,8083951000.0,TYPE II EXPANDED ADULT RESIDENTIAL CARE HOME,"DIANE PALOMA, PH.D., CEO",42.0,AMBULATORY,6/24/21,HI
Lusitana,1925 LUSITANA STREET,Honolulu,,1409-C,8085458641.0,TYPE I EXPANDED ADULT RESIDENTIAL CARE HOME,CAROLYN DE GUZMAN,5.0,AMBULATORY,6/24/21,HI
Lydia Quemado,94-1292 HUAKAI STREET,Waipahu,,573-C,8085174799.0,TYPE I  ADULT RESIDENTIAL CARE HOME,LYDIA QUEMADO,3.0,AMBULATORY,6/24/21,HI
Macrina Castillo,1789 PIIKEA STREET,Honolulu,,516-C,8084225376.0,TYPE I EXPANDED ADULT RESIDENTIAL CARE HOME,MARINA CASTILLO,5.0,AMBULATORY,6/24/21,HI
Maestro Care Home,613 HOOHALE STREET,Pearl City,,1537-C,8087414065.0,TYPE I  ADULT RESIDENTIAL CARE HOME,AMALIA MAESTRO,4.0,AMBULATORY,6/24/21,HI
"Magaoay, Shirley",1529 LEILANI STREET,Honolulu,,919-C,8088411448.0,TYPE I  ADULT RESIDENTIAL CARE HOME,SHIRLEY MAGAOAY,5.0,AMBULATORY,6/24/21,HI
"Magsanide'S Care Home, L.L.C.",1439 MIDDLE STREET,Honolulu,,1459-C,8088421676.0,TYPE I EXPANDED ADULT RESIDENTIAL CARE HOME,EDITHA MAGSANIDE,5.0,AMBULATORY,6/24/21,HI
Makiki Valley Care Home,2041 KEEAUMOKU STREET,Honolulu,,1574-C,8083842300.0,TYPE I  ADULT RESIDENTIAL CARE HOME,GREGORY HONBO,5.0,AMBULATORY,6/24/21,HI
Malamaimua Care Home Llc,47-508 HAANOPU WAY,Kaneohe,,1614-C,8082843064.0,TYPE I EXPANDED ADULT RESIDENTIAL CARE HOME,FRANKLIN VALIENTE,5.0,FULLY AMBULATORY,6/24/21,HI
Manayan'S Arch-Ec-Llc,1319 GULICK AVENUE,Honolulu,,1286-C,8088487730.0,TYPE I EXPANDED ADULT RESIDENTIAL CARE HOME,FLORENCE MANAYAN,5.0,AMBULATORY,6/24/21,HI
Manoa Cottage,2035 KAMEHAMEHA AVENUE,Honolulu,,1279-C,8089438767.0,TYPE II EXPANDED ADULT RESIDENTIAL CARE HOME,SANDRA SHIM,8.0,FULLY AMBULATORY,6/24/21,HI
Manoa Cottage Too,2035 KAMEHAMEHA AVENUE,Honolulu,,1356-C,8089438767.0,TYPE II EXPANDED ADULT RESIDENTIAL CARE HOME,SANDRA SHIM,8.0,AMBULATORY,6/24/21,HI
Manoa Cottage Tree,2035 KAMEHAMEHA AVENUE,Honolulu,,1433-C,8089438767.0,TYPE II EXPANDED ADULT RESIDENTIAL CARE HOME,SANDRA SHIM,8.0,AMBULATORY,6/24/21,HI
"Manoa Elder Care, L.L.C.",2870 OAHU AVENUE,Honolulu,,1299-C,8084400560.0,TYPE II EXPANDED ADULT RESIDENTIAL CARE HOME,PAUL DOLD,8.0,AMBULATORY,6/24/21,HI
Manoa Senior Care A,2250 OAHU AVENUE,Honolulu,,1253-C,8084400560.0,TYPE II EXPANDED ADULT RESIDENTIAL CARE HOME,PAUL DOLD,8.0,AMBULATORY,6/24/21,HI
Manoa Senior Care B,2240 OAHU AVENUE,Honolulu,,1262-C,8084400560.0,TYPE II EXPANDED ADULT RESIDENTIAL CARE HOME,PAUL DOLD,8.0,AMBULATORY,6/24/21,HI
"Manoa Senior Care, L.L.C.",2872 OAHU AVENUE,Honolulu,,1292-C,8084400560.0,TYPE II EXPANDED ADULT RESIDENTIAL CARE HOME,PAUL DOLD,8.0,AMBULATORY,6/24/21,HI
Manoa Senior Living,3147 KAHIWA PLACE,Honolulu,,1582-C,8082005665.0,TYPE I  ADULT RESIDENTIAL CARE HOME,LAURA JACKSON,2.0,FULLY AMBULATORY,6/24/21,HI
Margee'S Care Home Llc,1547 HALOA DRIVE,Honolulu,,1596-C,8085976280.0,TYPE I  ADULT RESIDENTIAL CARE HOME,MARJORIE  RACPAN,3.0,FULLY AMBULATORY,6/24/21,HI
Maria Norma Jacinto Arch-Ec,94-332 KIPOU PLACE,Waipahu,,1263-C,8086807851.0,TYPE I EXPANDED ADULT RESIDENTIAL CARE HOME,MARIA JACINTO,5.0,AMBULATORY,6/24/21,HI
"Mariano, Gloria",1614 MERKLE STTREET,Honolulu,,1000-C,8088458436.0,TYPE I  ADULT RESIDENTIAL CARE HOME,GLORIA MARIANO,5.0,AMBULATORY,6/24/21,HI
"Marie Malunao, Llc","98-801 AHIKOE STREET, SUITE B",Kapolei,,1599-C,8084899612.0,TYPE I  ADULT RESIDENTIAL CARE HOME,MARIE MALUNAO,4.0,AMBULATORY,6/24/21,HI
Marie Viduya,94-1177 HALELEHUA STREET,Waipahu,,650-C,8086717662.0,TYPE I  ADULT RESIDENTIAL CARE HOME,ROSE MARIE VIDUYA,5.0,AMBULATORY,6/24/21,HI
Marina Manuel Care Home,94-1035 LUMIKULA STREET,Waipahu,,561-C,8086718817.0,TYPE I EXPANDED ADULT RESIDENTIAL CARE HOME,MARINA MANUEL,5.0,AMBULATORY,6/24/21,HI
"Marquez, Luz",94-908 KUMUAO STREET,Waipahu,,467-C,8086770932.0,TYPE I EXPANDED ADULT RESIDENTIAL CARE HOME,LUZ MARQUEZ,5.0,AMBULATORY,6/24/21,HI
"Marrhey Care Home, Llc",94-211 LOAA STREET,Waipahu,,1091-C,8086710069.0,TYPE I EXPANDED ADULT RESIDENTIAL CARE HOME,"MARRHEY CARE HOME, LLC",3.0,AMBULATORY,6/24/21,HI
Martha'S,516 IHE STREET,Honolulu,,1359-C,8085216181.0,TYPE I  ADULT RESIDENTIAL CARE HOME,MAATA TAUMALOLO,4.0,FULLY AMBULATORY,6/24/21,HI
Martin Obaldo,94-572 APII PLACE,Waipahu,,1168-C,8086765384.0,TYPE I  ADULT RESIDENTIAL CARE HOME,MARTIN OBALDO,3.0,AMBULATORY,6/24/21,HI
Mary Ann'S,745 PUU KALA STREET,Pearl City,,1249-C,8084563138.0,TYPE I EXPANDED ADULT RESIDENTIAL CARE HOME,MARY ANN FORD,5.0,AMBULATORY,6/24/21,HI
Mary Arch,94-231 MOENA PLACE,,,1630-C,,TYPE I EXPANDED ADULT RESIDENTIAL CARE HOME,MARITES FAILMA,3.0,,6/24/21,HI
"Mary'S Peaceful Haven, Llc",2777 KALIHI STREET,Honolulu,,1604-C,8088471070.0,TYPE I  ADULT RESIDENTIAL CARE HOME,MARIVIC PALTING,5.0,FULLY AMBULATORY,6/24/21,HI
"Medy'S Arch I, Inc.",1447 ALA LELEU STREET,Honolulu,,701-C,8088330919.0,TYPE I EXPANDED ADULT RESIDENTIAL CARE HOME,MEDIATRIX DE LARA,5.0,AMBULATORY,6/24/21,HI
Medy'S Arch Ii,1447 ALA PILI LOOP,Honolulu,,1502-C,8088330919.0,TYPE I EXPANDED ADULT RESIDENTIAL CARE HOME,MEDIATRIX DE LARA,5.0,AMBULATORY,6/24/21,HI
Mely Mueller,94-949 LUMILOKE STREET,Waipahu,,1140-C,8086779089.0,TYPE I  ADULT RESIDENTIAL CARE HOME,MELY BALLOCANAG,4.0,AMBULATORY,6/24/21,HI
Michelle Cacayorin Adult Residential Care Home,94-109 PALAI PLACE,Waipahu,,1584-C,8087442529.0,TYPE I EXPANDED ADULT RESIDENTIAL CARE HOME,MICHELLE CACAYORIN,4.0,AMBULATORY,6/24/21,HI
Mildred'S,94-1273 PEKE PLACE,Waipahu,,1290-C,8086713752.0,TYPE I EXPANDED ADULT RESIDENTIAL CARE HOME,MILDRED BUMANGLAG,5.0,AMBULATORY,6/24/21,HI
Mililani Care Home Llc,95-117 WAIKALANI DRIVE,Mililani,,1558-C,8082921603.0,TYPE I EXPANDED ADULT RESIDENTIAL CARE HOME,SONIA GALVEZ,5.0,AMBULATORY,6/24/21,HI
Miva Arch,87-158 KAUKAMANA STREET,Waianae,,1339-C,8083580746.0,TYPE I EXPANDED ADULT RESIDENTIAL CARE HOME,IMELDA ARREOLA,5.0,AMBULATORY,6/24/21,HI
Mjb,4221 LIKINI STREET,Honolulu,,1427-C,8085172114.0,TYPE I EXPANDED ADULT RESIDENTIAL CARE HOME,MICHELLE BARRANCO,5.0,AMBULATORY,6/24/21,HI
Mona Liza,94-455 KAHUALENA STREET,Waipahu,,535-C,8086770524.0,TYPE I  ADULT RESIDENTIAL CARE HOME,PRESENTACION VALENTIN,4.0,AMBULATORY,6/24/21,HI
Monegas Care Home And Expanded Arch,94-913 KUHAULUA STREET,Waipahu,,1055-C,8086800636.0,TYPE I EXPANDED ADULT RESIDENTIAL CARE HOME,BRENDA MONEGAS,5.0,AMBULATORY,6/24/21,HI
Morning Glory Care Home,91-1531 KEONEKAPU STREET,Ewa Beach,,1617-C,8086854926.0,TYPE I  ADULT RESIDENTIAL CARE HOME,DEBBIE OSORIO,4.0,FULLY AMBULATORY,6/24/21,HI
Mother & Daughter,94-369 APOWALE STREET,Waipahu,,1211-C,8086768893.0,TYPE I  ADULT RESIDENTIAL CARE HOME,RAYNILDA GUTING,5.0,AMBULATORY,6/24/21,HI
Msi Arch/Expanded Arch,99-603 ALIA PLACE,Aiea,,1445-C,8084872893.0,TYPE I EXPANDED ADULT RESIDENTIAL CARE HOME,MARCELO IBERA,5.0,AMBULATORY,6/24/21,HI
My Kind Heart,98-034 KULEANA PLACE,Pearl City,,1610-C,8084921446.0,TYPE I  ADULT RESIDENTIAL CARE HOME,IMELDA HYDE,5.0,AMBULATORY,6/24/21,HI
Myles Care Home,719 S. KEI PLACE,Kahului,,1051-C,8088777494.0,TYPE I  ADULT RESIDENTIAL CARE HOME,VICTORIA PARANADA,4.0,AMBULATORY,6/24/21,HI
"Navarro, Rebecca",94-1354 HIAAI PLACE,Waipahu,,695-C,8086710294.0,TYPE I EXPANDED ADULT RESIDENTIAL CARE HOME,REBECCA NAVARRO,5.0,AMBULATORY,6/24/21,HI
"Nebreja, Raymunda",94-023 POAILANI CIRCLE,Waipahu,,542-C,8086712291.0,TYPE I  ADULT RESIDENTIAL CARE HOME,RAYMUNDA NEBREJA,4.0,AMBULATORY,6/24/21,HI
Negrillo Arch & Earch Llc,4719 OPUKEA STREET,Lihue,,1485-C,8082411340.0,TYPE I  ADULT RESIDENTIAL CARE HOME,SHIRLEY NEGRILLO,5.0,AMBULATORY,6/24/21,HI
Nenita'S,5193 LIKINI STREET,Honolulu,,1157-C,8088336762.0,TYPE I EXPANDED ADULT RESIDENTIAL CARE HOME,NENITA ANDRADA-JOSE,5.0,AMBULATORY,6/24/21,HI
Nita'S,98-029 LII-IPO STREET,Aiea,,638-C,8084882088.0,TYPE I  ADULT RESIDENTIAL CARE HOME,ANITA DOMINGO,5.0,AMBULATORY,6/24/21,HI
Nita'S Quality Home Care Services,1533 ALA IOLANI PLACE,Honolulu,,330-C,8088360489.0,TYPE I  ADULT RESIDENTIAL CARE HOME,CIONITA SALVADOR,4.0,FULLY AMBULATORY,6/24/21,HI
Noemi'S Arch,94-919 KUMUAO STREET,Waipahu,,1192-C,8086777875.0,TYPE I EXPANDED ADULT RESIDENTIAL CARE HOME,NOEMI LAGUIT,5.0,AMBULATORY,6/24/21,HI
Nonales',1035 KUKILA STREET,Honolulu,,1181-C,8084211106.0,TYPE I EXPANDED ADULT RESIDENTIAL CARE HOME,LILIA NONALES,4.0,AMBULATORY,6/24/21,HI
"Obrero, Esperanza",1609 MALIU STREET,Honolulu,,708-C,8088412142.0,TYPE I  ADULT RESIDENTIAL CARE HOME,ESPERANZA OBRERO,5.0,AMBULATORY,6/24/21,HI
Ohana,2011 KAUMUALII STREET,Honolulu,,1212-C,8088423003.0,TYPE I EXPANDED ADULT RESIDENTIAL CARE HOME,CARMEN DONA,5.0,AMBULATORY,6/24/21,HI
"Ohana Hale, L.L.C.",94-1063 HALELEHUA STREET,Waipahu,,1364-C,8086779718.0,TYPE I EXPANDED ADULT RESIDENTIAL CARE HOME,JERRY FELICITAS,5.0,AMBULATORY,6/24/21,HI
Ohanalani L.L.C.,5339 OIO DRIVE,Honolulu,,1470-C,8083775456.0,TYPE I EXPANDED ADULT RESIDENTIAL CARE HOME,NORA SORIANO-TRIAS,5.0,AMBULATORY,6/24/21,HI
"Oililua Elder Care, Inc., #Iii",711 ONEAWA STREET,Kailua,,1489-C,8082637778.0,TYPE I EXPANDED ADULT RESIDENTIAL CARE HOME,NORMA TENORIO,5.0,AMBULATORY,6/24/21,HI
Oililua Eldercare Inc.,429 ULUPAINA STREET UNIT B1,Kailua,,1556-C,8082637778.0,TYPE I EXPANDED ADULT RESIDENTIAL CARE HOME,GERONIMO TENORIO,5.0,AMBULATORY,6/24/21,HI
"Oililua Eldercare, Inc #I",94-379 OILILUA PLACE,Waipahu,,1294-C,8086770882.0,TYPE I EXPANDED ADULT RESIDENTIAL CARE HOME,GERONIMO TENORIO,5.0,AMBULATORY,6/24/21,HI
"Oililua Senior Care, Inc., #Ii",711 ONEAWA STREET,Kailua,,1370-C,8082637778.0,TYPE I EXPANDED ADULT RESIDENTIAL CARE HOME,NORMA TENORIO,5.0,AMBULATORY,6/24/21,HI
Okano Care Home,16-1397 35TH AVENUE,Keaau,,1525-C,8089827828.0,TYPE I EXPANDED ADULT RESIDENTIAL CARE HOME,STACEY OKANO,5.0,AMBULATORY,6/24/21,HI
"Olalani Senior Care, Llc",45-217 WILLIAM HENRY ROAD,Kaneohe,,1567-C,8082358388.0,TYPE II EXPANDED ADULT RESIDENTIAL CARE HOME,MYRIAM TABANIAG,8.0,AMBULATORY,6/24/21,HI
"Olipares, Celestina",45-693 KENEKE STREET,Kaneohe,,729-C,8082356993.0,TYPE I  ADULT RESIDENTIAL CARE HOME,CELESTINA OLIPARES,4.0,AMBULATORY,6/24/21,HI
"Olivas, Rosalinda",3410 ALIAMANU STREET,Honolulu,,1169-C,8084231002.0,TYPE I EXPANDED ADULT RESIDENTIAL CARE HOME,ROSALINDA OLIVAS,5.0,AMBULATORY,6/24/21,HI
Olivia Lewin'S Earch,92-1336 PUEONANI STREET,Kapolei,,1625-C,,TYPE I EXPANDED ADULT RESIDENTIAL CARE HOME,OLIVIA LEWIN,,,6/24/21,HI
"Padre, Norma",94-607 MAHOE STREET,Waipahu,,745-C,8086777174.0,TYPE I  ADULT RESIDENTIAL CARE HOME,NORMA PADRE,5.0,FULLY AMBULATORY,6/24/21,HI
"Padron, Martina",67-361 FARRINGTON HIGHWAY,Waialua,,415-C,8086379918.0,TYPE I  ADULT RESIDENTIAL CARE HOME,MARTINA PADRON,4.0,AMBULATORY,6/24/21,HI
"Paguirigan, Marietta B.",4007 KEAKA DRIVE,Honolulu,,1311-C,8084210171.0,TYPE I EXPANDED ADULT RESIDENTIAL CARE HOME,MARIETTA PAGUIRIGAN,5.0,AMBULATORY,6/24/21,HI
Palolo Chinese Home Lani Booth,2459 10TH AVENUE,Honolulu,,1563-C,8087351754.0,TYPE II EXPANDED ADULT RESIDENTIAL CARE HOME,DARLENE NAKAYAMA,17.0,AMBULATORY,6/24/21,HI
Palolo Korean Care Home,2565 WAIOMAO ROAD,Honolulu,,1622-C,8082846259.0,TYPE I EXPANDED ADULT RESIDENTIAL CARE HOME,SAM FUJII,5.0,AMBULATORY,6/24/21,HI
Paradise Arch,86-112 HOAHA STREET,Waianae,,1340-C,8086962430.0,TYPE I EXPANDED ADULT RESIDENTIAL CARE HOME,MARLYN ACURAM,5.0,AMBULATORY,6/24/21,HI
Paranada #2,16 HOOLAULEA STREET,Hilo,,1245-C,8089597394.0,TYPE I EXPANDED ADULT RESIDENTIAL CARE HOME,LEANDRO PARANADA,5.0,AMBULATORY,6/24/21,HI
"Parubrub, Tina",94-1108 HINA STREET,Waipahu,,824-C,8086713637.0,TYPE I  ADULT RESIDENTIAL CARE HOME,TINA PARUBRUB,4.0,AMBULATORY,6/24/21,HI
"Pascual, Esther",1802 WAHINE PLACE,Honolulu,,791-C,8088420227.0,TYPE I  ADULT RESIDENTIAL CARE HOME,ESTHER PASCUAL,4.0,AMBULATORY,6/24/21,HI
"Pascual, Marissa G.",45-220 NAMOKU STREET,Kaneohe,,1183-C,8082357515.0,TYPE I EXPANDED ADULT RESIDENTIAL CARE HOME,MARISSA G. PASCUAL,5.0,AMBULATORY,6/24/21,HI
"Pascual, Soledad",91-711 FORT WEAVER ROAD,Ewa Beach,,770-C,8086898569.0,TYPE I  ADULT RESIDENTIAL CARE HOME,SOLEDAD PASCUAL,4.0,FULLY AMBULATORY,6/24/21,HI
Pascual'S,1521 ALA IOLANI PLACE,Honolulu,,342-C,8088342970.0,TYPE I  ADULT RESIDENTIAL CARE HOME,TRINA PASCUAL,5.0,FULLY AMBULATORY,6/24/21,HI
Pat'S Arch,91-1029 HANAKAHI STREET,Ewa Beach,,1363-C,8086896800.0,TYPE I EXPANDED ADULT RESIDENTIAL CARE HOME,PATRICIA NUNEZ,5.0,FULLY AMBULATORY,6/24/21,HI
Pearl'S Paradise,1304 ANAPA STREET,Honolulu,,1580-C,8084239507.0,TYPE I  ADULT RESIDENTIAL CARE HOME,PERLITA TABIL,5.0,AMBULATORY,6/24/21,HI
Pohai Nani - 'Ahui Nani,45-090 NAMOKU STREET,Kaneohe,,1241-C,8082476211.0,TYPE I EXPANDED ADULT RESIDENTIAL CARE HOME,JUDITH MATTHEWS,5.0,AMBULATORY,6/24/21,HI
Pohai Nani - 'Ahui 'Olu,45-090 NAMOKU STREET,Kaneohe,,1242-C,8082476211.0,TYPE I EXPANDED ADULT RESIDENTIAL CARE HOME,JUDITH MATTHEWS,5.0,AMBULATORY,6/24/21,HI
Pohai Nani 'Ahui Laule'A,45-090 NAMOKU STREET,Kaneohe,,1325-C,8082476211.0,TYPE I EXPANDED ADULT RESIDENTIAL CARE HOME,JUDITH MATTHEWS,5.0,AMBULATORY,6/24/21,HI
Pohai Nani 'Ahui Malie,45-090 NAMOKU STREET,Kaneohe,,1324-C,8082476211.0,TYPE I EXPANDED ADULT RESIDENTIAL CARE HOME,JUDITH MATTHEWS,5.0,AMBULATORY,6/24/21,HI
Poncethia R. Rambo'S,1621 NOHOANA PLACE,Hilo,,1476-C,8089598639.0,TYPE I EXPANDED ADULT RESIDENTIAL CARE HOME,PONCETHIA RAMBO,5.0,AMBULATORY,6/24/21,HI
Precious Moment Adult Residential Care Home,4229 KEAKA DRIVE,Honolulu,,1246-C,8084236358.0,TYPE I EXPANDED ADULT RESIDENTIAL CARE HOME,EVANGELINE ANDRES,5.0,AMBULATORY,6/24/21,HI
"Prieto, Gloria",3504 LIKINI STREET,Honolulu,,742-C,8084222264.0,TYPE I EXPANDED ADULT RESIDENTIAL CARE HOME,GLORIA PRIETO,5.0,AMBULATORY,6/24/21,HI
Prime Health Services Care Home,99-1041 HALAWA HEIGHTS ROAD,Aiea,,1508-C,8084285844.0,TYPE I  ADULT RESIDENTIAL CARE HOME,RAFAEL ANTONIO,5.0,AMBULATORY,6/24/21,HI
Prime Health Services Care Home Ii,107B KILEA PLACE,Wahiawa,,1559-C,8084285844.0,TYPE I EXPANDED ADULT RESIDENTIAL CARE HOME,RAFAEL ANTONIO,5.0,AMBULATORY,6/24/21,HI
Pualei Care Home,7246 ANAKUA STREET,Honolulu,,1550-C,8083589323.0,TYPE I EXPANDED ADULT RESIDENTIAL CARE HOME,RUBY JOSE,5.0,AMBULATORY,6/24/21,HI
"Quiocho, Lolita",4103 LIKINI STREET,Honolulu,,810-C,8084226128.0,TYPE I  ADULT RESIDENTIAL CARE HOME,LOLITA QUIOCHO,4.0,FULLY AMBULATORY,6/24/21,HI
"Quitevis, Elena",1614 MALUAWAI STREET,Pearl City,,750-C,8084557346.0,TYPE I  ADULT RESIDENTIAL CARE HOME,ELENA QUITEVIS,5.0,AMBULATORY,6/24/21,HI
R & A Care Home,123 UAKANIKOO PLACE,Wahiawa,,1607-C,8088888925.0,TYPE I EXPANDED ADULT RESIDENTIAL CARE HOME,AMALIA GARCIA-LINDENMUTH,5.0,AMB,6/24/21,HI
R & B Arch/E-Arch Llc,94-912 KUMUAO STREET,Waipahu,,1429-C,8082348241.0,TYPE I EXPANDED ADULT RESIDENTIAL CARE HOME,REMEDIOS AGUINALDO,5.0,AMBULATORY,6/24/21,HI
"R & M Duran, L.L.C.",94-628 LOA'A STREET,Waipahu,,1315-C,8086780150.0,TYPE I EXPANDED ADULT RESIDENTIAL CARE HOME,MARENILA DURAN,5.0,AMBULATORY,6/24/21,HI
R.K.C. Arch,91-938 HANAKAHI STREET,Ewa Beach,,1269-C,8083477532.0,TYPE I  ADULT RESIDENTIAL CARE HOME,JOSEPHINE FITZGERALD,3.0,AMBULATORY,6/24/21,HI
Rabaino'S,328 HIE STREET,Kapaa,,1250-C,8088229753.0,TYPE I  ADULT RESIDENTIAL CARE HOME,LALAINE RABAINO,5.0,AMBULATORY,6/24/21,HI
Rafael Care Home,98-1713 LAAUHUAHUA WAY,Pearl City,,1385-C,8084559282.0,TYPE I EXPANDED ADULT RESIDENTIAL CARE HOME,MARLENE RAFAEL,5.0,AMBULATORY,6/24/21,HI
"Rafael, Evelyn",94-105 HAAA STREET,Waipahu,,1082-C,8086719717.0,TYPE I EXPANDED ADULT RESIDENTIAL CARE HOME,EVELYN RAFAEL,5.0,AMBULATORY,6/24/21,HI
Raguindin Malama Kauhale Arch,94-088 AWAMOKU STREET,Waipahu,,1025-C,8086777464.0,TYPE I EXPANDED ADULT RESIDENTIAL CARE HOME,BELMA RAGUINDIN,5.0,AMBULATORY,6/24/21,HI
Rainbow Adult Residential Care Home/Expanded Arch,95-195 AUMEA LOOP,Mililani,,1510-C,8086252425.0,TYPE I EXPANDED ADULT RESIDENTIAL CARE HOME,DEBBIE BORGONIA,5.0,AMBULATORY,6/24/21,HI
Ramelb Adult Residential Care Home,16-1508 35TH AVENUE,Keaau,,1504-C,8089669553.0,TYPE I EXPANDED ADULT RESIDENTIAL CARE HOME,EVELYN RAMELB,4.0,AMBULATORY,6/24/21,HI
Ramos Care Center Llc,1365 KUAHAKA STREET,Pearl City,,1621-C,8087726090.0,TYPE I EXPANDED ADULT RESIDENTIAL CARE HOME,KATHLEEN RAMOS,3.0,FULLY AMBULATORY,6/24/21,HI
"Ramos, Arsenia",4028 SALT LAKE BOULEVARD,Honolulu,,711-C,8084224886.0,TYPE I  ADULT RESIDENTIAL CARE HOME,ARSENIA RAMOS,1.0,FULLY AMBULATORY,6/24/21,HI
"Ramos, Consolacion",1742 ALA AOLANI PLACE,Honolulu,,618-C,8088339812.0,TYPE I  ADULT RESIDENTIAL CARE HOME,CONSOLACION RAMOS,3.0,FULLY AMBULATORY,6/24/21,HI
Raqueno Care Home,3454 LIKINI STREET,Honolulu,,1603-C,8084224324.0,TYPE I EXPANDED ADULT RESIDENTIAL CARE HOME,MELKARTH RAQUENO,5.0,FULLY AMBULATORY,6/24/21,HI
Raza Adult Residential Care Home-Expanded Care,61 KEHAULANI STREET,Hilo,,1501-C,8089593166.0,TYPE I EXPANDED ADULT RESIDENTIAL CARE HOME,RUTH RAZA,5.0,AMBULATORY,6/24/21,HI
"Respicio, Maria",328 WAINOHIA PLACE,Hilo,,687-C,8089597246.0,TYPE I  ADULT RESIDENTIAL CARE HOME,MARIA RESPICIO,5.0,AMBULATORY,6/24/21,HI
Reyes Care Home,94-931-A LUMIHOAHU STREET,Waipahu,,532-C,8086710606.0,TYPE I  ADULT RESIDENTIAL CARE HOME,CORAZON REYES,5.0,AMBULATORY,6/24/21,HI
"Reyes, Cesaria",2602 NIHI STREET,Honolulu,,812-C,8088430597.0,TYPE I  ADULT RESIDENTIAL CARE HOME,CESARIA REYES,2.0,FULLY AMBULATORY,6/24/21,HI
Riingen Arch/Expanded Arch,17-559 IPUAIWAHA STREET,Keaau,,1524-C,8089823658.0,TYPE I EXPANDED ADULT RESIDENTIAL CARE HOME,BENITA RIINGEN,5.0,AMBULATORY,6/24/21,HI
Rj Santiago Arch & E-Arch,94-571 LOAA STREET,Waipahu,,1204-C,8086718901.0,TYPE I EXPANDED ADULT RESIDENTIAL CARE HOME,JULIET SANTIAGO,5.0,AMBULATORY,6/24/21,HI
"Rmj Adult Care Home, Inc.",94-1048 AWALAI STREET,Waipahu,,1591-C,8086769848.0,TYPE I  ADULT RESIDENTIAL CARE HOME,MARICEL ROSARIO,5.0,AMBULATORY,6/24/21,HI
Rnf Rainbow Adult Residential Care Home Llc,94-1178 HOOMAKOA STREET,Waipahu,,1619-C,8086641022.0,TYPE I EXPANDED ADULT RESIDENTIAL CARE HOME,ROSEMARY CAYABYAB,3.0,AMBULATORY,6/24/21,HI
Rodriguez Care Home,1647 PAAAINA PLACE,Pearl City,,1029-C,8084554465.0,TYPE I EXPANDED ADULT RESIDENTIAL CARE HOME,TERESITA RODRIGUEZ,5.0,AMBULATORY,6/24/21,HI
Ronidel Care Home,94-407 KAHUALENA STREET,Waipahu,,1628-C,,TYPE I EXPANDED ADULT RESIDENTIAL CARE HOME,MILAGROS RONIDEL,,,6/24/21,HI
Rosana Dumlao,94-871 AWANEI STREET,Waipahu,,1053-C,8086710166.0,TYPE I EXPANDED ADULT RESIDENTIAL CARE HOME,ROSANA DUMLAO,5.0,AMBULATORY,6/24/21,HI
Rosario,94-1134 HAPAPA STREET,Waipahu,,1494-C,8086712609.0,TYPE I EXPANDED ADULT RESIDENTIAL CARE HOME,ROSARIO GOMEZ,5.0,AMBULATORY,6/24/21,HI
"Rosario, Trinidad",372 PAKAUWILI DRIVE,Wahiawa,,712-C,8086210819.0,TYPE I  ADULT RESIDENTIAL CARE HOME,TRINIDAD ROSARIO,5.0,AMBULATORY,6/24/21,HI
Rose Hwang'S Care Home,1755 PALAMOI STREET,Pearl City,,1399-C,8087411611.0,TYPE I EXPANDED ADULT RESIDENTIAL CARE HOME,ROSE HWANG,4.0,AMBULATORY,6/24/21,HI
Roselle Ragasa Adult Residential Care Home (Arch) Corp.,4523 LIKINI STREET,Honolulu,,1593-C,8086224177.0,TYPE I  ADULT RESIDENTIAL CARE HOME,ROSELLE RAGASA,5.0,AMBULATORY,6/24/21,HI
"Ruth'S House, L.L.C.",73-4318 KEO KEO STREET,Kailua-Kona,,1374-C,8083256283.0,TYPE I EXPANDED ADULT RESIDENTIAL CARE HOME,LEIGHA HUBER,5.0,AMBULATORY,6/24/21,HI
Sagadraca Care Home,94-329 KIOKIO PLACE,Waipahu,,1070-C,8086713695.0,TYPE I EXPANDED ADULT RESIDENTIAL CARE HOME,SAGADRACA AURORA,5.0,AMBULATORY,6/24/21,HI
"Sagaysay, Makrina",1112 KOPKE STREET,Honolulu,,802-C,8088480451.0,TYPE I  ADULT RESIDENTIAL CARE HOME,MAKRINA SAGAYSAY,3.0,AMBULATORY,6/24/21,HI
"Sales, Abner",94-1156 HALELEHUA STREET,Waipahu,,1343-C,8086765140.0,TYPE I EXPANDED ADULT RESIDENTIAL CARE HOME,ABNER SALES,5.0,AMBULATORY,6/24/21,HI
"Salvador, Catherine",2318 AWAPUHI STREET,Hilo,,1419-C,8089810613.0,TYPE I EXPANDED ADULT RESIDENTIAL CARE HOME,CATHERINE SALVADOR,5.0,AMBULATORY,6/24/21,HI
"Sambajon, Remedios",94-1042 HALELEHUA STREET,Waipahu,,677-C,8086783612.0,TYPE I  ADULT RESIDENTIAL CARE HOME,REMEDIOS SAMBAJON,5.0,AMBULATORY,6/24/21,HI
"Santos, Norma",4240 KEAKA DRIVE HONOLULU,Honolulu,,1214-C,8084237454.0,TYPE I  ADULT RESIDENTIAL CARE HOME,NORMA SANTOS,5.0,FULLY AMBULATORY,6/24/21,HI
Sebastian'S Arch Llc,1630 LEILANI STREET,Honolulu,,761-C,8088452461.0,TYPE I  ADULT RESIDENTIAL CARE HOME,ADELINA SEBASTIAN,5.0,AMBULATORY,6/24/21,HI
"Selga, Natividad",45-933 KEAAHALA PLACE,Kaneohe,,817-C,8082471699.0,TYPE I  ADULT RESIDENTIAL CARE HOME,NATIVIDAD SELGA,5.0,AMBULATORY,6/24/21,HI
"Senior Living With Aloha, L.L.C.",1419 16TH AVENUE,Honolulu,,1443-C,8083832597.0,TYPE I EXPANDED ADULT RESIDENTIAL CARE HOME,MOHAMMED RUMI,5.0,AMBULATORY,6/24/21,HI
"Sera, Aurora",1305 MOKAPU BOULEVARD,Kailua,,1107-C,8082546124.0,TYPE I EXPANDED ADULT RESIDENTIAL CARE HOME,AURORA SERA,5.0,AMBULATORY,6/24/21,HI
"Serapion, Shirley",94-258 KAHUAHELE STREET,Waipahu,,637-C,8086716376.0,TYPE I EXPANDED ADULT RESIDENTIAL CARE HOME,SHIRLEY SERAPION,5.0,AMBULATORY,6/24/21,HI
Serenity Care Home Hawaii Kai,1072 KALAPAKI STREET,Honolulu,,1590-C,8084921033.0,TYPE I  ADULT RESIDENTIAL CARE HOME,ANA JOSE,5.0,AMBULATORY,6/24/21,HI
Serenity Hawaii Carehome Llc,94-559 APII PLACE,Waipahu,,1545-C,8082029465.0,TYPE I EXPANDED ADULT RESIDENTIAL CARE HOME,CLAUDIA CABRERA-PRANTL,5.0,AMBULATORY,6/24/21,HI
Sharolyn L Galamay Llc,91-1141 KAUIKI STREET,Ewa Beach,,1398-C,8086897092.0,TYPE I  ADULT RESIDENTIAL CARE HOME,SHAROLYN GALAMAY,4.0,AMBULATORY,6/24/21,HI
Simpliciano'S Arch,94-106 KAUPU PLACE,Waipahu,,1133-C,8086710396.0,TYPE I EXPANDED ADULT RESIDENTIAL CARE HOME,OFELIA SIMPLICIANO,5.0,AMBULATORY,6/24/21,HI
"Snouffer, Cely",712 HOOMALIMALI STREET,Pearl City,,681-C,8084540741.0,TYPE I  ADULT RESIDENTIAL CARE HOME,CELY SNOUFFER,5.0,AMBULATORY,6/24/21,HI
"Solmerin, Ofelia",366 KAPUALANI STREET,Hilo,,663-C,8089598421.0,TYPE I EXPANDED ADULT RESIDENTIAL CARE HOME,OFELIA SOLMERIN,5.0,AMBULATORY,6/24/21,HI
Soriano Care Home,2307 NORTH SCHOOL STREET,Honolulu,,1276-C,8088450512.0,TYPE I EXPANDED ADULT RESIDENTIAL CARE HOME,HELEN SORIANO,5.0,AMBULATORY,6/24/21,HI
Sts Adult Foster Service Llc,1604 PERRY STREET,Honolulu,,1613-C,8083689378.0,TYPE I EXPANDED ADULT RESIDENTIAL CARE HOME,STEVEN SCOTT JR.,5.0,AMBULATORY,6/24/21,HI
Suenaga Ii,45-390 KAMEHAMEHA HIGHWAY,Kaneohe,,1264-C,8082363465.0,TYPE I  ADULT RESIDENTIAL CARE HOME,STACY PERRY,5.0,AMBULATORY,6/24/21,HI
Suetos Care Home,4415 UKALI STREET,Honolulu,,1411-C,8084228757.0,TYPE I  ADULT RESIDENTIAL CARE HOME,EDERLINA SUETOS,5.0,AMBULATORY,6/24/21,HI
Sun Moon,1020 HALA DRIVE,Honolulu,,1366-C,8085951073.0,TYPE I EXPANDED ADULT RESIDENTIAL CARE HOME,MARIA GALLEGO,5.0,AMBULATORY,6/24/21,HI
Superior Care Group L.L.C.,2115 GERTZ LANE #A,Honolulu,,1605-C,8084971797.0,TYPE I  ADULT RESIDENTIAL CARE HOME,SHANELLE BAXA,5.0,FULLY AMBULATORY,6/24/21,HI
"Susan'S Adult Residential Care, Llc",1315 GULICK AVENUE,Honolulu,,1338-C,8088452879.0,TYPE I EXPANDED ADULT RESIDENTIAL CARE HOME,SUSAN RAMIRO,5.0,AMBULATORY,6/24/21,HI
Sweet Haven,98-1274 HOOHUALI PLACE,Pearl City,,1394-C,8084564749.0,TYPE I EXPANDED ADULT RESIDENTIAL CARE HOME,BERNARDO FOGATA,4.0,AMBULATORY,6/24/21,HI
"T & F Home Services, L.L.C.",45-339 KAHOWAA PLACE,Kaneohe,,1403-C,8085907769.0,TYPE I EXPANDED ADULT RESIDENTIAL CARE HOME,FRANCESCA MAFUA,4.0,AMBULATORY,6/24/21,HI
"Tablit, Elpidio",94-544 HIAHIA LOOP,Waipahu,,982-C,8086715255.0,TYPE I  ADULT RESIDENTIAL CARE HOME,ELPIDIO TABLIT,5.0,FULLY AMBULATORY,6/24/21,HI
Tabora'S,94-970 LUMIHOAHU STREET,Waipahu,,1106-C,8086778767.0,TYPE I EXPANDED ADULT RESIDENTIAL CARE HOME,LOURDES TABORA,5.0,AMBULATORY,6/24/21,HI
Tacotaco Arch,1017 ALA LEHUA STREET,Honolulu,,1360-C,8088335178.0,TYPE I EXPANDED ADULT RESIDENTIAL CARE HOME,CRISTETA TACOTACO,5.0,AMBULATORY,6/24/21,HI
Tadeo,17-566 S. IPU'AIWAHA STREET,Keaau,,1163-C,8089827274.0,TYPE I EXPANDED ADULT RESIDENTIAL CARE HOME,RIANALYN HANDY,4.0,AMBULATORY,6/24/21,HI
Tangonan Adult Residential Care Home,94-228 MOENA PLACE,Waipahu,,1407-C,8086869357.0,TYPE I EXPANDED ADULT RESIDENTIAL CARE HOME,EDNA TANGONAN,5.0,AMBULATORY,6/24/21,HI
Tanisue Care Home,1615 HOOLANA STREET,Pearl City,,1469-C,8084559217.0,TYPE I EXPANDED ADULT RESIDENTIAL CARE HOME,CLARISA TANISUE,5.0,AMBULATORY,6/24/21,HI
Tender Loving Care,94-1227 KAHUANUI STREET,Waipahu,,1124-C,8086710695.0,TYPE I  ADULT RESIDENTIAL CARE HOME,JOVITA IBON,5.0,FULLY AMBULATORY,6/24/21,HI
"Tender Loving Care G. Care Home, Llc",1730 KILOHI STREET,Honolulu,,1620-C,8088450742.0,TYPE I EXPANDED ADULT RESIDENTIAL CARE HOME,GRACE FERNIM,5.0,AMBULATORY,6/24/21,HI
The Paperbark House,1038 MOKAPU BOULEVARD,Kailua,,1592-C,8082863274.0,TYPE I  ADULT RESIDENTIAL CARE HOME,IAN TAYLOR,5.0,AMBULATORY,6/24/21,HI
Tj Factora Care Home,830 SECOND STREET,Pearl City,,1520-C,8084566084.0,TYPE I EXPANDED ADULT RESIDENTIAL CARE HOME,TESSIE FACTORA,5.0,AMBULATORY,6/24/21,HI
"Tlc Ohana Hale, Inc.",99-019 KEALAKAHA DRIVE,Aiea,,1434-C,8082551151.0,TYPE I EXPANDED ADULT RESIDENTIAL CARE HOME,LILIBETH CAOILE,5.0,AMBULATORY,6/24/21,HI
Ugalino Arch,1017 EHOEHO AVENUE,Wahiawa,,882-C,8086216174.0,TYPE I  ADULT RESIDENTIAL CARE HOME,JOSEFINA UGALINO,5.0,FULLY AMBULATORY,6/24/21,HI
"Ulep, Juanita",2817 NIHI STREET,Honolulu,,836-C,8088451459.0,TYPE I  ADULT RESIDENTIAL CARE HOME,JUANITA ULEP,5.0,AMBULATORY,6/24/21,HI
"United Family Care Home, Llc",1328 MOLEHU DRIVE,Honolulu,,1143-C,8084211775.0,TYPE I EXPANDED ADULT RESIDENTIAL CARE HOME,HELEN GO,5.0,AMBULATORY,6/24/21,HI
Valdez Care Home,94-1031 LUMIAUAU STREET,Waipahu,,751-C,8086775398.0,TYPE I EXPANDED ADULT RESIDENTIAL CARE HOME,MINDA VALDEZ,5.0,AMBULATORY,6/24/21,HI
"Valley View Pearl City, Llc",944 MAIHA CIRCLE,Pearl City,,1380-C,8086645701.0,TYPE I EXPANDED ADULT RESIDENTIAL CARE HOME,CAROL FARDAL,5.0,AMBULATORY,6/24/21,HI
Vargas Care Home,94-296 KAHUAHELE STREET,Waipahu,,521-C,8086712088.0,TYPE I EXPANDED ADULT RESIDENTIAL CARE HOME,LEVY VARGAS,5.0,AMBULATORY,6/24/21,HI
Veronica Esteban Care Home,1342 KAMEHAMEHA IV ROAD,Honolulu,,297-C,8088883402.0,TYPE I  ADULT RESIDENTIAL CARE HOME,VERONICA ESTEBAN,5.0,AMBULATORY,6/24/21,HI
Vicky'S,99-1002-D PUUMAKANI STREET,Aiea,,547-C,8084880504.0,TYPE I  ADULT RESIDENTIAL CARE HOME,VICTORIA EISCHEN,5.0,AMBULATORY,6/24/21,HI
Victoria,1705 EMA PLACE,Honolulu,,1054-C,8088451820.0,TYPE I  ADULT RESIDENTIAL CARE HOME,ELENA RAGASA,4.0,AMBULATORY,6/24/21,HI
Victoria Expanded Care Home Llc,94-1381 HIAAI PLACE,Waipahu,,319-C,8086717308.0,TYPE I EXPANDED ADULT RESIDENTIAL CARE HOME,VICKY BAGAIN,5.0,AMBULATORY,6/24/21,HI
Victoria Gabriella Care Home,94-100 KAUWEKE PLACE,Waipahu,,1540-C,8087826184.0,TYPE I  ADULT RESIDENTIAL CARE HOME,AIDA RUFO,5.0,AMBULATORY,6/24/21,HI
"Viernes, May G.",94-1184 HINA STREET,Waipahu,,1243-C,8086764787.0,TYPE I  ADULT RESIDENTIAL CARE HOME,MAY VIERNES,5.0,AMBULATORY,6/24/21,HI
Vilas Home Care Inc,94-1254 KAHUAINA STREET,Waipahu,,1572-C,8088886489.0,TYPE I EXPANDED ADULT RESIDENTIAL CARE HOME,ANABEL VILA,5.0,AMBULATORY,6/24/21,HI
Vilas Home Care Inc Ii,5119 B LIKINI STREET,Honolulu,,1601-C,8088886489.0,TYPE I EXPANDED ADULT RESIDENTIAL CARE HOME,ANABEL VILA,5.0,AMBULATORY,6/24/21,HI
Village Park Adult Residential Care Home,94-101 KAUWEKE PLACE,Waipahu,,1551-C,8086773520.0,TYPE I  ADULT RESIDENTIAL CARE HOME,MARILOU PERALTA,4.0,AMBULATORY,6/24/21,HI
"Villar, Marylin",94-242 PUPUKAHI STREET,Waipahu,,876-C,8086781482.0,TYPE I  ADULT RESIDENTIAL CARE HOME,MARYLIN VILLAR,5.0,AMBULATORY,6/24/21,HI
"Violet'S Care Home, Inc.",1104 WILIKI DRIVE,Honolulu,,1167-C,8084230553.0,TYPE I EXPANDED ADULT RESIDENTIAL CARE HOME,VIOLET SADURAL,5.0,AMBULATORY,6/24/21,HI
Waialae Senior Living,2945 KALEI ROAD,Honolulu,,1553-C,8089416960.0,TYPE I  ADULT RESIDENTIAL CARE HOME,KATHLEEN TAKAMORI,5.0,AMBULATORY,6/24/21,HI
Waialae Senior Living 2,2945-A KALEI ROAD,Honolulu,,1571-C,8084885521.0,TYPE I  ADULT RESIDENTIAL CARE HOME,KATHLEEN TAKAMORI,5.0,AMBULATORY,6/24/21,HI
Wailua Ohana Inc.,187 LIHAU STREET,Kapaa,,1569-C,8088238004.0,TYPE I  ADULT RESIDENTIAL CARE HOME,DEBRA APOR-BAHNMILLER,4.0,AMBULATORY,6/24/21,HI
Waipahu Hale,94-1201 HUAKAI STREET,Waipahu,,1454-C,8086771424.0,TYPE I EXPANDED ADULT RESIDENTIAL CARE HOME,AGA ANTONIO,5.0,AMBULATORY,6/24/21,HI
Weber'S,3056 NIHI STREET,Honolulu,,1285-C,8088432061.0,TYPE I EXPANDED ADULT RESIDENTIAL CARE HOME,WEBER PERLA,5.0,AMBULATORY,6/24/21,HI
Wilson Senior Living Kailua,96 KANEOHE BAY DRIVE,Kailua,,1513-C,8082537460.0,TYPE II ADULT RESIDENTIAL CARE HOME,SHELLEY WILSON,22.0,AMBULATORY,6/24/21,HI
Winmax Senior Care L.L.C.,3808 HARDING AVENUE,Honolulu,,1313-C,8084400560.0,TYPE II EXPANDED ADULT RESIDENTIAL CARE HOME,PAUL DOLD,8.0,AMBULATORY,6/24/21,HI
Wisdom Home Care Llc,94-234 WAIKELE ROAD,Waipahu,,1633-C,8083835409.0,TYPE I EXPANDED ADULT RESIDENTIAL CARE HOME,MARICOR DELA CRUZ,4.0,,6/24/21,HI
Yamashiro Care Home L.L.C.,45-386 KAMEHAMEHA HIGHWAY,Kaneohe,,1412-C,8082852604.0,TYPE I EXPANDED ADULT RESIDENTIAL CARE HOME,VIVIAN YAMASHIRO,5.0,AMBULATORY,6/24/21,HI
Yaying House Inc.,3285 OLU STREET,Honolulu,,1376-C,8087378307.0,TYPE I EXPANDED ADULT RESIDENTIAL CARE HOME,YAYING LIU,5.0,AMBULATORY,6/24/21,HI
Yolanda Razon-Collo,4345 LIKINI STREET,Honolulu,,1117-C,8084227881.0,TYPE I EXPANDED ADULT RESIDENTIAL CARE HOME,YOLANDA RAZON-COLLO,5.0,AMBULATORY,6/24/21,HI
Yoon'S Care Home,1754 KOMO MAI DRIVE,Pearl City,,1517-C,8083921091.0,TYPE I EXPANDED ADULT RESIDENTIAL CARE HOME,YOON YOUNG,5.0,AMBULATORY,6/24/21,HI
"Zen Residences, L.L.C.",432 HOOMALU STREET,Pearl City,,1460-C,8083885285.0,TYPE I EXPANDED ADULT RESIDENTIAL CARE HOME,AGBUNAG JARRAH,5.0,AMBULATORY,6/24/21,HI
Zenaida'S,67-435 KUKEA CIRCLE,Waialua,,488-C,8086379770.0,TYPE I  ADULT RESIDENTIAL CARE HOME,ZENAIDA RIVERA,5.0,AMBULATORY,6/24/21,HI
