Facility ID,Facility Name,Address,State,City,County,Zip Code,Phone Number,State Facility Type 1 Literal,State Facility Type 2 Literal,Date Accessed
000001NFS,Hooverwood,7001 HOOVER RD,IN,Indianapolis,Marion,46260,3172512261,RESIDENTIAL CARE FACILITIES,"RESIDENTIAL NFS, NON-FREE STANDING RESIDENTIAL CARE FACILITIES",7/7/21
000009NFS,Heritage House Of Shelbyville,2309 S MILLER ST,IN,Shelbyville,Shelby,46176,3173989781,RESIDENTIAL CARE FACILITIES,"RESIDENTIAL NFS, NON-FREE STANDING RESIDENTIAL CARE FACILITIES",7/7/21
000010NFS,Greenwood Village South,295 VILLAGE LANE,IN,Greenwood,Johnson,46143,3178594444,RESIDENTIAL CARE FACILITIES,"RESIDENTIAL NFS, NON-FREE STANDING RESIDENTIAL CARE FACILITIES",7/7/21
000018NFS,Miller'S Merry Manor,612 E 11TH ST,IN,Rushville,Rush,46173,7659324127,RESIDENTIAL CARE FACILITIES,"RESIDENTIAL NFS, NON-FREE STANDING RESIDENTIAL CARE FACILITIES",7/7/21
000029NFS,Beech Grove Meadows,2002 ALBANY ST,IN,Beech Grove,Marion,46107,3177832911,RESIDENTIAL CARE FACILITIES,"RESIDENTIAL NFS, NON-FREE STANDING RESIDENTIAL CARE FACILITIES",7/7/21
000041NFS,Miller'S Merry Manor,635 OAKHILL AVE,IN,Plymouth,Marshall,46563,5749369981,RESIDENTIAL CARE FACILITIES,"RESIDENTIAL NFS, NON-FREE STANDING RESIDENTIAL CARE FACILITIES",7/7/21
000084NFS,Westminster Village North,11050 PRESBYTERIAN DR,IN,Indianapolis,Marion,46236,3178236841,RESIDENTIAL CARE FACILITIES,"RESIDENTIAL NFS, NON-FREE STANDING RESIDENTIAL CARE FACILITIES",7/7/21
000086NFS,Westminster Village Muncie Inc,5801 W BETHEL AVE,IN,Muncie,Delaware,47304,7652882155,RESIDENTIAL CARE FACILITIES,"RESIDENTIAL NFS, NON-FREE STANDING RESIDENTIAL CARE FACILITIES",7/7/21
000089NFS,Miller'S Merry Manor,505 N BRADNER AVE,IN,Marion,Grant,46952,7656623981,RESIDENTIAL CARE FACILITIES,"RESIDENTIAL NFS, NON-FREE STANDING RESIDENTIAL CARE FACILITIES",7/7/21
000093NFS,Westminster Village - West Lafayette,2741 N SALISBURY ST,IN,West Lafayette,Tippecanoe,47906,7654637546,RESIDENTIAL CARE FACILITIES,"RESIDENTIAL NFS, NON-FREE STANDING RESIDENTIAL CARE FACILITIES",7/7/21
000100NFS,Westminster Health Care Center,2210 GREENTREE N,IN,Clarksville,Clark,47129,8122825911,RESIDENTIAL CARE FACILITIES,"RESIDENTIAL NFS, NON-FREE STANDING RESIDENTIAL CARE FACILITIES",7/7/21
000103NFS,Altenheim Health & Living Community,3525 E HANNA AVE,IN,Indianapolis,Marion,46237,3177884261,RESIDENTIAL CARE FACILITIES,"RESIDENTIAL NFS, NON-FREE STANDING RESIDENTIAL CARE FACILITIES",7/7/21
000105NFS,Marquette,8140 TOWNSHIP LINE RD,IN,Indianapolis,Marion,46260,3178759700,RESIDENTIAL CARE FACILITIES,"RESIDENTIAL NFS, NON-FREE STANDING RESIDENTIAL CARE FACILITIES",7/7/21
000115NFS,Hanover Nursing Center,410 W LAGRANGE RD,IN,Hanover,Jefferson,47243,8128662625,RESIDENTIAL CARE FACILITIES,"RESIDENTIAL NFS, NON-FREE STANDING RESIDENTIAL CARE FACILITIES",7/7/21
000125NFS,Dyer Nursing And Rehabilitation Center,601 SHEFFIELD AVE,IN,Dyer,Lake,46311,2193222273,RESIDENTIAL CARE FACILITIES,"RESIDENTIAL NFS, NON-FREE STANDING RESIDENTIAL CARE FACILITIES",7/7/21
000126NFS,Westminster Village Health & Rehab,1120 E DAVIS DR,IN,Terre Haute,Vigo,47802,8122327533,RESIDENTIAL CARE FACILITIES,"RESIDENTIAL NFS, NON-FREE STANDING RESIDENTIAL CARE FACILITIES",7/7/21
000141NFS,Avon Health & Rehabilitation Center,4171 FOREST POINTE CIRCLE,IN,Avon,Hendricks,46123,3177455184,RESIDENTIAL CARE FACILITIES,"RESIDENTIAL NFS, NON-FREE STANDING RESIDENTIAL CARE FACILITIES",7/7/21
000180NFS,Good Samaritan Society Northwood Retirement Comm,2515 NEWTON ST,IN,Jasper,Dubois,47547,8124821722,RESIDENTIAL CARE FACILITIES,"RESIDENTIAL NFS, NON-FREE STANDING RESIDENTIAL CARE FACILITIES",7/7/21
000187NFS,St Elizabeth Healthcare Center,701 ARMORY RD,IN,Delphi,Carroll,46923,7655646380,RESIDENTIAL CARE FACILITIES,"RESIDENTIAL NFS, NON-FREE STANDING RESIDENTIAL CARE FACILITIES",7/7/21
000189NFS,American Village,2026 EAST 54TH ST,IN,Indianapolis,Marion,46220,3172536950,RESIDENTIAL CARE FACILITIES,"RESIDENTIAL NFS, NON-FREE STANDING RESIDENTIAL CARE FACILITIES",7/7/21
000191NFS,Forum At The Crossing,8505 WOODFIELD CROSSING BLVD,IN,Indianapolis,Marion,46240,3174662020,RESIDENTIAL CARE FACILITIES,"RESIDENTIAL NFS, NON-FREE STANDING RESIDENTIAL CARE FACILITIES",7/7/21
000228NFS,Ossian Health Care And Rehabilitation Center,215 DAVIS RD,IN,Ossian,Wells,46777,2606227821,RESIDENTIAL CARE FACILITIES,"RESIDENTIAL NFS, NON-FREE STANDING RESIDENTIAL CARE FACILITIES",7/7/21
000240NFS,Saint Anne Home,1900 RANDALLIA DR,IN,Fort Wayne,Allen,46805,2604845555,RESIDENTIAL CARE FACILITIES,"RESIDENTIAL NFS, NON-FREE STANDING RESIDENTIAL CARE FACILITIES",7/7/21
000248NFS,Rawlins House Health & Living Community,300 J H WALKER DR,IN,Pendleton,Madison,46064,7657787501,RESIDENTIAL CARE FACILITIES,"RESIDENTIAL NFS, NON-FREE STANDING RESIDENTIAL CARE FACILITIES",7/7/21
000252NFS,Amber Manor Care Center,801 E ILLINOIS ST,IN,Petersburg,Pike,47567,8123543001,RESIDENTIAL CARE FACILITIES,"RESIDENTIAL NFS, NON-FREE STANDING RESIDENTIAL CARE FACILITIES",7/7/21
000255NFS,Byron Health Center,12101 LIMA RD,IN,Fort Wayne,Allen,46818,2606373166,RESIDENTIAL CARE FACILITIES,"RESIDENTIAL NFS, NON-FREE STANDING RESIDENTIAL CARE FACILITIES",7/7/21
000280NFS,Swiss Village,1350 W MAIN ST,IN,Berne,Adams,46711,2605893173,RESIDENTIAL CARE FACILITIES,"RESIDENTIAL NFS, NON-FREE STANDING RESIDENTIAL CARE FACILITIES",7/7/21
000282NFS,Golden Years Homestead,3136 GOEGLEIN RD,IN,Fort Wayne,Allen,46815,2607499655,RESIDENTIAL CARE FACILITIES,"RESIDENTIAL NFS, NON-FREE STANDING RESIDENTIAL CARE FACILITIES",7/7/21
000283NFS,Lutheran Life Villages,6701 S ANTHONY BLVD,IN,Fort Wayne,Allen,46816,2604471591,RESIDENTIAL CARE FACILITIES,"RESIDENTIAL NFS, NON-FREE STANDING RESIDENTIAL CARE FACILITIES",7/7/21
000299NFS,Milner Community Health Care,370 E MAIN ST,IN,Rossville,Clinton,46065,7653792112,RESIDENTIAL CARE FACILITIES,"RESIDENTIAL NFS, NON-FREE STANDING RESIDENTIAL CARE FACILITIES",7/7/21
312,Rosewood Manor,5200 S BURLINGTON DR,IN,Muncie,Delaware,47302,7652880087,RESIDENTIAL CARE FACILITIES,"ALL NURSING HOMES, FREESTANDING RESIDENTIAL CARE FACILITIES",7/7/21
000347NFS,Lutheran Community Home,111 W CHURCH AVE,IN,Seymour,Jackson,47274,8125225927,RESIDENTIAL CARE FACILITIES,"RESIDENTIAL NFS, NON-FREE STANDING RESIDENTIAL CARE FACILITIES",7/7/21
000372NFS,Elwood Health And Living,2300 PARKVIEW LN,IN,Elwood,Madison,46036,7652032672,RESIDENTIAL CARE FACILITIES,"RESIDENTIAL NFS, NON-FREE STANDING RESIDENTIAL CARE FACILITIES",7/7/21
000389NFS,St Augustine Home For The Aged,2345 W 86TH ST,IN,Indianapolis,Marion,46260,3174155767,RESIDENTIAL CARE FACILITIES,"RESIDENTIAL NFS, NON-FREE STANDING RESIDENTIAL CARE FACILITIES",7/7/21
000391NFS,St Paul Hermitage,501 N 17TH AVE,IN,Beech Grove,Marion,46107,3177862261,RESIDENTIAL CARE FACILITIES,"RESIDENTIAL NFS, NON-FREE STANDING RESIDENTIAL CARE FACILITIES",7/7/21
000404NFS,Presence Sacred Heart Home,515 N MAIN ST,IN,Avilla,Noble,46710,2608972841,RESIDENTIAL CARE FACILITIES,"RESIDENTIAL NFS, NON-FREE STANDING RESIDENTIAL CARE FACILITIES",7/7/21
000419NFS,Parker Health Care & Rehabilitation Center,359 RANDOLPH ST,IN,Parker City,Randolph,47368,7654688280,RESIDENTIAL CARE FACILITIES,"RESIDENTIAL NFS, NON-FREE STANDING RESIDENTIAL CARE FACILITIES",7/7/21
000420NFS,Ripley Crossing,1200 WHITLATCH WAY,IN,Milan,Ripley,47031,8126542231,RESIDENTIAL CARE FACILITIES,"RESIDENTIAL NFS, NON-FREE STANDING RESIDENTIAL CARE FACILITIES",7/7/21
000427NFS,Hamilton Grove,31869 CHICAGO TRAIL,IN,New Carlisle,St Joseph,46552,5746542200,RESIDENTIAL CARE FACILITIES,"RESIDENTIAL NFS, NON-FREE STANDING RESIDENTIAL CARE FACILITIES",7/7/21
000439NFS,Good Samaritan Home Health Center And Residential,601 N BOEKE RD,IN,Evansville,Vanderburgh,47711,8124764912,RESIDENTIAL CARE FACILITIES,"RESIDENTIAL NFS, NON-FREE STANDING RESIDENTIAL CARE FACILITIES",7/7/21
000448NFS,Timbercrest Church Of The Brethren Home,2201 EAST ST,IN,North Manchester,Wabash,46962,2609822118,RESIDENTIAL CARE FACILITIES,"RESIDENTIAL NFS, NON-FREE STANDING RESIDENTIAL CARE FACILITIES",7/7/21
000455NFS,Arbor Trace Health & Living Community,3701 HODGIN RD,IN,Richmond,Wayne,47374,7659393701,RESIDENTIAL CARE FACILITIES,"RESIDENTIAL NFS, NON-FREE STANDING RESIDENTIAL CARE FACILITIES",7/7/21
000470NFS,Mulberry Health & Rehabilitation Center,502 W JACKSON ST,IN,Mulberry,Clinton,46058,7652962911,RESIDENTIAL CARE FACILITIES,"RESIDENTIAL NFS, NON-FREE STANDING RESIDENTIAL CARE FACILITIES",7/7/21
000471NFS,Aperion Care Demotte,10352 N 600 E  COUNTY LINE RD,IN,Demotte,Jasper,46310,2193455211,RESIDENTIAL CARE FACILITIES,"RESIDENTIAL NFS, NON-FREE STANDING RESIDENTIAL CARE FACILITIES",7/7/21
000485NFS,Peabody Retirement Community,400 W SEVENTH ST,IN,North Manchester,Wabash,46962,2609828616,RESIDENTIAL CARE FACILITIES,"RESIDENTIAL NFS, NON-FREE STANDING RESIDENTIAL CARE FACILITIES",7/7/21
000491NFS,Paddock Springs,2695 SHELDON STREET,IN,Warsaw,Kosciusko,46582,5746589455,RESIDENTIAL CARE FACILITIES,"RESIDENTIAL NFS, NON-FREE STANDING RESIDENTIAL CARE FACILITIES",7/7/21
000501NFS,Grace Village Health Care Facility,337 GRACE VILLAGE DR,IN,Winona Lake,Kosciusko,46590,5743726100,RESIDENTIAL CARE FACILITIES,"RESIDENTIAL NFS, NON-FREE STANDING RESIDENTIAL CARE FACILITIES",7/7/21
000534NFS,Scenic Hills At The Monastery,710 SUNRISE DRIVE,IN,Ferdinand,Dubois,47532,8125042048,RESIDENTIAL CARE FACILITIES,"RESIDENTIAL NFS, NON-FREE STANDING RESIDENTIAL CARE FACILITIES",7/7/21
000538NFS,Zionsville Meadows,675 S FORD RD,IN,Zionsville,Boone,46077,3178735205,RESIDENTIAL CARE FACILITIES,"RESIDENTIAL NFS, NON-FREE STANDING RESIDENTIAL CARE FACILITIES",7/7/21
000539NFS,Parkview Haven,101 CONSTITUTION DR,IN,Francesville,Pulaski,47946,2195679149,RESIDENTIAL CARE FACILITIES,"RESIDENTIAL NFS, NON-FREE STANDING RESIDENTIAL CARE FACILITIES",7/7/21
000541NFS,Towne House Retirement Community,2209 ST JOE CENTER RD,IN,Fort Wayne,Allen,46825,2604833116,RESIDENTIAL CARE FACILITIES,"RESIDENTIAL NFS, NON-FREE STANDING RESIDENTIAL CARE FACILITIES",7/7/21
000542NFS,Heritage Pointe,801 N HUNTINGTON AVE,IN,Warren,Huntington,46792,2603752201,RESIDENTIAL CARE FACILITIES,"RESIDENTIAL NFS, NON-FREE STANDING RESIDENTIAL CARE FACILITIES",7/7/21
000543NFS,Four Seasons Retirement Center,1901 TAYLOR RD,IN,Columbus,Bartholomew,47203,8123728481,RESIDENTIAL CARE FACILITIES,"RESIDENTIAL NFS, NON-FREE STANDING RESIDENTIAL CARE FACILITIES",7/7/21
000547NFS,Cumberland Pointe Health Campus,1051 CUMBERLAND AVE,IN,West Lafayette,Tippecanoe,47906,7654632571,RESIDENTIAL CARE FACILITIES,"RESIDENTIAL NFS, NON-FREE STANDING RESIDENTIAL CARE FACILITIES",7/7/21
000548NFS,Hoosier Village,9875 CHERRYLEAF DR,IN,Indianapolis,Marion,46268,3178733349,RESIDENTIAL CARE FACILITIES,"RESIDENTIAL NFS, NON-FREE STANDING RESIDENTIAL CARE FACILITIES",7/7/21
000549NFS,Century Villa Health Care,705 N MERIDIAN ST,IN,Greentown,Howard,46936,7656283377,RESIDENTIAL CARE FACILITIES,"RESIDENTIAL NFS, NON-FREE STANDING RESIDENTIAL CARE FACILITIES",7/7/21
000551NFS,Harbour Manor Health & Living Community,1667 SHERIDAN RD,IN,Noblesville,Hamilton,46060,3177739205,RESIDENTIAL CARE FACILITIES,"RESIDENTIAL NFS, NON-FREE STANDING RESIDENTIAL CARE FACILITIES",7/7/21
000556NFS,Adams Woodcrest,1300 MERCER AVE,IN,Decatur,Adams,46733,2607243311,RESIDENTIAL CARE FACILITIES,"RESIDENTIAL NFS, NON-FREE STANDING RESIDENTIAL CARE FACILITIES",7/7/21
000557NFS,Wesleyan Health Care Center,729 WEST 35TH ST,IN,Marion,Grant,46953,7656743371,RESIDENTIAL CARE FACILITIES,"RESIDENTIAL NFS, NON-FREE STANDING RESIDENTIAL CARE FACILITIES",7/7/21
000576NFS,Christian Care Retirement Community,720 E DUSTMAN RD,IN,Bluffton,Wells,46714,2605653000,RESIDENTIAL CARE FACILITIES,"RESIDENTIAL NFS, NON-FREE STANDING RESIDENTIAL CARE FACILITIES",7/7/21
001120NFS,Asbury Towers Health Care Center,102 W POPLAR ST,IN,Greencastle,Putnam,46135,7656535148,RESIDENTIAL CARE FACILITIES,"RESIDENTIAL NFS, NON-FREE STANDING RESIDENTIAL CARE FACILITIES",7/7/21
1121,Bethany Village Assisted Living,3530 S SHELBY ST,IN,Indianapolis,Marion,46227,3177843066,RESIDENTIAL CARE FACILITIES,"ALL NURSING HOMES, FREESTANDING RESIDENTIAL CARE FACILITIES",7/7/21
1123,Charles Ford Memorial Home Inc,920 S MAIN ST,IN,New Harmony,Posey,47631,8126824685,RESIDENTIAL CARE FACILITIES,"ALL NURSING HOMES, FREESTANDING RESIDENTIAL CARE FACILITIES",7/7/21
001125NFS,Evansville Protestant Home Inc,3701 WASHINGTON AVE,IN,Evansville,Vanderburgh,47714,8124763360,RESIDENTIAL CARE FACILITIES,"RESIDENTIAL NFS, NON-FREE STANDING RESIDENTIAL CARE FACILITIES",7/7/21
001126NFS,Flatrock River Lodge,904 E 11TH ST,IN,Rushville,Rush,46173,7659322974,RESIDENTIAL CARE FACILITIES,"RESIDENTIAL NFS, NON-FREE STANDING RESIDENTIAL CARE FACILITIES",7/7/21
001127NFS,Otterbein Franklin Seniorlife Comm Res & Com Care,1070 W JEFFERSON ST,IN,Franklin,Johnson,46131,3177367185,RESIDENTIAL CARE FACILITIES,"RESIDENTIAL NFS, NON-FREE STANDING RESIDENTIAL CARE FACILITIES",7/7/21
001128NFS,Friends Fellowship Community,2030 CHESTER BLVD,IN,Richmond,Wayne,47374,7659626546,RESIDENTIAL CARE FACILITIES,"RESIDENTIAL NFS, NON-FREE STANDING RESIDENTIAL CARE FACILITIES",7/7/21
001131NFS,Hubbard Hill Estates Inc,28070 CR 24,IN,Elkhart,Elkhart,46517,5742956260,RESIDENTIAL CARE FACILITIES,"RESIDENTIAL NFS, NON-FREE STANDING RESIDENTIAL CARE FACILITIES",7/7/21
1135,Kingston Residence Of Fort Wayne,7515 WINCHESTER RD,IN,Fort Wayne,Allen,46819,2607471523,RESIDENTIAL CARE FACILITIES,"ALL NURSING HOMES, FREESTANDING RESIDENTIAL CARE FACILITIES",7/7/21
1136,Lake Park Residential Care,2075 RIPLEY ST,IN,Lake Station,Lake,46405,2199629437,RESIDENTIAL CARE FACILITIES,"ALL NURSING HOMES, FREESTANDING RESIDENTIAL CARE FACILITIES",7/7/21
001138NFS,Lodge Of The Wabash,723 E RAMSEY RD,IN,Vincennes,Knox,47591,8128828787,RESIDENTIAL CARE FACILITIES,"RESIDENTIAL NFS, NON-FREE STANDING RESIDENTIAL CARE FACILITIES",7/7/21
1140,Miller Beach Terrace,4905 MELTON RD,IN,Gary,Lake,46403,2199380124,RESIDENTIAL CARE FACILITIES,"ALL NURSING HOMES, FREESTANDING RESIDENTIAL CARE FACILITIES",7/7/21
001141NFS,"Milton Home, The",206 E MARION ST,IN,South Bend,St Joseph,46601,5742330165,RESIDENTIAL CARE FACILITIES,"RESIDENTIAL NFS, NON-FREE STANDING RESIDENTIAL CARE FACILITIES",7/7/21
1142,Pine Knoll Assisted Living Center,607 WILSON CREEK RD,IN,Lawrenceburg,Dearborn,47025,8125374422,RESIDENTIAL CARE FACILITIES,"ALL NURSING HOMES, FREESTANDING RESIDENTIAL CARE FACILITIES",7/7/21
1143,Portage Manor Health Care Facility,3016 PORTAGE AVE,IN,South Bend,St Joseph,46628,5742729100,RESIDENTIAL CARE FACILITIES,"ALL NURSING HOMES, FREESTANDING RESIDENTIAL CARE FACILITIES",7/7/21
001144NFS,Diversicare Of Providence,4915 CHARLESTOWN RD,IN,New Albany,Floyd,47150,8129455221,RESIDENTIAL CARE FACILITIES,"RESIDENTIAL NFS, NON-FREE STANDING RESIDENTIAL CARE FACILITIES",7/7/21
001145NFS,New Albany Nursing And Rehabilitation Center,201 E ELM ST,IN,New Albany,Floyd,47150,8129459517,RESIDENTIAL CARE FACILITIES,"RESIDENTIAL NFS, NON-FREE STANDING RESIDENTIAL CARE FACILITIES",7/7/21
1148,Wood Ridge Assisted Living,17650 GENERATIONS DR,IN,South Bend,St Joseph,46635,5742711151,RESIDENTIAL CARE FACILITIES,"ALL NURSING HOMES, FREESTANDING RESIDENTIAL CARE FACILITIES",7/7/21
001149NFS,Manor Care Health Services Summer Trace,12999 N PENNSYLVANIA ST,IN,Carmel,Hamilton,46032,3178482448,RESIDENTIAL CARE FACILITIES,"RESIDENTIAL NFS, NON-FREE STANDING RESIDENTIAL CARE FACILITIES",7/7/21
001152NFS,Wesley Manor Health Center,1555 N MAIN ST,IN,Frankfort,Clinton,46041,7656591811,RESIDENTIAL CARE FACILITIES,"RESIDENTIAL NFS, NON-FREE STANDING RESIDENTIAL CARE FACILITIES",7/7/21
001153NFS,White River Lodge,3710 KENNY SIMPSON LN,IN,Bedford,Lawrence,47421,8122757006,RESIDENTIAL CARE FACILITIES,"RESIDENTIAL NFS, NON-FREE STANDING RESIDENTIAL CARE FACILITIES",7/7/21
001156NFS,Robin Run Health Center,6370 ROBIN RUN W,IN,Indianapolis,Marion,46268,3172986255,RESIDENTIAL CARE FACILITIES,"RESIDENTIAL NFS, NON-FREE STANDING RESIDENTIAL CARE FACILITIES",7/7/21
001198NFS,Crown Point Christian Village,6685 EAST 117TH AVENUE,IN,Crown Point,Lake,46307,2196620642,RESIDENTIAL CARE FACILITIES,"RESIDENTIAL NFS, NON-FREE STANDING RESIDENTIAL CARE FACILITIES",7/7/21
001215NFS,Cedars The,14409 SUNRISE CT,IN,Leo,Allen,46765,2606272191,RESIDENTIAL CARE FACILITIES,"RESIDENTIAL NFS, NON-FREE STANDING RESIDENTIAL CARE FACILITIES",7/7/21
002280NFS,River Pointe Health Campus,3001 GALAXY DR,IN,Evansville,Vanderburgh,47715,8124752822,RESIDENTIAL CARE FACILITIES,"RESIDENTIAL NFS, NON-FREE STANDING RESIDENTIAL CARE FACILITIES",7/7/21
2392,Terrace At Towne Centre The,7252 ARTHUR BLVD,IN,Merrillville,Lake,46410,2197362900,RESIDENTIAL CARE FACILITIES,"ALL NURSING HOMES, FREESTANDING RESIDENTIAL CARE FACILITIES",7/7/21
002512NFS,Oakwood Health Campus,1143 23RD ST,IN,Tell City,Perry,47586,8125472333,RESIDENTIAL CARE FACILITIES,"RESIDENTIAL NFS, NON-FREE STANDING RESIDENTIAL CARE FACILITIES",7/7/21
2627,Brentwood At Hobart,1420 ST MARY CIR,IN,Hobart,Lake,46342,2199451968,RESIDENTIAL CARE FACILITIES,"ALL NURSING HOMES, FREESTANDING RESIDENTIAL CARE FACILITIES",7/7/21
002628NFS,St Charles Health Campus,3150 ST CHARLES ST,IN,Jasper,Dubois,47546,8126346570,RESIDENTIAL CARE FACILITIES,"RESIDENTIAL NFS, NON-FREE STANDING RESIDENTIAL CARE FACILITIES",7/7/21
2656,Brookdale Granger,430 CLEVELAND RD,IN,Granger,St Joseph,46530,5742439020,RESIDENTIAL CARE FACILITIES,"ALL NURSING HOMES, FREESTANDING RESIDENTIAL CARE FACILITIES",7/7/21
002661NFS,Greenleaf Health Campus,1201 E BEARDSLEY AVE,IN,Elkhart,Elkhart,46514,5742060086,RESIDENTIAL CARE FACILITIES,"RESIDENTIAL NFS, NON-FREE STANDING RESIDENTIAL CARE FACILITIES",7/7/21
002662NFS,Southfield Village,6450 MIAMI CIR,IN,South Bend,St Joseph,46614,5742311000,RESIDENTIAL CARE FACILITIES,"RESIDENTIAL NFS, NON-FREE STANDING RESIDENTIAL CARE FACILITIES",7/7/21
002667NFS,Waterford Place Health Campus,800 ST JOSEPH DR,IN,Kokomo,Howard,46901,7652361239,RESIDENTIAL CARE FACILITIES,"RESIDENTIAL NFS, NON-FREE STANDING RESIDENTIAL CARE FACILITIES",7/7/21
002668NFS,Holy Cross Village At Notre Dame Inc,54515 STATE ROAD 933 NORTH,IN,Notre Dame,St Joseph,46556,5742871838,RESIDENTIAL CARE FACILITIES,"RESIDENTIAL NFS, NON-FREE STANDING RESIDENTIAL CARE FACILITIES",7/7/21
002703NFS,Homewood Health Campus,2494 N LEBANON ST,IN,Lebanon,Boone,46052,7654822076,RESIDENTIAL CARE FACILITIES,"RESIDENTIAL NFS, NON-FREE STANDING RESIDENTIAL CARE FACILITIES",7/7/21
002724NFS,Woodmont Health Campus,1325 ROCKPORT RD,IN,Boonville,Warrick,47601,8128974114,RESIDENTIAL CARE FACILITIES,"RESIDENTIAL NFS, NON-FREE STANDING RESIDENTIAL CARE FACILITIES",7/7/21
2858,Morning Pointe Of Franklin,75 S MILFORD DR,IN,Franklin,Johnson,46131,3177364665,RESIDENTIAL CARE FACILITIES,"ALL NURSING HOMES, FREESTANDING RESIDENTIAL CARE FACILITIES",7/7/21
002910NFS,Heritage Of Huntington,1180 WEST 500 NORTH,IN,Huntington,Huntington,46750,2603552750,RESIDENTIAL CARE FACILITIES,"RESIDENTIAL NFS, NON-FREE STANDING RESIDENTIAL CARE FACILITIES",7/7/21
002955NFS,Silver Oaks Health Campus,2011 CHAPA STREET,IN,Columbus,Bartholomew,47203,8123730787,RESIDENTIAL CARE FACILITIES,"RESIDENTIAL NFS, NON-FREE STANDING RESIDENTIAL CARE FACILITIES",7/7/21
2999,Hearth At Windermere,9745 OLYMPIA DR,IN,Fishers,Hamilton,46038,3175761925,RESIDENTIAL CARE FACILITIES,"ALL NURSING HOMES, FREESTANDING RESIDENTIAL CARE FACILITIES",7/7/21
3000,Kingston At Dupont,1716 E DUPONT RD,IN,Fort Wayne,Allen,46825,2604905111,RESIDENTIAL CARE FACILITIES,"ALL NURSING HOMES, FREESTANDING RESIDENTIAL CARE FACILITIES",7/7/21
003237NFS,Bridgepointe Health Campus,1900 COLLEGE AVE,IN,Vincennes,Knox,47591,8128869870,RESIDENTIAL CARE FACILITIES,"RESIDENTIAL NFS, NON-FREE STANDING RESIDENTIAL CARE FACILITIES",7/7/21
003240NFS,Brookside Village Inc,1111 CHURCH AVE,IN,Jasper,Dubois,47546,8126347750,RESIDENTIAL CARE FACILITIES,"RESIDENTIAL NFS, NON-FREE STANDING RESIDENTIAL CARE FACILITIES",7/7/21
3273,Brookdale Fort Wayne,4730 E STATE BLVD,IN,Fort Wayne,Allen,46815,2604840308,RESIDENTIAL CARE FACILITIES,"ALL NURSING HOMES, FREESTANDING RESIDENTIAL CARE FACILITIES",7/7/21
3282,Rittenhouse Village At Northside,1251 W 96TH ST,IN,Indianapolis,Marion,46260,3175759200,RESIDENTIAL CARE FACILITIES,"ALL NURSING HOMES, FREESTANDING RESIDENTIAL CARE FACILITIES",7/7/21
3283,Wellington At Southport The,7212 US HWY 31 S,IN,Indianapolis,Marion,46227,3178899822,RESIDENTIAL CARE FACILITIES,"ALL NURSING HOMES, FREESTANDING RESIDENTIAL CARE FACILITIES",7/7/21
003342NFS,Covered Bridge Health Campus,1675 W TIPTON ST,IN,Seymour,Jackson,47274,8125236405,RESIDENTIAL CARE FACILITIES,"RESIDENTIAL NFS, NON-FREE STANDING RESIDENTIAL CARE FACILITIES",7/7/21
3376,Tipton Place,460 FORKS OF THE WABASH WAY,IN,Huntington,Huntington,46750,2603562028,RESIDENTIAL CARE FACILITIES,"ALL NURSING HOMES, FREESTANDING RESIDENTIAL CARE FACILITIES",7/7/21
3466,"Wabash Bickford Cottage Opco, Llc",3037 W DIVISION RD,IN,Wabash,Wabash,46992,2605692000,RESIDENTIAL CARE FACILITIES,"ALL NURSING HOMES, FREESTANDING RESIDENTIAL CARE FACILITIES",7/7/21
003575NFS,River Terrace Health Care Center,400 CAYLOR BLVD,IN,Bluffton,Wells,46714,2608248940,RESIDENTIAL CARE FACILITIES,"RESIDENTIAL NFS, NON-FREE STANDING RESIDENTIAL CARE FACILITIES",7/7/21
003624NFS,Providence Health Care Center,1 SISTERS OF PROVIDENCE,IN,St Mary Of The Woods,Vigo,47876,8125354001,RESIDENTIAL CARE FACILITIES,"RESIDENTIAL NFS, NON-FREE STANDING RESIDENTIAL CARE FACILITIES",7/7/21
003673NFS,University Place Health Center And Assisted Living,1750 LINDBERG RD,IN,West Lafayette,Tippecanoe,47906,7654645600,RESIDENTIAL CARE FACILITIES,"RESIDENTIAL NFS, NON-FREE STANDING RESIDENTIAL CARE FACILITIES",7/7/21
3674,Crawfordsville Bickford Cottage Llc,100 BICKFORD LN,IN,Crawfordsville,Montgomery,47933,7653622000,RESIDENTIAL CARE FACILITIES,"ALL NURSING HOMES, FREESTANDING RESIDENTIAL CARE FACILITIES",7/7/21
003691NFS,Woodbridge Health Campus,602 WOODBRIDGE AVE,IN,Logansport,Cass,46947,5747533223,RESIDENTIAL CARE FACILITIES,"RESIDENTIAL NFS, NON-FREE STANDING RESIDENTIAL CARE FACILITIES",7/7/21
3902,Hearth At Prestwick,182 S CR 550 E,IN,Avon,Hendricks,46123,3177452766,RESIDENTIAL CARE FACILITIES,"ALL NURSING HOMES, FREESTANDING RESIDENTIAL CARE FACILITIES",7/7/21
3915,Bloom At Eagle Creek,5045 W 52ND ST,IN,Indianapolis,Marion,46254,3172932929,RESIDENTIAL CARE FACILITIES,"ALL NURSING HOMES, FREESTANDING RESIDENTIAL CARE FACILITIES",7/7/21
3916,Bloom At German Church,2250 HARVEST MOON DR,IN,Indianapolis,Marion,46229,3172498902,RESIDENTIAL CARE FACILITIES,"ALL NURSING HOMES, FREESTANDING RESIDENTIAL CARE FACILITIES",7/7/21
003924NFS,Stonebridge Health Campus,3100 SHAWNEE DR S,IN,Bedford,Lawrence,47421,8122788195,RESIDENTIAL CARE FACILITIES,"RESIDENTIAL NFS, NON-FREE STANDING RESIDENTIAL CARE FACILITIES",7/7/21
3984,Worthington Place,10799 ALLIANCE DR,IN,Camby,Marion,46113,3178566224,RESIDENTIAL CARE FACILITIES,"ALL NURSING HOMES, FREESTANDING RESIDENTIAL CARE FACILITIES",7/7/21
4001,Windsor Ridge,2700 WATERS EDGE PKWY,IN,Jeffersonville,Clark,47130,8122844336,RESIDENTIAL CARE FACILITIES,"ALL NURSING HOMES, FREESTANDING RESIDENTIAL CARE FACILITIES",7/7/21
4011,Bliss Place,3008 SHAWNEE DR S,IN,Bedford,Lawrence,47421,8122752468,RESIDENTIAL CARE FACILITIES,"ALL NURSING HOMES, FREESTANDING RESIDENTIAL CARE FACILITIES",7/7/21
4016,Monroe Place,2770 S ADAMS RD,IN,Bloomington,Monroe,47403,8123318153,RESIDENTIAL CARE FACILITIES,"ALL NURSING HOMES, FREESTANDING RESIDENTIAL CARE FACILITIES",7/7/21
4017,Christina Place,1435 CHRISTIAN BLVD,IN,Franklin,Johnson,46131,3175356550,RESIDENTIAL CARE FACILITIES,"ALL NURSING HOMES, FREESTANDING RESIDENTIAL CARE FACILITIES",7/7/21
4028,York Place,725 W 50TH ST,IN,Marion,Grant,46953,7656770095,RESIDENTIAL CARE FACILITIES,"ALL NURSING HOMES, FREESTANDING RESIDENTIAL CARE FACILITIES",7/7/21
004075NFS,Thornton Terrace Health Campus,188 THORNTON RD,IN,Hanover,Jefferson,47243,8128668396,RESIDENTIAL CARE FACILITIES,"RESIDENTIAL NFS, NON-FREE STANDING RESIDENTIAL CARE FACILITIES",7/7/21
004130NFS,Riveroaks Health Campus,1244 VAIL ST,IN,Princeton,Gibson,47670,8123850794,RESIDENTIAL CARE FACILITIES,"RESIDENTIAL NFS, NON-FREE STANDING RESIDENTIAL CARE FACILITIES",7/7/21
004268NFS,Ashford Place Health Campus,2200 N RILEY HWY,IN,Shelbyville,Shelby,46176,3173988422,RESIDENTIAL CARE FACILITIES,"RESIDENTIAL NFS, NON-FREE STANDING RESIDENTIAL CARE FACILITIES",7/7/21
4352,Jewel Place,607 VIRGINIA AVE,IN,Madison,Jefferson,47250,8122730432,RESIDENTIAL CARE FACILITIES,"ALL NURSING HOMES, FREESTANDING RESIDENTIAL CARE FACILITIES",7/7/21
4353,Elkhart Place,2024 COUNTY ROAD 24,IN,Elkhart,Elkhart,46517,5742959058,RESIDENTIAL CARE FACILITIES,"ALL NURSING HOMES, FREESTANDING RESIDENTIAL CARE FACILITIES",7/7/21
4376,Seymour Place,2288 NICHOLAS CT,IN,Seymour,Jackson,47274,8125238991,RESIDENTIAL CARE FACILITIES,"ALL NURSING HOMES, FREESTANDING RESIDENTIAL CARE FACILITIES",7/7/21
4392,Digby Place,167 CR W 240 S,IN,Lafayette,Tippecanoe,47905,7654718552,RESIDENTIAL CARE FACILITIES,"ALL NURSING HOMES, FREESTANDING RESIDENTIAL CARE FACILITIES",7/7/21
4417,Five Star Residences Of Noblesville,7235 RIVERWALK WAY N,IN,Noblesville,Hamilton,46062,3177700011,RESIDENTIAL CARE FACILITIES,"ALL NURSING HOMES, FREESTANDING RESIDENTIAL CARE FACILITIES",7/7/21
4419,Whitlock Place,1719 S ELM ST,IN,Crawfordsville,Montgomery,47933,7653641880,RESIDENTIAL CARE FACILITIES,"ALL NURSING HOMES, FREESTANDING RESIDENTIAL CARE FACILITIES",7/7/21
4426,Addison Place,2244 Q AVE,IN,New Castle,Henry,47362,7655213220,RESIDENTIAL CARE FACILITIES,"ALL NURSING HOMES, FREESTANDING RESIDENTIAL CARE FACILITIES",7/7/21
4428,Lynd Place,2410 E MCGALLIARD RD,IN,Muncie,Delaware,47303,7652847670,RESIDENTIAL CARE FACILITIES,"ALL NURSING HOMES, FREESTANDING RESIDENTIAL CARE FACILITIES",7/7/21
4440,Chandler Place,2879 S LIMA RD,IN,Kendallville,Noble,46755,2603491030,RESIDENTIAL CARE FACILITIES,"ALL NURSING HOMES, FREESTANDING RESIDENTIAL CARE FACILITIES",7/7/21
4441,Mckinney Place,3901 HIGH STREET RD,IN,Logansport,Cass,46947,5747392134,RESIDENTIAL CARE FACILITIES,"ALL NURSING HOMES, FREESTANDING RESIDENTIAL CARE FACILITIES",7/7/21
4442,Bennett Place,3928 HORNE AVE,IN,New Albany,Floyd,47150,8129481960,RESIDENTIAL CARE FACILITIES,"ALL NURSING HOMES, FREESTANDING RESIDENTIAL CARE FACILITIES",7/7/21
4444,Walker Place,2216 N RILEY HWY,IN,Shelbyville,Shelby,46176,3173923370,RESIDENTIAL CARE FACILITIES,"ALL NURSING HOMES, FREESTANDING RESIDENTIAL CARE FACILITIES",7/7/21
4458,Settlers Place,3304 MONROE ST,IN,La Porte,La Porte,46350,2193267283,RESIDENTIAL CARE FACILITIES,"ALL NURSING HOMES, FREESTANDING RESIDENTIAL CARE FACILITIES",7/7/21
4503,Lafayette Bickford Cottage Llc,3633 REGAL VALLEY DR,IN,Lafayette,Tippecanoe,47901,7654770770,RESIDENTIAL CARE FACILITIES,"ALL NURSING HOMES, FREESTANDING RESIDENTIAL CARE FACILITIES",7/7/21
004550NFS,Mill Pond Health Campus,1014 MILL POND LANE,IN,Greencastle,Putnam,46135,7656534397,RESIDENTIAL CARE FACILITIES,"RESIDENTIAL NFS, NON-FREE STANDING RESIDENTIAL CARE FACILITIES",7/7/21
004671NFS,St Andrews Health Campus,1400 LAMMERS PIKE,IN,Batesville,Ripley,47006,8129345090,RESIDENTIAL CARE FACILITIES,"RESIDENTIAL NFS, NON-FREE STANDING RESIDENTIAL CARE FACILITIES",7/7/21
4686,Hamilton Place,2116 BUTLER RD,IN,Fort Wayne,Allen,46815,2604710944,RESIDENTIAL CARE FACILITIES,"ALL NURSING HOMES, FREESTANDING RESIDENTIAL CARE FACILITIES",7/7/21
004831NFS,Meadow Lakes,200 MEADOW LAKE DR,IN,Mooresville,Morgan,46158,3178341791,RESIDENTIAL CARE FACILITIES,"RESIDENTIAL NFS, NON-FREE STANDING RESIDENTIAL CARE FACILITIES",7/7/21
004902NFS,Hampton Oaks Health Campus,966 N WILSON RD,IN,Scottsburg,Scott,47170,8127522694,RESIDENTIAL CARE FACILITIES,"RESIDENTIAL NFS, NON-FREE STANDING RESIDENTIAL CARE FACILITIES",7/7/21
4903,Bell Oaks Place,4200 WYNTREE DR,IN,Newburgh,Warrick,47630,8128580488,RESIDENTIAL CARE FACILITIES,"ALL NURSING HOMES, FREESTANDING RESIDENTIAL CARE FACILITIES",7/7/21
4904,Emerald Place,297 S 100 E,IN,Washington,Daviess,47501,8122545230,RESIDENTIAL CARE FACILITIES,"ALL NURSING HOMES, FREESTANDING RESIDENTIAL CARE FACILITIES",7/7/21
5616,Bridge At Garden Plaza,8614 W 10TH  ST,IN,Indianapolis,Marion,46234,3172711020,RESIDENTIAL CARE FACILITIES,"ALL NURSING HOMES, FREESTANDING RESIDENTIAL CARE FACILITIES",7/7/21
5657,Sanders Glen,334 S CHERRY ST,IN,Westfield,Hamilton,46074,3178670212,RESIDENTIAL CARE FACILITIES,"ALL NURSING HOMES, FREESTANDING RESIDENTIAL CARE FACILITIES",7/7/21
5722,Hearth At Stones Crossing Llc The,2339 S STATE ROAD 135,IN,Greenwood,Johnson,46143,3175350422,RESIDENTIAL CARE FACILITIES,"ALL NURSING HOMES, FREESTANDING RESIDENTIAL CARE FACILITIES",7/7/21
5729,Crownpointe Of Indianapolis,7365 E 16TH ST,IN,Indianapolis,Marion,46219,3173512578,RESIDENTIAL CARE FACILITIES,"ALL NURSING HOMES, FREESTANDING RESIDENTIAL CARE FACILITIES",7/7/21
5846,Coventry Meadows Assisted Living,7833 W JEFFERSON BLVD,IN,Fort Wayne,Allen,46804,2604324848,RESIDENTIAL CARE FACILITIES,"ALL NURSING HOMES, FREESTANDING RESIDENTIAL CARE FACILITIES",7/7/21
005954NFS,Springhurst Health Campus,628 N MERIDIAN RD,IN,Greenfield,Hancock,46140,3174627067,RESIDENTIAL CARE FACILITIES,"RESIDENTIAL NFS, NON-FREE STANDING RESIDENTIAL CARE FACILITIES",7/7/21
6489,Chateau Of Batesville,44 CHATEAU BLVD,IN,Batesville,Ripley,47006,8129328888,RESIDENTIAL CARE FACILITIES,"ALL NURSING HOMES, FREESTANDING RESIDENTIAL CARE FACILITIES",7/7/21
9669,Tanglewood Trace,530 W TANGLEWOOD LN,IN,Mishawaka,St Joseph,46545,5742774310,RESIDENTIAL CARE FACILITIES,"ALL NURSING HOMES, FREESTANDING RESIDENTIAL CARE FACILITIES",7/7/21
9894,"Wyndmoor Of Castleton, Llc",8480 CRAIG ST,IN,Indianapolis,Marion,46250,3178426564,RESIDENTIAL CARE FACILITIES,"ALL NURSING HOMES, FREESTANDING RESIDENTIAL CARE FACILITIES",7/7/21
10064,Kesslerwood Place,5011 KESSLER BLVD E,IN,Indianapolis,Marion,46220,3172511300,RESIDENTIAL CARE FACILITIES,"ALL NURSING HOMES, FREESTANDING RESIDENTIAL CARE FACILITIES",7/7/21
10065,Eastlake Terrace,3109 E BRISTOL,IN,Elkhart,Elkhart,46514,5742664508,RESIDENTIAL CARE FACILITIES,"ALL NURSING HOMES, FREESTANDING RESIDENTIAL CARE FACILITIES",7/7/21
10234,Willow Lake Place,2725 LAKE CIRCLE DR,IN,Indianapolis,Marion,46268,3173349400,RESIDENTIAL CARE FACILITIES,"ALL NURSING HOMES, FREESTANDING RESIDENTIAL CARE FACILITIES",7/7/21
10235,Chapman Place,3110 E COLISEUM BLVD,IN,Fort Wayne,Allen,46805,2604713110,RESIDENTIAL CARE FACILITIES,"ALL NURSING HOMES, FREESTANDING RESIDENTIAL CARE FACILITIES",7/7/21
10409,Keystone Woods,2335 N MADISON AVE,IN,Anderson,Madison,46011,7656428020,RESIDENTIAL CARE FACILITIES,"ALL NURSING HOMES, FREESTANDING RESIDENTIAL CARE FACILITIES",7/7/21
10416,Brookdale Carmel,301 EXECUTIVE DR,IN,Carmel,Hamilton,46032,3175800389,RESIDENTIAL CARE FACILITIES,"ALL NURSING HOMES, FREESTANDING RESIDENTIAL CARE FACILITIES",7/7/21
10610,Trail Creek Place- Assisted Living,1400 E COOLSPRING AVE,IN,Michigan City,La Porte,46360,2198745500,RESIDENTIAL CARE FACILITIES,"ALL NURSING HOMES, FREESTANDING RESIDENTIAL CARE FACILITIES",7/7/21
10667,Brookdale South Bend,17441 SR 23,IN,South Bend,St Joseph,46635,5742732233,RESIDENTIAL CARE FACILITIES,"ALL NURSING HOMES, FREESTANDING RESIDENTIAL CARE FACILITIES",7/7/21
10680,Keepsake Village Of Columbus,2564 FOXPOINTE DR,IN,Columbus,Bartholomew,47201,8123720950,RESIDENTIAL CARE FACILITIES,"ALL NURSING HOMES, FREESTANDING RESIDENTIAL CARE FACILITIES",7/7/21
10681,Wyndmoor Of Evansville Llc,6521 GREENDALE DR,IN,Evansville,Vanderburgh,47711,8128677900,RESIDENTIAL CARE FACILITIES,"ALL NURSING HOMES, FREESTANDING RESIDENTIAL CARE FACILITIES",7/7/21
10682,"Wyndmoor Of Marion, Llc",2452 W KEM RD,IN,Marion,Grant,46952,7653844500,RESIDENTIAL CARE FACILITIES,"ALL NURSING HOMES, FREESTANDING RESIDENTIAL CARE FACILITIES",7/7/21
010739NFS,Spring Mill Health Campus,101 W 87TH AVE,IN,Merrillville,Lake,46410,2197560744,RESIDENTIAL CARE FACILITIES,"RESIDENTIAL NFS, NON-FREE STANDING RESIDENTIAL CARE FACILITIES",7/7/21
10757,Brookdale Valparaiso,2601 VALPARAISO ST,IN,Valparaiso,Porter,46383,2195482230,RESIDENTIAL CARE FACILITIES,"ALL NURSING HOMES, FREESTANDING RESIDENTIAL CARE FACILITIES",7/7/21
010823NFS,Oak Grove Christian Retirement Village,221 W DIVISION ST,IN,Demotte,Jasper,46310,2199877005,RESIDENTIAL CARE FACILITIES,"RESIDENTIAL NFS, NON-FREE STANDING RESIDENTIAL CARE FACILITIES",7/7/21
10885,Riverbend,2715 CHARLESTOWN PIKE,IN,Jeffersonville,Clark,47130,8122800965,RESIDENTIAL CARE FACILITIES,"ALL NURSING HOMES, FREESTANDING RESIDENTIAL CARE FACILITIES",7/7/21
10886,Elmcroft Of Muncie,1601 N MORRISON RD,IN,Muncie,Delaware,47304,7652894260,RESIDENTIAL CARE FACILITIES,"ALL NURSING HOMES, FREESTANDING RESIDENTIAL CARE FACILITIES",7/7/21
10887,Virginia Place,8253 VIRGINIA ST,IN,Merrillville,Lake,46410,2197369383,RESIDENTIAL CARE FACILITIES,"ALL NURSING HOMES, FREESTANDING RESIDENTIAL CARE FACILITIES",7/7/21
10888,Brookdale Richmond,3700 SOUTH A STREET,IN,Richmond,Wayne,47374,7659393310,RESIDENTIAL CARE FACILITIES,"ALL NURSING HOMES, FREESTANDING RESIDENTIAL CARE FACILITIES",7/7/21
10889,"Wyndmoor Of Portage, Llc",3444 SWANSON RD,IN,Portage,Porter,46368,2197634867,RESIDENTIAL CARE FACILITIES,"ALL NURSING HOMES, FREESTANDING RESIDENTIAL CARE FACILITIES",7/7/21
10890,Brentwood At Laporte,2002 ANDREW AVE,IN,La Porte,La Porte,46350,2193251599,RESIDENTIAL CARE FACILITIES,"ALL NURSING HOMES, FREESTANDING RESIDENTIAL CARE FACILITIES",7/7/21
010930NFS,Terrace At Solarbron The,1701 MCDOWELL RD,IN,Evansville,Vanderburgh,47712,8129850055,RESIDENTIAL CARE FACILITIES,"RESIDENTIAL NFS, NON-FREE STANDING RESIDENTIAL CARE FACILITIES",7/7/21
10937,Assisted Living At Hartsfield Village,10002 COLUMBIA AVE,IN,Munster,Lake,46321,2199340580,RESIDENTIAL CARE FACILITIES,"ALL NURSING HOMES, FREESTANDING RESIDENTIAL CARE FACILITIES",7/7/21
011039NFS,Morning Breeze Retirement Community And Healthcare,950 N LAKEVIEW DR,IN,Greensburg,Decatur,47240,8126627778,RESIDENTIAL CARE FACILITIES,"RESIDENTIAL NFS, NON-FREE STANDING RESIDENTIAL CARE FACILITIES",7/7/21
011045NFS,Bethany Pointe Health Campus,1707 BETHANY RD,IN,Anderson,Madison,46012,7656221211,RESIDENTIAL CARE FACILITIES,"RESIDENTIAL NFS, NON-FREE STANDING RESIDENTIAL CARE FACILITIES",7/7/21
11075,Kokomo Place,3025 W SYCAMORE ST,IN,Kokomo,Howard,46901,7654561490,RESIDENTIAL CARE FACILITIES,"ALL NURSING HOMES, FREESTANDING RESIDENTIAL CARE FACILITIES",7/7/21
11076,Brookdale Bloomington,3802 SARE RD,IN,Bloomington,Monroe,47401,8123300885,RESIDENTIAL CARE FACILITIES,"ALL NURSING HOMES, FREESTANDING RESIDENTIAL CARE FACILITIES",7/7/21
011150NFS,Waterford Crossing,1332 WATERFORD CIR,IN,Goshen,Elkhart,46526,5745343920,RESIDENTIAL CARE FACILITIES,"RESIDENTIAL NFS, NON-FREE STANDING RESIDENTIAL CARE FACILITIES",7/7/21
011151NFS,"Retreat At The Stratford, The",2460 GLEBE ST,IN,Carmel,Hamilton,46032,3177339560,RESIDENTIAL CARE FACILITIES,"RESIDENTIAL NFS, NON-FREE STANDING RESIDENTIAL CARE FACILITIES",7/7/21
011187NFS,Glen Oaks Health Campus,601 W CR 200 S,IN,New Castle,Henry,47362,7655295796,RESIDENTIAL CARE FACILITIES,"RESIDENTIAL NFS, NON-FREE STANDING RESIDENTIAL CARE FACILITIES",7/7/21
11274,Riverwalk Communities,401 S.E. 6TH STREET,IN,Evansville,Vanderburgh,47713,8124251041,RESIDENTIAL CARE FACILITIES,"ALL NURSING HOMES, FREESTANDING RESIDENTIAL CARE FACILITIES",7/7/21
011296NFS,North Ridge Village Nursing & Rehabilitation Cente,600 TRAIL RIDGE RD,IN,Albion,Noble,46701,2606361000,RESIDENTIAL CARE FACILITIES,"RESIDENTIAL NFS, NON-FREE STANDING RESIDENTIAL CARE FACILITIES",7/7/21
11366,Bloom At Kokomo,2800 S DIXON RD,IN,Kokomo,Howard,46902,7654552828,RESIDENTIAL CARE FACILITIES,"ALL NURSING HOMES, FREESTANDING RESIDENTIAL CARE FACILITIES",7/7/21
011387NFS,Forest Park Health Campus,2401 SOUTH L ST,IN,Richmond,Wayne,47374,7659665705,RESIDENTIAL CARE FACILITIES,"RESIDENTIAL NFS, NON-FREE STANDING RESIDENTIAL CARE FACILITIES",7/7/21
11389,Lake City Place,425 CHINWORTH CT,IN,Warsaw,Kosciusko,46580,5742673873,RESIDENTIAL CARE FACILITIES,"ALL NURSING HOMES, FREESTANDING RESIDENTIAL CARE FACILITIES",7/7/21
11478,Country Charm,3177 MERIDIAN PARKE DR,IN,Greenwood,Johnson,46142,3178825455,RESIDENTIAL CARE FACILITIES,"ALL NURSING HOMES, FREESTANDING RESIDENTIAL CARE FACILITIES",7/7/21
011509NFS,Villas Of Guerin Woods,1002 SISTER BARBARA WAY,IN,Georgetown,Floyd,47122,8129511878,RESIDENTIAL CARE FACILITIES,"RESIDENTIAL NFS, NON-FREE STANDING RESIDENTIAL CARE FACILITIES",7/7/21
11555,Primrose Retirement Community Of Kokomo,329 W RAINBOW DR,IN,Kokomo,Howard,46901,7654551700,RESIDENTIAL CARE FACILITIES,"ALL NURSING HOMES, FREESTANDING RESIDENTIAL CARE FACILITIES",7/7/21
11587,Rosewalk At Lutherwoods,1301 N RITTER AVE,IN,Indianapolis,Marion,46219,3173562760,RESIDENTIAL CARE FACILITIES,"ALL NURSING HOMES, FREESTANDING RESIDENTIAL CARE FACILITIES",7/7/21
011596NFS,Morrison Woods Health Campus,4100 N MORRISON RD,IN,Muncie,Delaware,47304,7652869066,RESIDENTIAL CARE FACILITIES,"RESIDENTIAL NFS, NON-FREE STANDING RESIDENTIAL CARE FACILITIES",7/7/21
11799,Greenbriar Village,8800 SPOON DR,IN,Indianapolis,Marion,46219,3178996777,RESIDENTIAL CARE FACILITIES,"ALL NURSING HOMES, FREESTANDING RESIDENTIAL CARE FACILITIES",7/7/21
11804,Hearth At Sycamore Village Llc,611 W COUNTY LINE RD SOUTH,IN,Fort Wayne,Allen,46814,2606254025,RESIDENTIAL CARE FACILITIES,"ALL NURSING HOMES, FREESTANDING RESIDENTIAL CARE FACILITIES",7/7/21
11806,Primrose Retirement Community Of Anderson,1118 W CROSS ST,IN,Anderson,Madison,46011,7656435000,RESIDENTIAL CARE FACILITIES,"ALL NURSING HOMES, FREESTANDING RESIDENTIAL CARE FACILITIES",7/7/21
11840,Summit Place West,55 N MISSION DR,IN,Indianapolis,Marion,46214,3172442600,RESIDENTIAL CARE FACILITIES,"ALL NURSING HOMES, FREESTANDING RESIDENTIAL CARE FACILITIES",7/7/21
011906NFS,Cobblestone Crossings Health Campus,1850 E HOWARD WAYNE DR,IN,Terre Haute,Vigo,47802,8122320406,RESIDENTIAL CARE FACILITIES,"RESIDENTIAL NFS, NON-FREE STANDING RESIDENTIAL CARE FACILITIES",7/7/21
11914,Crown Pointe Senior Living Community,1034 CROWN POINTE BLVD,IN,Greensburg,Decatur,47240,8126628888,RESIDENTIAL CARE FACILITIES,"ALL NURSING HOMES, FREESTANDING RESIDENTIAL CARE FACILITIES",7/7/21
11970,Vermillion Place,449 MAIN ST,IN,Anderson,Madison,46016,7656227825,RESIDENTIAL CARE FACILITIES,"ALL NURSING HOMES, FREESTANDING RESIDENTIAL CARE FACILITIES",7/7/21
12007,River Crossing Assisted Living,2400 MARKET ST,IN,Charlestown,Clark,47111,8124061099,RESIDENTIAL CARE FACILITIES,"ALL NURSING HOMES, FREESTANDING RESIDENTIAL CARE FACILITIES",7/7/21
12107,Apple Ridge Assisted Living And Memory Care,3320 EAST STATE BOULEVARD,IN,Fort Wayne,Allen,46805,2604834343,RESIDENTIAL CARE FACILITIES,"ALL NURSING HOMES, FREESTANDING RESIDENTIAL CARE FACILITIES",7/7/21
12129,Crownpointe Of Anderson,2727 CROWNPOINTE CIRCLE,IN,Anderson,Madison,46012,7656419995,RESIDENTIAL CARE FACILITIES,"ALL NURSING HOMES, FREESTANDING RESIDENTIAL CARE FACILITIES",7/7/21
12141,Sunrise On Old Meridian,12130 OLD MERIDIAN ST,IN,Carmel,Hamilton,46032,3175690100,RESIDENTIAL CARE FACILITIES,"ALL NURSING HOMES, FREESTANDING RESIDENTIAL CARE FACILITIES",7/7/21
12161,Azalea Hills,3700 LAFAYETTE PKWY,IN,Floyds Knobs,Floyd,47119,8129234888,RESIDENTIAL CARE FACILITIES,"ALL NURSING HOMES, FREESTANDING RESIDENTIAL CARE FACILITIES",7/7/21
12180,Rittenhouse Village At Michigan City,4300 CLEVELAND RD,IN,Michigan City,La Porte,46360,2198726800,RESIDENTIAL CARE FACILITIES,"ALL NURSING HOMES, FREESTANDING RESIDENTIAL CARE FACILITIES",7/7/21
12181,Rittenhouse Village At Valparaiso,1300 VALE PARK RD,IN,Valparaiso,Porter,46383,2195312484,RESIDENTIAL CARE FACILITIES,"ALL NURSING HOMES, FREESTANDING RESIDENTIAL CARE FACILITIES",7/7/21
12229,Hearth At Juday Creek Llc,6330 N FIR RD,IN,Granger,St Joseph,46530,5742435557,RESIDENTIAL CARE FACILITIES,"ALL NURSING HOMES, FREESTANDING RESIDENTIAL CARE FACILITIES",7/7/21
12263,Hearth At Tudor Gardens Llc,11755  N MICHIGAN RD,IN,Zionsville,Boone,46077,3178736300,RESIDENTIAL CARE FACILITIES,"ALL NURSING HOMES, FREESTANDING RESIDENTIAL CARE FACILITIES",7/7/21
012285NFS,Creasy Springs Health Campus,1750 S CREASY LN,IN,Lafayette,Tippecanoe,47905,7654476600,RESIDENTIAL CARE FACILITIES,"RESIDENTIAL NFS, NON-FREE STANDING RESIDENTIAL CARE FACILITIES",7/7/21
12288,Lamplight Inn Of Fort Wayne,300 E WASHINGTON BLVD,IN,Fort Wayne,Allen,46802,2604225511,RESIDENTIAL CARE FACILITIES,"ALL NURSING HOMES, FREESTANDING RESIDENTIAL CARE FACILITIES",7/7/21
012305NFS,Prairie Lakes Health Campus,9730 PRAIRIE LAKES BLVD EAST,IN,Noblesville,Hamilton,46060,3177703644,RESIDENTIAL CARE FACILITIES,"RESIDENTIAL NFS, NON-FREE STANDING RESIDENTIAL CARE FACILITIES",7/7/21
12309,Crownpointe Of Carmel,11610 TECHNOLOGY DR,IN,Carmel,Hamilton,46032,3178181786,RESIDENTIAL CARE FACILITIES,"ALL NURSING HOMES, FREESTANDING RESIDENTIAL CARE FACILITIES",7/7/21
012355NFS,White Oak Health Campus,814 S 6TH ST,IN,Monticello,White,47960,5745830324,RESIDENTIAL CARE FACILITIES,"RESIDENTIAL NFS, NON-FREE STANDING RESIDENTIAL CARE FACILITIES",7/7/21
12394,Sugar Grove Senior Living,5865 SUGAR LN,IN,Plainfield,Hendricks,46168,3178397900,RESIDENTIAL CARE FACILITIES,"ALL NURSING HOMES, FREESTANDING RESIDENTIAL CARE FACILITIES",7/7/21
12396,Rittenhouse Village At Portage,6235 STERLING CREEK RD,IN,Portage,Porter,46368,2197642900,RESIDENTIAL CARE FACILITIES,"ALL NURSING HOMES, FREESTANDING RESIDENTIAL CARE FACILITIES",7/7/21
012448NFS,West River Health Campus,714 S EICKHOFF RD,IN,Evansville,Vanderburgh,47712,8129859878,RESIDENTIAL CARE FACILITIES,"RESIDENTIAL NFS, NON-FREE STANDING RESIDENTIAL CARE FACILITIES",7/7/21
12497,"Senior Suites At The Leland, Llc",900 SOUTH A STREET,IN,Richmond,Wayne,47374,7659396500,RESIDENTIAL CARE FACILITIES,"ALL NURSING HOMES, FREESTANDING RESIDENTIAL CARE FACILITIES",7/7/21
012523NFS,Ridgewood Health Campus,181 CAMPUS DR,IN,Lawrenceburg,Dearborn,47025,8125375700,RESIDENTIAL CARE FACILITIES,"RESIDENTIAL NFS, NON-FREE STANDING RESIDENTIAL CARE FACILITIES",7/7/21
012565NFS,Blair Ridge Health Campus,269 MEADOWVIEW DR,IN,Peru,Miami,46970,7654728049,RESIDENTIAL CARE FACILITIES,"RESIDENTIAL NFS, NON-FREE STANDING RESIDENTIAL CARE FACILITIES",7/7/21
12582,"Park Place Ii, Llc",4411 PARK PLACE DR,IN,Fort Wayne,Allen,46845,2604802500,RESIDENTIAL CARE FACILITIES,"ALL NURSING HOMES, FREESTANDING RESIDENTIAL CARE FACILITIES",7/7/21
012619NFS,Villages At Historic Silvercrest The,1 SILVERCREST DRIVE,IN,New Albany,Floyd,47150,8125426720,RESIDENTIAL CARE FACILITIES,"RESIDENTIAL NFS, NON-FREE STANDING RESIDENTIAL CARE FACILITIES",7/7/21
012644NFS,Hamilton Trace Of Fishers,11851 CUMBERLAND RD,IN,Fishers,Hamilton,46037,3178134444,RESIDENTIAL CARE FACILITIES,"RESIDENTIAL NFS, NON-FREE STANDING RESIDENTIAL CARE FACILITIES",7/7/21
12688,"Vannoni Living Center, The",500 LINCOLNWAY EAST,IN,Mishawaka,St Joseph,46544,5748553937,RESIDENTIAL CARE FACILITIES,"ALL NURSING HOMES, FREESTANDING RESIDENTIAL CARE FACILITIES",7/7/21
12706,Autumn Hills Alzheimer'S Special Care Center,3203 MOORES PIKE ROAD,IN,Bloomington,Monroe,47401,8123354655,RESIDENTIAL CARE FACILITIES,"ALL NURSING HOMES, FREESTANDING RESIDENTIAL CARE FACILITIES",7/7/21
012766NFS,Avalon Springs Health Campus,2400 SILHAVY ROAD,IN,Valparaiso,Porter,46383,2194621778,RESIDENTIAL CARE FACILITIES,"RESIDENTIAL NFS, NON-FREE STANDING RESIDENTIAL CARE FACILITIES",7/7/21
12798,Crownpointe Of Greenfield,831 SWOPE STREET,IN,Greenfield,Hancock,46140,3174679317,RESIDENTIAL CARE FACILITIES,"ALL NURSING HOMES, FREESTANDING RESIDENTIAL CARE FACILITIES",7/7/21
012809NFS,Aperion Care Marion Llc,614 WEST 14TH STREET,IN,Marion,Grant,46953,7656623701,RESIDENTIAL CARE FACILITIES,"RESIDENTIAL NFS, NON-FREE STANDING RESIDENTIAL CARE FACILITIES",7/7/21
012854NFS,Aspen Place Health Campus,2320 N MONTGOMERY ROAD,IN,Greensburg,Decatur,47240,8125272222,RESIDENTIAL CARE FACILITIES,"RESIDENTIAL NFS, NON-FREE STANDING RESIDENTIAL CARE FACILITIES",7/7/21
012931NFS,"Heritage Of Fort Wayne, The",5250 HERITAGE PARKWAY,IN,Fort Wayne,Allen,46835,2602096279,RESIDENTIAL CARE FACILITIES,"RESIDENTIAL NFS, NON-FREE STANDING RESIDENTIAL CARE FACILITIES",7/7/21
12936,Rosegate Commons Assisted Living,7525 ROSEGATE DRIVE,IN,Indianapolis,Marion,46237,3178890100,RESIDENTIAL CARE FACILITIES,"ALL NURSING HOMES, FREESTANDING RESIDENTIAL CARE FACILITIES",7/7/21
012937NFS,Wellbrooke Of Westfield,937 E 186TH STREET,IN,Westfield,Hamilton,46074,3178048044,RESIDENTIAL CARE FACILITIES,"RESIDENTIAL NFS, NON-FREE STANDING RESIDENTIAL CARE FACILITIES",7/7/21
12938,Bickford Of Greenwood,3021 STELLA DRIVE,IN,Greenwood,Johnson,46143,3178073077,RESIDENTIAL CARE FACILITIES,"ALL NURSING HOMES, FREESTANDING RESIDENTIAL CARE FACILITIES",7/7/21
12940,Bickford Of Crown Point,140 E 107TH AVENUE,IN,Crown Point,Lake,46307,2196630972,RESIDENTIAL CARE FACILITIES,"ALL NURSING HOMES, FREESTANDING RESIDENTIAL CARE FACILITIES",7/7/21
012966NFS,Hamilton Pointe Health And Rehab,3800 ELI PLACE,IN,Newburgh,Warrick,47630,8128585300,RESIDENTIAL CARE FACILITIES,"RESIDENTIAL NFS, NON-FREE STANDING RESIDENTIAL CARE FACILITIES",7/7/21
012974NFS,Hearthstone Health Campus,3043 NORTH LINTEL DRIVE,IN,Bloomington,Monroe,47404,8123337622,RESIDENTIAL CARE FACILITIES,"RESIDENTIAL NFS, NON-FREE STANDING RESIDENTIAL CARE FACILITIES",7/7/21
012993NFS,Wellbrooke Of Wabash,20 JOHN KISSINGER DRIVE,IN,Wabash,Wabash,46992,2602740444,RESIDENTIAL CARE FACILITIES,"RESIDENTIAL NFS, NON-FREE STANDING RESIDENTIAL CARE FACILITIES",7/7/21
013005NFS,Arlington Place Health Campus,1635 N ARLINGTON AVE,IN,Indianapolis,Marion,46218,3173536000,RESIDENTIAL CARE FACILITIES,"RESIDENTIAL NFS, NON-FREE STANDING RESIDENTIAL CARE FACILITIES",7/7/21
013017NFS,Sprenger Health Care Of Mishawaka,60257 BODNAR BLVD,IN,Mishawaka,St Joseph,46544,5742221234,RESIDENTIAL CARE FACILITIES,"RESIDENTIAL NFS, NON-FREE STANDING RESIDENTIAL CARE FACILITIES",7/7/21
013019NFS,Clearvista Lake Health Campus,8405 CLEARVISTA PLACE,IN,Indianapolis,Marion,46256,3175787500,RESIDENTIAL CARE FACILITIES,"RESIDENTIAL NFS, NON-FREE STANDING RESIDENTIAL CARE FACILITIES",7/7/21
13039,Allisonville Meadows Assisted Living,10410 ALLISONVILLE ROAD,IN,Fishers,Hamilton,46038,3174366400,RESIDENTIAL CARE FACILITIES,"ALL NURSING HOMES, FREESTANDING RESIDENTIAL CARE FACILITIES",7/7/21
13045,Aster Place,741 PARK EAST BLVD,IN,Lafayette,Tippecanoe,47905,7654463540,RESIDENTIAL CARE FACILITIES,"ALL NURSING HOMES, FREESTANDING RESIDENTIAL CARE FACILITIES",7/7/21
13069,Residences At Deer Creek,401 EAST US 30,IN,Schererville,Lake,46375,2198640700,RESIDENTIAL CARE FACILITIES,"ALL NURSING HOMES, FREESTANDING RESIDENTIAL CARE FACILITIES",7/7/21
013085NFS,Wellbrooke Of Avon,10307 EAST COUNTY ROAD 100 NORTH,IN,Indianapolis,Marion,46234,3172732144,RESIDENTIAL CARE FACILITIES,"RESIDENTIAL NFS, NON-FREE STANDING RESIDENTIAL CARE FACILITIES",7/7/21
013107NFS,Wellbrooke Of Crawfordsville,517 CONCORD ROAD,IN,Crawfordsville,Montgomery,47933,7653629122,RESIDENTIAL CARE FACILITIES,"RESIDENTIAL NFS, NON-FREE STANDING RESIDENTIAL CARE FACILITIES",7/7/21
013144NFS,Cedar Creek Health Campus,18275 BURR STREET,IN,Lowell,Lake,46356,2196966750,RESIDENTIAL CARE FACILITIES,"RESIDENTIAL NFS, NON-FREE STANDING RESIDENTIAL CARE FACILITIES",7/7/21
13149,Morning View Nursing And Rehabilitation Center,475 NORTH NILES AVENUE,IN,South Bend,St Joseph,46617,5742464123,RESIDENTIAL CARE FACILITIES,"ALL NURSING HOMES, FREESTANDING RESIDENTIAL CARE FACILITIES",7/7/21
013153NFS,Wellbrooke Of Kokomo,2200 SOUTH DIXON ROAD,IN,Kokomo,Howard,46902,7654554443,RESIDENTIAL CARE FACILITIES,"RESIDENTIAL NFS, NON-FREE STANDING RESIDENTIAL CARE FACILITIES",7/7/21
13163,Meadow Brook Senior Living,11011 VILLAGE SQUARE LANE,IN,Fishers,Hamilton,46038,3178424215,RESIDENTIAL CARE FACILITIES,"ALL NURSING HOMES, FREESTANDING RESIDENTIAL CARE FACILITIES",7/7/21
13164,Traditions At Solana,7721 BATTERY POINTE WAY,IN,Indianapolis,Marion,46240,3178600000,RESIDENTIAL CARE FACILITIES,"ALL NURSING HOMES, FREESTANDING RESIDENTIAL CARE FACILITIES",7/7/21
013185NFS,Aspen Trace Health & Living Community,3154 SOUTH STATE ROAD 135,IN,Greenwood,Johnson,46143,3175353344,RESIDENTIAL CARE FACILITIES,"RESIDENTIAL NFS, NON-FREE STANDING RESIDENTIAL CARE FACILITIES",7/7/21
013212NFS,"Barrington Of Carmel, The",1335 S GUILFORD ROAD,IN,Carmel,Hamilton,46032,3178101800,RESIDENTIAL CARE FACILITIES,"RESIDENTIAL NFS, NON-FREE STANDING RESIDENTIAL CARE FACILITIES",7/7/21
13217,Bickford Of Carmel,5829  EAST 116TH STREET,IN,Carmel,Hamilton,46033,3178071500,RESIDENTIAL CARE FACILITIES,"ALL NURSING HOMES, FREESTANDING RESIDENTIAL CARE FACILITIES",7/7/21
13236,North Woods Village At Edison Lakes,1409 E DAY ROAD,IN,Mishawaka,St Joseph,46545,5742471866,RESIDENTIAL CARE FACILITIES,"ALL NURSING HOMES, FREESTANDING RESIDENTIAL CARE FACILITIES",7/7/21
13264,Traditions At Reagan Park,1176 KINGWOOD DRIVE,IN,Avon,Hendricks,46123,3172710100,RESIDENTIAL CARE FACILITIES,"ALL NURSING HOMES, FREESTANDING RESIDENTIAL CARE FACILITIES",7/7/21
13297,Carmel Senior Living,13390 N ILLINOIS STREET,IN,Carmel,Hamilton,46032,3174514702,RESIDENTIAL CARE FACILITIES,"ALL NURSING HOMES, FREESTANDING RESIDENTIAL CARE FACILITIES",7/7/21
013302NFS,Wellbrooke Of South Bend,52565 STATE ROAD 933,IN,South Bend,St Joseph,46637,5742477044,RESIDENTIAL CARE FACILITIES,"RESIDENTIAL NFS, NON-FREE STANDING RESIDENTIAL CARE FACILITIES",7/7/21
13321,Assisted Living At Romweber Flats,123 SOUTH DEPOT STREET,IN,Batesville,Ripley,47006,8129323528,RESIDENTIAL CARE FACILITIES,"ALL NURSING HOMES, FREESTANDING RESIDENTIAL CARE FACILITIES",7/7/21
13322,Autumn Glen,98 NORTH 10TH STREET,IN,Greencastle,Putnam,46135,7656536999,RESIDENTIAL CARE FACILITIES,"ALL NURSING HOMES, FREESTANDING RESIDENTIAL CARE FACILITIES",7/7/21
13327,"Aperion Estates Peru, Llc",1200 KITTY HAWK DRIVE,IN,Peru,Miami,46970,7656897305,RESIDENTIAL CARE FACILITIES,"ALL NURSING HOMES, FREESTANDING RESIDENTIAL CARE FACILITIES",7/7/21
13328,Crown Senior Living,7960 SHADELAND AVENUE NORTH,IN,Indianapolis,Marion,46250,3173764639,RESIDENTIAL CARE FACILITIES,"ALL NURSING HOMES, FREESTANDING RESIDENTIAL CARE FACILITIES",7/7/21
13330,Heritage Point Alzheimer'S Special Care Center,1215 TRINITY PLACE,IN,Mishawaka,St Joseph,46545,5742477400,RESIDENTIAL CARE FACILITIES,"ALL NURSING HOMES, FREESTANDING RESIDENTIAL CARE FACILITIES",7/7/21
13331,"Waterford At Edison Lakes, The",1025 PARK PLACE,IN,Mishawaka,St Joseph,46545,5742471552,RESIDENTIAL CARE FACILITIES,"ALL NURSING HOMES, FREESTANDING RESIDENTIAL CARE FACILITIES",7/7/21
013332NFS,"Villages At Oak Ridge, The",1694 TROY ROAD,IN,Washington,Daviess,47501,8122543800,RESIDENTIAL CARE FACILITIES,"RESIDENTIAL NFS, NON-FREE STANDING RESIDENTIAL CARE FACILITIES",7/7/21
013335NFS,Harrison'S Crossing Health Campus,395 8TH AVENUE,IN,Terre Haute,Vigo,47804,8122347111,RESIDENTIAL CARE FACILITIES,"RESIDENTIAL NFS, NON-FREE STANDING RESIDENTIAL CARE FACILITIES",7/7/21
13347,Oasis At 30Th,5651 E 30TH STREET,IN,Indianapolis,Marion,46218,3172979000,RESIDENTIAL CARE FACILITIES,"ALL NURSING HOMES, FREESTANDING RESIDENTIAL CARE FACILITIES",7/7/21
13356,Brownsburg Meadows Assisted Living,7133 MEADOW TRAIL,IN,Brownsburg,Hendricks,46112,3178521977,RESIDENTIAL CARE FACILITIES,"ALL NURSING HOMES, FREESTANDING RESIDENTIAL CARE FACILITIES",7/7/21
13367,Crestwood Village South Apartments Llc,8809 MADISON AVENUE,IN,Indianapolis,Marion,46227,3178853461,RESIDENTIAL CARE FACILITIES,"ALL NURSING HOMES, FREESTANDING RESIDENTIAL CARE FACILITIES",7/7/21
13389,Wyndmoor Assisted Living Llc,1465 EAST CROSSING BLVD,IN,Terre Haute,Vigo,47802,8122989963,RESIDENTIAL CARE FACILITIES,"ALL NURSING HOMES, FREESTANDING RESIDENTIAL CARE FACILITIES",7/7/21
13401,Breckenridge Commons,2009 NORTH HOSPITAL BLVD,IN,Sullivan,Sullivan,47882,8122682000,RESIDENTIAL CARE FACILITIES,"ALL NURSING HOMES, FREESTANDING RESIDENTIAL CARE FACILITIES",7/7/21
013409NFS,Stonecroft Health Campus,363 SOUTH FIELDSTONE BLVD,IN,Bloomington,Monroe,47403,8128250551,RESIDENTIAL CARE FACILITIES,"RESIDENTIAL NFS, NON-FREE STANDING RESIDENTIAL CARE FACILITIES",7/7/21
13439,Primrose Of Mishawaka,820 FULMER ROAD,IN,Mishawaka,St Joseph,46544,5742593211,RESIDENTIAL CARE FACILITIES,"ALL NURSING HOMES, FREESTANDING RESIDENTIAL CARE FACILITIES",7/7/21
013444NFS,Wellbrooke Of Carmel,12315 PENNSYLVANIA STREET,IN,Carmel,Hamilton,46032,3175697200,RESIDENTIAL CARE FACILITIES,"RESIDENTIAL NFS, NON-FREE STANDING RESIDENTIAL CARE FACILITIES",7/7/21
013452NFS,Symphony Of Crown Point  Llc,1555 S MAIN STREET,IN,Crown Point,Lake,46307,2193238700,RESIDENTIAL CARE FACILITIES,"RESIDENTIAL NFS, NON-FREE STANDING RESIDENTIAL CARE FACILITIES",7/7/21
013455NFS,Cumberland Trace Health & Living Community,1925 REEVES ROAD,IN,Plainfield,Hendricks,46168,3178387070,RESIDENTIAL CARE FACILITIES,"RESIDENTIAL NFS, NON-FREE STANDING RESIDENTIAL CARE FACILITIES",7/7/21
13460,Indiana Masonic Home Inc,690 STATE STREET,IN,Franklin,Johnson,46131,3177366141,RESIDENTIAL CARE FACILITIES,"ALL NURSING HOMES, FREESTANDING RESIDENTIAL CARE FACILITIES",7/7/21
013462NFS,Symphony Of Dyer Llc,1532 CALUMET AVENUE,IN,Dyer,Lake,46311,2195154700,RESIDENTIAL CARE FACILITIES,"RESIDENTIAL NFS, NON-FREE STANDING RESIDENTIAL CARE FACILITIES",7/7/21
13463,Georgetown Place,1717 MAPLECREST ROAD,IN,Fort Wayne,Allen,46815,2604936927,RESIDENTIAL CARE FACILITIES,"ALL NURSING HOMES, FREESTANDING RESIDENTIAL CARE FACILITIES",7/7/21
013499NFS,"Springs At Lafayette, The",2402 SOUTH STREET,IN,Lafayette,Tippecanoe,47904,7654469229,RESIDENTIAL CARE FACILITIES,"RESIDENTIAL NFS, NON-FREE STANDING RESIDENTIAL CARE FACILITIES",7/7/21
13510,Woodland Terrace Of Carmel,689 PRO MED LANE,IN,Carmel,Hamilton,46032,3176160858,RESIDENTIAL CARE FACILITIES,"ALL NURSING HOMES, FREESTANDING RESIDENTIAL CARE FACILITIES",7/7/21
013535NFS,River Terrace Health Campus,120 PRESBYTERIAN AVE,IN,Madison,Jefferson,47250,8122650080,RESIDENTIAL CARE FACILITIES,"RESIDENTIAL NFS, NON-FREE STANDING RESIDENTIAL CARE FACILITIES",7/7/21
13555,Grand Emerald Place,4010 S IRONWOOD DR,IN,South Bend,St Joseph,46614,5742912222,RESIDENTIAL CARE FACILITIES,"ALL NURSING HOMES, FREESTANDING RESIDENTIAL CARE FACILITIES",7/7/21
013556NFS,Copper Trace Health & Living Community,1250 W 146TH STREET,IN,Westfield,Hamilton,46074,3178445050,RESIDENTIAL CARE FACILITIES,"RESIDENTIAL NFS, NON-FREE STANDING RESIDENTIAL CARE FACILITIES",7/7/21
13578,Crownpointe Of Hartford City,100 INDEPENDENCE PARKWAY,IN,Hartford City,Blackford,47348,7653483250,RESIDENTIAL CARE FACILITIES,"ALL NURSING HOMES, FREESTANDING RESIDENTIAL CARE FACILITIES",7/7/21
13582,Crownpointe Of Lebanon,610 CROWNPOINTE DRIVE,IN,Lebanon,Boone,46052,7654823436,RESIDENTIAL CARE FACILITIES,"ALL NURSING HOMES, FREESTANDING RESIDENTIAL CARE FACILITIES",7/7/21
13612,North Woods Village At Inverness Lake,8075 GLENCARIN BOULEVARD,IN,Fort Wayne,Allen,46804,2604201866,RESIDENTIAL CARE FACILITIES,"ALL NURSING HOMES, FREESTANDING RESIDENTIAL CARE FACILITIES",7/7/21
13613,"Oasis Assisted Living, Inc",4301 WASHINGTON AVE,IN,Evansville,Vanderburgh,47714,8123033310,RESIDENTIAL CARE FACILITIES,"ALL NURSING HOMES, FREESTANDING RESIDENTIAL CARE FACILITIES",7/7/21
013635NFS,"Springs Of Richmond, The",400 INDUSTRIES ROAD,IN,Richmond,Wayne,47374,7659350135,RESIDENTIAL CARE FACILITIES,"RESIDENTIAL NFS, NON-FREE STANDING RESIDENTIAL CARE FACILITIES",7/7/21
13642,Walnut Creek Alzheimer'S,525 BENTEE WES COURT,IN,Evansville,Vanderburgh,47715,8124713100,RESIDENTIAL CARE FACILITIES,"ALL NURSING HOMES, FREESTANDING RESIDENTIAL CARE FACILITIES",7/7/21
13687,Lincolnshire Place - Fort Wayne,11911 DIEBOLD ROAD,IN,Fort Wayne,Allen,46845,8477776933,RESIDENTIAL CARE FACILITIES,"ALL NURSING HOMES, FREESTANDING RESIDENTIAL CARE FACILITIES",7/7/21
013688NFS,Symphony Of Chesterton Llc,2775 VILLAGE POINT,IN,Chesterton,Porter,46304,2193046700,RESIDENTIAL CARE FACILITIES,"RESIDENTIAL NFS, NON-FREE STANDING RESIDENTIAL CARE FACILITIES",7/7/21
013694NFS,"Springs Of Mooresville, The",302 NORTH JOHNSON ROAD,IN,Mooresville,Morgan,46158,3178319033,RESIDENTIAL CARE FACILITIES,"RESIDENTIAL NFS, NON-FREE STANDING RESIDENTIAL CARE FACILITIES",7/7/21
013702NFS,Harrison Springs Health Campus,871 PACER DRIVE NW,IN,Corydon,Harrison,47112,8127380317,RESIDENTIAL CARE FACILITIES,"RESIDENTIAL NFS, NON-FREE STANDING RESIDENTIAL CARE FACILITIES",7/7/21
013703NFS,North River Health Campus,811 E BASELINE ROAD,IN,Evansville,Vanderburgh,47725,8128677256,RESIDENTIAL CARE FACILITIES,"RESIDENTIAL NFS, NON-FREE STANDING RESIDENTIAL CARE FACILITIES",7/7/21
013704NFS,Orchard Pointe Health Campus,702 SAWYER ROAD,IN,Kendallville,Noble,46755,2603473333,RESIDENTIAL CARE FACILITIES,"RESIDENTIAL NFS, NON-FREE STANDING RESIDENTIAL CARE FACILITIES",7/7/21
13719,Rose Senior Living Carmel,1285 FAIRFAX MANOR DRIVE,IN,Carmel,Hamilton,46032,3172498830,RESIDENTIAL CARE FACILITIES,"ALL NURSING HOMES, FREESTANDING RESIDENTIAL CARE FACILITIES",7/7/21
13733,Journey Senior Living Of Merrillville Llc,7900 RHODE ISLAND STREET,IN,Merrillville,Lake,46410,2195254123,RESIDENTIAL CARE FACILITIES,"ALL NURSING HOMES, FREESTANDING RESIDENTIAL CARE FACILITIES",7/7/21
13766,Gentry Park ,901 S HASTINGS DR,IN,Bloomington,Monroe,47401,8126681200,RESIDENTIAL CARE FACILITIES,"ALL NURSING HOMES, FREESTANDING RESIDENTIAL CARE FACILITIES",7/7/21
13801,Silver Birch Of Hammond,5620 SOHL AVENUE,IN,Hammond,Lake,46320,2199379085,RESIDENTIAL CARE FACILITIES,"ALL NURSING HOMES, FREESTANDING RESIDENTIAL CARE FACILITIES",7/7/21
13811,Primrose Memory Care Of Anderson,2101 N MADISON AVENUE,IN,Anderson,Madison,46011,7656410050,RESIDENTIAL CARE FACILITIES,"ALL NURSING HOMES, FREESTANDING RESIDENTIAL CARE FACILITIES",7/7/21
13824,Hi Jill'S House Llc,751 E TAMARACK TRAIL,IN,Bloomington,Monroe,47408,8127877692,RESIDENTIAL CARE FACILITIES,"ALL NURSING HOMES, FREESTANDING RESIDENTIAL CARE FACILITIES",7/7/21
13825,Clarendale Of Schererville,7770 BURR STREET,IN,Schererville,Lake,46375,2193228855,RESIDENTIAL CARE FACILITIES,"ALL NURSING HOMES, FREESTANDING RESIDENTIAL CARE FACILITIES",7/7/21
13838,Gi-Xxxiv Summers Pointe Operator Llc,1 SUNSET DRIVE,IN,Winchester,Randolph,47394,7655847676,RESIDENTIAL CARE FACILITIES,"ALL NURSING HOMES, FREESTANDING RESIDENTIAL CARE FACILITIES",7/7/21
13841,Clarksville Senior Living Llc,400 HUNTER STATION ROAD,IN,Sellersburg,Clark,47172,8127485258,RESIDENTIAL CARE FACILITIES,"ALL NURSING HOMES, FREESTANDING RESIDENTIAL CARE FACILITIES",7/7/21
13846,Primrose Of Newburgh,9800 LINCOLN AVE,IN,Newburgh,Warrick,47630,8125730088,RESIDENTIAL CARE FACILITIES,"ALL NURSING HOMES, FREESTANDING RESIDENTIAL CARE FACILITIES",7/7/21
13847,Mccordsville Senior Living Llc,6311 W CR 900 N,IN,Mccordsville,Hancock,46055,3173359900,RESIDENTIAL CARE FACILITIES,"ALL NURSING HOMES, FREESTANDING RESIDENTIAL CARE FACILITIES",7/7/21
13880,1717 Senior Living Llc,1703 W 86TH STREET,IN,Indianapolis,Marion,46260,3178762916,RESIDENTIAL CARE FACILITIES,"ALL NURSING HOMES, FREESTANDING RESIDENTIAL CARE FACILITIES",7/7/21
13896,Woodland Terrace Of New Palestine Llc,4400 TERRACE DRIVE,IN,New Palestine,Hancock,46163,3173538311,RESIDENTIAL CARE FACILITIES,"ALL NURSING HOMES, FREESTANDING RESIDENTIAL CARE FACILITIES",7/7/21
13933,Anthology Of Meridian Hills,8549 N MERIDIAN STREET,IN,Indianapolis,Marion,46260,3172532020,RESIDENTIAL CARE FACILITIES,"ALL NURSING HOMES, FREESTANDING RESIDENTIAL CARE FACILITIES",7/7/21
13945,"Enclave Senior Living At Saxony, The",12950 TALBLICK STREET,IN,Fishers,Hamilton,46037,3177733854,RESIDENTIAL CARE FACILITIES,"ALL NURSING HOMES, FREESTANDING RESIDENTIAL CARE FACILITIES",7/7/21
13946,"Villas Of Holly Brook Indiana, Llc",1941 W US HIGHWAY 40,IN,Brazil,Clay,47834,8124202243,RESIDENTIAL CARE FACILITIES,"ALL NURSING HOMES, FREESTANDING RESIDENTIAL CARE FACILITIES",7/7/21
13978,Saint Anne -  Victory Noll,25 VICTORY NOLL DRIVE,IN,Huntington,Huntington,46750,2602246848,RESIDENTIAL CARE FACILITIES,"ALL NURSING HOMES, FREESTANDING RESIDENTIAL CARE FACILITIES",7/7/21
13994,"Mansion On Main, The",1420 EAST MAIN STREET,IN,New Albany,Floyd,47150,8129141161,RESIDENTIAL CARE FACILITIES,"ALL NURSING HOMES, FREESTANDING RESIDENTIAL CARE FACILITIES",7/7/21
14002,Evergreen Village At Bloomington,3607 SOUTH HEIRLOOM DRIVE,IN,Bloomington,Monroe,47401,8123362718,RESIDENTIAL CARE FACILITIES,"ALL NURSING HOMES, FREESTANDING RESIDENTIAL CARE FACILITIES",7/7/21
14015,Five Star Residences Of Lafayette,250 SHENANDOAH DRIVE,IN,Lafayette,Tippecanoe,47905,7654494475,RESIDENTIAL CARE FACILITIES,"ALL NURSING HOMES, FREESTANDING RESIDENTIAL CARE FACILITIES",7/7/21
14016,Five Star Residences Of Clearwater,4519 EAST 82ND STREET,IN,Indianapolis,Marion,46250,3178492244,RESIDENTIAL CARE FACILITIES,"ALL NURSING HOMES, FREESTANDING RESIDENTIAL CARE FACILITIES",7/7/21
14017,Five Star Residences Of Fort Wayne,2601 COVINGTON COMMONS DRIVE,IN,Fort Wayne,Allen,46804,2604321932,RESIDENTIAL CARE FACILITIES,"ALL NURSING HOMES, FREESTANDING RESIDENTIAL CARE FACILITIES",7/7/21
14018,Five Star Residences Of Banta Pointe,6510 U.S. 31 SOUTH,IN,Indianapolis,Marion,46227,3177834663,RESIDENTIAL CARE FACILITIES,"ALL NURSING HOMES, FREESTANDING RESIDENTIAL CARE FACILITIES",7/7/21
14019,Five Star Residences Of Northwoods,2501 FRIENDSHIP BLVD,IN,Kokomo,Howard,46901,7654540001,RESIDENTIAL CARE FACILITIES,"ALL NURSING HOMES, FREESTANDING RESIDENTIAL CARE FACILITIES",7/7/21
14034,Silver Birch Of Muncie,2500 W KILGORE AVENUE,IN,Muncie,Delaware,47304,7652540329,RESIDENTIAL CARE FACILITIES,"ALL NURSING HOMES, FREESTANDING RESIDENTIAL CARE FACILITIES",7/7/21
14045,"Harrison At Eagle Valley, The",3060 VALLEY FARMS ROAD,IN,Indianapolis,Marion,46214,3172911112,RESIDENTIAL CARE FACILITIES,"ALL NURSING HOMES, FREESTANDING RESIDENTIAL CARE FACILITIES",7/7/21
14052,Silver Birch Of Michigan City,4400 EAST MICHIGAN BLVD,IN,Michigan City,La Porte,46360,2198796115,RESIDENTIAL CARE FACILITIES,"ALL NURSING HOMES, FREESTANDING RESIDENTIAL CARE FACILITIES",7/7/21
14059,Anson Senior Living,6800 CENTRAL BOULEVARD,IN,Zionsville,Boone,46077,3179730220,RESIDENTIAL CARE FACILITIES,"ALL NURSING HOMES, FREESTANDING RESIDENTIAL CARE FACILITIES",7/7/21
14062,Hellenic Senior Living Of Indianapolis,8601 SOUTH SHELBY STREET,IN,Indianapolis,Marion,46227,3178854446,RESIDENTIAL CARE FACILITIES,"ALL NURSING HOMES, FREESTANDING RESIDENTIAL CARE FACILITIES",7/7/21
14079,Demaree Crossing Assisted Living And Memory Care,1255 DEMAREE ROAD,IN,Greenwood,Johnson,46143,3173168380,RESIDENTIAL CARE FACILITIES,"ALL NURSING HOMES, FREESTANDING RESIDENTIAL CARE FACILITIES",7/7/21
14080,Sugar Fork Crossing,1745 EAST 67TH STREET,IN,Anderson,Madison,46013,7652339360,RESIDENTIAL CARE FACILITIES,"ALL NURSING HOMES, FREESTANDING RESIDENTIAL CARE FACILITIES",7/7/21
14090,Crownpointe Of Portland,745 PATRIOT DRIVE,IN,Portland,Jay,47371,2607263577,RESIDENTIAL CARE FACILITIES,"ALL NURSING HOMES, FREESTANDING RESIDENTIAL CARE FACILITIES",7/7/21
14094,Wickshire West Lafayette,3575 SENIOR PLACE,IN,West Lafayette,Tippecanoe,47906,7654641805,RESIDENTIAL CARE FACILITIES,"ALL NURSING HOMES, FREESTANDING RESIDENTIAL CARE FACILITIES",7/7/21
14109,Wickshire Fort Harrison,8025 DOUBLEDAY DRIVE,IN,Indianapolis,Marion,46216,3175462845,RESIDENTIAL CARE FACILITIES,"ALL NURSING HOMES, FREESTANDING RESIDENTIAL CARE FACILITIES",7/7/21
14113,Heritage Park Commons,2002 HERITAGE PARK DRIVE,IN,Fort Wayne,Allen,46805,2604849557,RESIDENTIAL CARE FACILITIES,"ALL NURSING HOMES, FREESTANDING RESIDENTIAL CARE FACILITIES",7/7/21
14137,Silver Birch Of Kokomo,408 S WASHINGTON STREET,IN,Kokomo,Howard,46901,7658687266,RESIDENTIAL CARE FACILITIES,"ALL NURSING HOMES, FREESTANDING RESIDENTIAL CARE FACILITIES",7/7/21
14148,"Glasswater Creek Of Lafayette, Llc",208 BECK LANE,IN,Lafayette,Tippecanoe,47909,7654771140,RESIDENTIAL CARE FACILITIES,"ALL NURSING HOMES, FREESTANDING RESIDENTIAL CARE FACILITIES",7/7/21
14166,Hellenic Senior Living Of New Albany,2632 GRANT LINE ROAD,IN,New Albany,Floyd,47150,8129449048,RESIDENTIAL CARE FACILITIES,"ALL NURSING HOMES, FREESTANDING RESIDENTIAL CARE FACILITIES",7/7/21
14168,Grand Valley Gardens Assisted Living Facility,1151 S HUBERT CIRCLE WEST,IN,Martinsville,Morgan,46151,7655588200,RESIDENTIAL CARE FACILITIES,"ALL NURSING HOMES, FREESTANDING RESIDENTIAL CARE FACILITIES",7/7/21
14178,Belvedere Senior Housing,343 E 90TH DRIVE,IN,Merrillville,Lake,46410,2197692145,RESIDENTIAL CARE FACILITIES,"ALL NURSING HOMES, FREESTANDING RESIDENTIAL CARE FACILITIES",7/7/21
14213,Heritage Woods Of Noblesville,9600 E 146TH STREET,IN,Noblesville,Hamilton,46060,3173306061,RESIDENTIAL CARE FACILITIES,"ALL NURSING HOMES, FREESTANDING RESIDENTIAL CARE FACILITIES",7/7/21
14238,Silver Birch Of Evansville,475 S GOVERNOR STREET,IN,Evansville,Vanderburgh,47713,8122544133,RESIDENTIAL CARE FACILITIES,"ALL NURSING HOMES, FREESTANDING RESIDENTIAL CARE FACILITIES",7/7/21
14241,Hellenic Senior Living Of Elkhart,2528 BYPASS ROAD,IN,Elkhart,Elkhart,46514,5743891776,RESIDENTIAL CARE FACILITIES,"ALL NURSING HOMES, FREESTANDING RESIDENTIAL CARE FACILITIES",7/7/21
14253,Grand Brook Memory Care Of Fishers,9796 EAST 131ST STREET,IN,Fishers,Hamilton,46038,3179142357,RESIDENTIAL CARE FACILITIES,"ALL NURSING HOMES, FREESTANDING RESIDENTIAL CARE FACILITIES",7/7/21
14260,Silver Birch Of Mishawaka,3630 HICKORY ROAD,IN,Mishawaka,St Joseph,46545,5742527225,RESIDENTIAL CARE FACILITIES,"ALL NURSING HOMES, FREESTANDING RESIDENTIAL CARE FACILITIES",7/7/21
14279,Oasis At 56Th,4940 WEST 56TH STREET,IN,Indianapolis,Marion,46254,3172973115,RESIDENTIAL CARE FACILITIES,"ALL NURSING HOMES, FREESTANDING RESIDENTIAL CARE FACILITIES",7/7/21
14291,Silver Birch Of Terre Haute,650 LAFAYETTE AVENUE,IN,Terre Haute,Vigo,47807,8122370123,RESIDENTIAL CARE FACILITIES,"ALL NURSING HOMES, FREESTANDING RESIDENTIAL CARE FACILITIES",7/7/21
14316,Silver Birch Of Fort Wayne,7125 S HANNA STREET,IN,Fort Wayne,Allen,46816,2604478811,RESIDENTIAL CARE FACILITIES,"ALL NURSING HOMES, FREESTANDING RESIDENTIAL CARE FACILITIES",7/7/21
14376,Grand Brook Memory Care Of Zionsville,11870 SANDY DRIVE,IN,Zionsville,Boone,46077,3179750049,RESIDENTIAL CARE FACILITIES,"ALL NURSING HOMES, FREESTANDING RESIDENTIAL CARE FACILITIES",7/7/21
14377,Heritage Woods Of Newburgh,4211 GRIMM ROAD,IN,Newburgh,Warrick,47630,8128539810,RESIDENTIAL CARE FACILITIES,"ALL NURSING HOMES, FREESTANDING RESIDENTIAL CARE FACILITIES",7/7/21
14383,Legacy Living Of Jasper Llc,1850 WEST STATE ROAD 56,IN,Jasper,Dubois,47546,8125590200,RESIDENTIAL CARE FACILITIES,"ALL NURSING HOMES, FREESTANDING RESIDENTIAL CARE FACILITIES",7/7/21
14410,Glasswater Creek Of Plainfield,10480 GLASSWATER LANE,IN,Plainfield,Hendricks,46168,3178395808,RESIDENTIAL CARE FACILITIES,"ALL NURSING HOMES, FREESTANDING RESIDENTIAL CARE FACILITIES",7/7/21
14419,Brightstar Senior Living Of Fort Wayne,11430 COLDWATER ROAD,IN,Fort Wayne,Allen,46845,2602342929,RESIDENTIAL CARE FACILITIES,"ALL NURSING HOMES, FREESTANDING RESIDENTIAL CARE FACILITIES",7/7/21
14426,Grand Brook Memory Care Of Greenwood,2444 SOUTH STATE ROAD 135,IN,Greenwood,Johnson,46143,3174991310,RESIDENTIAL CARE FACILITIES,"ALL NURSING HOMES, FREESTANDING RESIDENTIAL CARE FACILITIES",7/7/21
14463,Lincolnshire Place - Muncie,1600 N MORRISON ROAD,IN,Muncie,Delaware,47304,7655872714,RESIDENTIAL CARE FACILITIES,"ALL NURSING HOMES, FREESTANDING RESIDENTIAL CARE FACILITIES",7/7/21
14469,Residences At Coffee Creek,2300 VILLAGE POINT,IN,Chesterton,Porter,46304,2199215200,RESIDENTIAL CARE FACILITIES,"ALL NURSING HOMES, FREESTANDING RESIDENTIAL CARE FACILITIES",7/7/21
14512,Evergreen Village At Fort Wayne,12523 AUBURN ROAD,IN,Fort Wayne,Allen,46845,2606372830,RESIDENTIAL CARE FACILITIES,"ALL NURSING HOMES, FREESTANDING RESIDENTIAL CARE FACILITIES",7/7/21
14519,Vivera Senior Living Of Columbus,1971 STATE STREET,IN,Columbus,Bartholomew,47201,8123760698,RESIDENTIAL CARE FACILITIES,"ALL NURSING HOMES, FREESTANDING RESIDENTIAL CARE FACILITIES",7/7/21
14548,Timber Creek Village,990 PROGRESS PARKWAY,IN,Shelbyville,Shelby,46176,2178219539,RESIDENTIAL CARE FACILITIES,"ALL NURSING HOMES, FREESTANDING RESIDENTIAL CARE FACILITIES",7/7/21
14553,Silver Birch At Cook Road,3731 WEST COOK ROAD,IN,Fort Wayne,Allen,46818,2604478811,RESIDENTIAL CARE FACILITIES,"ALL NURSING HOMES, FREESTANDING RESIDENTIAL CARE FACILITIES",7/7/21
14576,Cedarhurst Of Fort Wayne,9210 MAYSVILLE ROAD,IN,Fort Wayne,Allen,46815,2602355957,RESIDENTIAL CARE FACILITIES,"ALL NURSING HOMES, FREESTANDING RESIDENTIAL CARE FACILITIES",7/7/21
14602,Sanctuary At St Paul'S,3602 SOUTH IRONWOOD DRIVE,IN,South Bend,St Joseph,46614,5742849000,RESIDENTIAL CARE FACILITIES,"ALL NURSING HOMES, FREESTANDING RESIDENTIAL CARE FACILITIES",7/7/21
14623,Towne Park Assisted Living,503 S MURPHY AVE,IN,Brazil,Clay,47834,8124204100,RESIDENTIAL CARE FACILITIES,"ALL NURSING HOMES, FREESTANDING RESIDENTIAL CARE FACILITIES",7/7/21
14910,Lake Meadows Senior Assisted Living,11570 E 126TH STREET,IN,Fishers,Hamilton,46037,3175274475,RESIDENTIAL CARE FACILITIES,"ALL NURSING HOMES, FREESTANDING RESIDENTIAL CARE FACILITIES",7/7/21
14224,Hellenic Senior Living Of Mishawaka,1540 SOUTH LOGAN STREET,IN,Mishawaka,St Joseph,46544,5742578629,RESIDENTIAL CARE FACILITIES,"ALL NURSING HOMES, FREESTANDING RESIDENTIAL CARE FACILITIES",7/7/21
15179,Columbus Senior Living Llc,4300 WEST GOELLER BLVD,IN,Columbus,Bartholomew,47201,8125520500,RESIDENTIAL CARE FACILITIES,"ALL NURSING HOMES, FREESTANDING RESIDENTIAL CARE FACILITIES",7/7/21
