Facility Name,City,State,Zip Code,County,Facility ID,Phone Number,State Facility Type 1 Literal,Capacity,State Facility Type 2 Literal,Ownership Type,Date Accessed,Address
Assisted Living Of Arab,Arab,AL,35016,Marshall,D4805,(256) 753-6324,ASSISTED LIVING FACILITY,16,GROUP ASSISTED LIVING FACILITY,CORPORATION,6/24/21,8895 ALABAMA HIGHWAY 69
Atria Regency,Mobile,AL,36609,Mobile,D4946,(251) 380-0053,ASSISTED LIVING FACILITY,83,CONGREGATE ASSISTED LIVING FACILITY,LIMITED LIABILITY COMPANY,6/24/21,4720 MORRISON DRIVE
Auburn Assisted Living,Auburn ,AL,36830,Lee,D4113,(706) 429-5635,ASSISTED LIVING FACILITY,65,CONGREGATE ASSISTED LIVING FACILITY,LIMITED LIABILITY COMPANY,6/24/21,350 SAMFORD VILLAGE COURT
Autumn Cove,Anniston,AL,36207,Calhoun,D0804,(256) 831-7474,ASSISTED LIVING FACILITY,38,CONGREGATE ASSISTED LIVING FACILITY,LIMITED LIABILITY COMPANY,6/24/21,4425 GREENBRIER DEAR ROAD
Autumn Place,Millbrook,AL,36054,Elmore,D2603,(334) 285-1996,ASSISTED LIVING FACILITY,16,GROUP ASSISTED LIVING FACILITY,INDIVIDUAL,6/24/21,5930 MAIN STREET
Autumn Woods Assisted Living,Jacksonville,AL,36265,Calhoun,D0803,(256) 782-2801,ASSISTED LIVING FACILITY,16,GROUP ASSISTED LIVING FACILITY,LIMITED LIABILITY COMPANY,6/24/21,"655 GARDNER DRIVE, SOUTHEAST"
Ava Hills Assisted Living,Wedowee,AL,36278,Randolph,D5604,(256) 357-2895,ASSISTED LIVING FACILITY,16,GROUP ASSISTED LIVING FACILITY,LIMITED LIABILITY COMPANY,6/24/21,"1330 OLD HIGHWAY 431, P.O. BOX 810"
Azalea Court Assisted Living,Headland,AL,36345,Henry,D3405,(334) 693-0358,ASSISTED LIVING FACILITY,16,GROUP ASSISTED LIVING FACILITY,HEALTHCARE AUTHORITY,6/24/21,508 EAST CHURCH STREET
Azalea Manor Of Haleyville,Haleyville,AL,35565,Winston,D6702,(205) 485-9343,ASSISTED LIVING FACILITY,17,GROUP ASSISTED LIVING FACILITY,CORPORATION,6/24/21,13074 POUNDERS & SIMS ROAD
Baldwin House,Daphne,AL,36526,Baldwin,D0220,(251) 621-1717,ASSISTED LIVING FACILITY,44,CONGREGATE ASSISTED LIVING FACILITY,LIMITED LIABILITY COMPANY,6/24/21,10171 PAPA GEORGE STREET
"Belmont Ii, The",Montgomery,AL,36117,Montgomery,D5126,(334) 273-0110,ASSISTED LIVING FACILITY,16,GROUP ASSISTED LIVING FACILITY,CORPORATION,6/24/21,7295 COPPERFIELD DRIVE
"Belmont,The",Montgomery,AL,36117,Montgomery,D5112,(334) 273-0110,ASSISTED LIVING FACILITY,16,GROUP ASSISTED LIVING FACILITY,CORPORATION,6/24/21,7295 COPPERFIELD DRIVE
"Blake At Malbis, The",Daphne,AL,36526,Baldwin,D0221,(251) 625-6400,ASSISTED LIVING FACILITY,80,CONGREGATE ASSISTED LIVING FACILITY,LIMITED LIABILITY COMPANY,6/24/21,11626 US HIGHWAY 90
"Bluffs At Greystone I, The",Birmingham,AL,35242,Shelby,D3785,(205) 379-0322,ASSISTED LIVING FACILITY,87,CONGREGATE ASSISTED LIVING FACILITY,LIMITED LIABILITY COMPANY,6/24/21,6328 FARLEY LANE
"Branchwater Village, Llc",Boaz,AL,35957,Marshall,D4806,(256) 593-5055,ASSISTED LIVING FACILITY,60,CONGREGATE ASSISTED LIVING FACILITY,LIMITED LIABILITY COMPANY,6/24/21,763 MEDICAL CENTER PARKWAY
"Brennity At Daphne Al, The",Daphne,AL,36526,Baldwin,D0217,(251) 626-9000,ASSISTED LIVING FACILITY,92,CONGREGATE ASSISTED LIVING FACILITY,LIMITED LIABILITY COMPANY,6/24/21,27440 COUNTY ROAD 13
"Brennity At Fairhope, The",Fairhope,AL,36532,Baldwin,D0204,(251) 928-5555,ASSISTED LIVING FACILITY,143,CONGREGATE ASSISTED LIVING FACILITY,LIMITED LIABILITY COMPANY,6/24/21,50 SPRING RUN DRIVE
"Bridgewood Gardens, Assisted Living",Albertville,AL,35951,Marshall,D4807,(256) 878-3132,ASSISTED LIVING FACILITY,60,CONGREGATE ASSISTED LIVING FACILITY,LIMITED LIABILITY COMPANY,6/24/21,151 WOODHAM DRIVE
Brookdale Jones Farm,Huntsville,AL,35802,Madison,D4524,(256) 881-6111,ASSISTED LIVING FACILITY,60,CONGREGATE ASSISTED LIVING FACILITY,LIMITED LIABILITY COMPANY,6/24/21,"2815 CARL T. JONES DRIVE, S. E."
Brookdale University Park Alf (Al),Birmingham,AL,35209,Jefferson,D3768,(205) 870-0786,ASSISTED LIVING FACILITY,90,CONGREGATE ASSISTED LIVING FACILITY,LIMITED LIABILITY COMPANY,6/24/21,400 UNIVERSITY PARK DRIVE
Brookside Assisted Living Community,Mobile,AL,36695,Mobile,D4945,(251) 633-9299,ASSISTED LIVING FACILITY,32,CONGREGATE ASSISTED LIVING FACILITY,LIMITED LIABILITY COMPANY,6/24/21,"2260 PESNELL COURT, BUILDING #1"
Carillon Oaks Heflin Assisted Living,Heflin,AL,36264,Cleburne,D4991,(256) 297-3801,ASSISTED LIVING FACILITY,39,CONGREGATE ASSISTED LIVING FACILITY,LIMITED LIABILITY COMPANY,6/24/21,91 WILLOUGHBY STREET
Cedar Hill Assisted Living Facility,Selma,AL,36701,Dallas,D2402,(334) 875-1225,ASSISTED LIVING FACILITY,30,CONGREGATE ASSISTED LIVING FACILITY,NON-PROFIT CORPORATION,6/24/21,1300 OLD ORRVILLE ROAD
Cedar View Assisted Living,Killen,AL,35645,Lauderdale,D3912,(256) 757-2104,ASSISTED LIVING FACILITY,16,GROUP ASSISTED LIVING FACILITY,NON-PROFIT CORPORATION,6/24/21,2001 COUNTY ROAD 394
Chelsea'S Hidden Acres,Chelsea,AL,35043,Shelby,D5908,(205) 678-8906,ASSISTED LIVING FACILITY,16,GROUP ASSISTED LIVING FACILITY,INDIVIDUAL,6/24/21,245 HIDDEN ACRES CIRCLE
Col. Robert L. Howard State Veterans Home Freedom Court,Pell City,AL,35125,St. Clair,D5809,(205) 227-7985,ASSISTED LIVING FACILITY,80,CONGREGATE ASSISTED LIVING FACILITY,CORPORATION,6/24/21,7054 VETERANS PARKWAY
Columbia Cottage - Hartselle,Hartselle,AL,35640,Morgan,D5208,(256) 751-4809,ASSISTED LIVING FACILITY,36,CONGREGATE ASSISTED LIVING FACILITY,LIMITED LIABILITY COMPANY,6/24/21,1109 SPARKMAN STREET NORTHWEST
Columbia Cottage-Florence,Florence,AL,35630,Lauderdale,D3901,(256) 760-0442,ASSISTED LIVING FACILITY,51,CONGREGATE ASSISTED LIVING FACILITY,CORPORATION,6/24/21,2373 ROBERTS LANE
"Columbia Cottage-Mountain Brook, Llc",Birmingham,AL,35223,Jefferson,D3769,(205) 968-0000,ASSISTED LIVING FACILITY,48,CONGREGATE ASSISTED LIVING FACILITY,LIMITED LIABILITY COMPANY,6/24/21,3776 CROSSHAVEN DRIVE
Country Cottage - Montgomery - Ivy,Montgomery,AL,36117,Montgomery,D5130,(334) 260-8373,ASSISTED LIVING FACILITY,26,CONGREGATE ASSISTED LIVING FACILITY,LIMITED LIABILITY COMPANY,6/24/21,"235 SYLVEST DRIVE, BUILDING 400"
Country Cottage - Montgomery - Oakleaf,Montgomery,AL,36117,Montgomery,D5129,(334) 260-8373,ASSISTED LIVING FACILITY,16,GROUP ASSISTED LIVING FACILITY,LIMITED LIABILITY COMPANY,6/24/21,"235 SYLVEST DRIVE, BLDG. 300"
"Country Cottage-Decatur, Oakleaf",Decatur,AL,35603,Morgan,D5206,(256) 301-1800,ASSISTED LIVING FACILITY,16,GROUP ASSISTED LIVING FACILITY,LIMITED LIABILITY COMPANY,6/24/21,"2515 OLD MOULTON ROAD, SW"
Country Cottage-Decatur-Magnolia,Decatur,AL,35603,Morgan,D5204,(256) 301-1800,ASSISTED LIVING FACILITY,16,GROUP ASSISTED LIVING FACILITY,CORPORATION,6/24/21,"2515 OLD MOULTON ROAD, SW"
Country Cottage-Huntsville-Ivy,Huntsville,AL,35802,Madison,D4519,(256) 880-1101,ASSISTED LIVING FACILITY,16,GROUP ASSISTED LIVING FACILITY,LIMITED LIABILITY COMPANY,6/24/21,4200 CHRIS DRIVE
Country Cottage-Huntsville-Magnolia,Huntsville,AL,35802,Madison,D4511,(256) 880-1101,ASSISTED LIVING FACILITY,16,GROUP ASSISTED LIVING FACILITY,LIMITED LIABILITY COMPANY,6/24/21,4200 CHRIS DRIVE
Country Cottage-Huntsville-Oakleaf,Huntsville,AL,35802,Madison,D4512,(256) 880-1101,ASSISTED LIVING FACILITY,16,GROUP ASSISTED LIVING FACILITY,LIMITED LIABILITY COMPANY,6/24/21,4200 CHRIS DRIVE
Country Cottage-Oakleaf,Hoover,AL,35216,Jefferson,D3709,(205) 987-0847,ASSISTED LIVING FACILITY,16,GROUP ASSISTED LIVING FACILITY,LIMITED LIABILITY COMPANY,6/24/21,4000 GREENWOOD DRIVE
Country Cottage-Russellville,Russellville,AL,35653,Franklin,D3002,(256) 332-4707,ASSISTED LIVING FACILITY,29,CONGREGATE ASSISTED LIVING FACILITY,LIMITED LIABILITY COMPANY,6/24/21,900 NORTH JACKSON
"Country Living, Inc.",Falkville,AL,35622,Cullman,D2202,(256) 734-8618,ASSISTED LIVING FACILITY,16,GROUP ASSISTED LIVING FACILITY,CORPORATION,6/24/21,225 COUNTY ROAD 1386
Country Place Senior Living Of Brewton,Brewton,AL,36426,Escambia,D2705,(251) 809-3550,ASSISTED LIVING FACILITY,28,CONGREGATE ASSISTED LIVING FACILITY,CORPORATION,6/24/21,905 BELLEVILLE AVENUE
Country Place Senior Living Of Fairhope,Fairhope,AL,36532,Baldwin,D0223,(251) 929-3627,ASSISTED LIVING FACILITY,26,CONGREGATE ASSISTED LIVING FACILITY,LIMITED LIABILITY COMPANY,6/24/21,"8127 GAYFER ROAD, EXT."
Country Place Senior Living Of Foley,Foley,AL,36536,Baldwin,D0222,(251) 943-4412,ASSISTED LIVING FACILITY,28,CONGREGATE ASSISTED LIVING FACILITY,LIMITED LIABILITY COMPANY,6/24/21,615 E. LAUREL AVENUE
Country Place Senior Living Of Greenville,Greenville,AL,36037,Butler,D0703,(334) 382-0515,ASSISTED LIVING FACILITY,28,CONGREGATE ASSISTED LIVING FACILITY,CORPORATION,6/24/21,1035 FORT DALE ROAD
Country Place Senior Living Of Hamilton,Hamilton,AL,35570,Marion,D4706,(205) 921-0083,ASSISTED LIVING FACILITY,28,CONGREGATE ASSISTED LIVING FACILITY,LIMITED LIABILITY COMPANY,6/24/21,690 NATIONAL AVENUE
Country Place Senior Living Of Winfield,Winfield,AL,35594,Marion,D4705,(205) 487-1180,ASSISTED LIVING FACILITY,28,CONGREGATE ASSISTED LIVING FACILITY,CORPORATION,6/24/21,480 TAHOE ROAD
Covenant Place Of Gardendale,Gardendale,AL,35071,Jefferson,D3775,(205) 531-2995,ASSISTED LIVING FACILITY,60,CONGREGATE ASSISTED LIVING FACILITY,PARTNERSHIP,6/24/21,1409 THOMPSON CIRCLE
Crimson Village,Tuscaloosa,AL,35404,Tuscaloosa,D6318,(205) 632-6699,ASSISTED LIVING FACILITY,78,CONGREGATE ASSISTED LIVING FACILITY,LIMITED LIABILITY COMPANY,6/24/21,1410 18TH AVENUE EAST
"Crossings At Eastchase Assisted Living, The",Montgomery,AL,36117,Montgomery,D5150,(334) 322-5934,ASSISTED LIVING FACILITY,73,CONGREGATE ASSISTED LIVING FACILITY,LIMITED LIABILITY COMPANY,6/24/21,2551 EASTCHASE LANE
Crowne Place Assisted Living,Mobile,AL,36608,Mobile,D4902,(251) 344-3866,ASSISTED LIVING FACILITY,80,CONGREGATE ASSISTED LIVING FACILITY,LIMITED LIABILITY COMPANY,6/24/21,3720 DAUPHIN STREET
"Daffodil House Assisted Living, Llc",Tuscaloosa,AL,35405,Tuscaloosa,D6317,(205) 342-0573,ASSISTED LIVING FACILITY,3,FAMILY ASSISTED LIVING FACILITY,LIMITED LIABILITY COMPANY,6/24/21,12650 OLD MARION ROAD
Danberry At Inverness,Hoover,AL,35242,Shelby,D5914,(205) 443-9500,ASSISTED LIVING FACILITY,56,CONGREGATE ASSISTED LIVING FACILITY,LIMITED LIABILITY COMPANY,6/24/21,235 INVERNESS CENTER DR.
"Dauphin Way Assisted Living, Inc.",Mobile,AL,36607,Mobile,D4983,(251) 450-1110,ASSISTED LIVING FACILITY,40,CONGREGATE ASSISTED LIVING FACILITY,CORPORATION,6/24/21,3085 DAUPHIN SQUARE CONNECTOR
Dogwood Manor Assisted Living,Abbeville,AL,36310,Henry,D3406,(334) 585-1114,ASSISTED LIVING FACILITY,16,GROUP ASSISTED LIVING FACILITY,HEALTHCARE AUTHORITY,6/24/21,301 WARD DRIVE
Eastchase Senior Living,Montgomery,AL,36117,Montgomery,D5125,(334) 549-8958,ASSISTED LIVING FACILITY,48,CONGREGATE ASSISTED LIVING FACILITY,LIMITED LIABILITY COMPANY,6/24/21,1775 HALCYON BOULEVARD
Elmcroft Of Byrd Springs,Huntsville,AL,35802,Madison,D4525,(256) 882-2727,ASSISTED LIVING FACILITY,113,CONGREGATE ASSISTED LIVING FACILITY,LIMITED LIABILITY COMPANY,6/24/21,8020 BENAROYA LANE SOUTHWEST
Elmcroft Of Grayson Valley,Birmingham,AL,35215,Jefferson,D3770,(205) 854-2888,ASSISTED LIVING FACILITY,113,CONGREGATE ASSISTED LIVING FACILITY,LIMITED LIABILITY COMPANY,6/24/21,2366 OLD SPRINGVILLE ROAD
Elmcroft Of Heritage Woods,Mobile,AL,36695,Mobile,D4947,(251) 665-9194,ASSISTED LIVING FACILITY,89,CONGREGATE ASSISTED LIVING FACILITY,LIMITED LIABILITY COMPANY,6/24/21,3440 HILLCREST ROAD
Fair Haven - Assisted Living,Birmingham,AL,35210,Jefferson,D3702,(205) 956-4150,ASSISTED LIVING FACILITY,76,CONGREGATE ASSISTED LIVING FACILITY,NON-PROFIT CORPORATION,6/24/21,1424 MONTCLAIR ROAD
Fleming Farms (Alf),Huntsville,AL,35802,Madison,D4549,(256) 759-9800,ASSISTED LIVING FACILITY,33,CONGREGATE ASSISTED LIVING FACILITY,LIMITED LIABILITY COMPANY,6/24/21,4670 BELLEWOOD DR SE
"Gables At Charlton Place Assisted Living Community, The",Deatsville,AL,36022,Autauga,D0108,(334) 290-6900,ASSISTED LIVING FACILITY,24,CONGREGATE ASSISTED LIVING FACILITY,LIMITED LIABILITY COMPANY,6/24/21,65 CHARLTON PLACE
Galleria Woods Assisted Living Facility,Hoover,AL,35244,Jefferson,D3759,(205) 985-7537,ASSISTED LIVING FACILITY,24,CONGREGATE ASSISTED LIVING FACILITY,LIMITED LIABILITY COMPANY,6/24/21,3850 GALLERIA WOODS DRIVE
Gardens Of Clanton,Clanton,AL,35045,Chilton,D1105,(205) 280-0084,ASSISTED LIVING FACILITY,16,GROUP ASSISTED LIVING FACILITY,LIMITED LIABILITY COMPANY,6/24/21,850 SCOTT DRIVE
Gardens Of Daphne,Daphne,AL,36526,Baldwin,D0215,(251) 625-0802,ASSISTED LIVING FACILITY,16,GROUP ASSISTED LIVING FACILITY,LIMITED LIABILITY COMPANY,6/24/21,1307 DAPHNE AVENUE
Gardens Of Eufaula,Eufaula,AL,36027,Barbour,D0303,(334) 687-0430,ASSISTED LIVING FACILITY,16,GROUP ASSISTED LIVING FACILITY,LIMITED LIABILITY COMPANY,6/24/21,395 LAKE DRIVE
Gardens Of Hazel Green,Hazel Green,AL,35750,Madison,D4537,(256) 828-7400,ASSISTED LIVING FACILITY,16,GROUP ASSISTED LIVING FACILITY,LIMITED LIABILITY COMPANY,6/24/21,372 JIMMY FISK ROAD
Gardens Of Pelham,Pelham,AL,35124,Shelby,D5916,(205) 402-9922,ASSISTED LIVING FACILITY,16,GROUP ASSISTED LIVING FACILITY,LIMITED LIABILITY COMPANY,6/24/21,2124 OLD MONTGOMERY HIGHWAY
Gardens Of Wetumpka,Wetumpka,AL,36092,Elmore,D2605,(334) 514-4839,ASSISTED LIVING FACILITY,16,GROUP ASSISTED LIVING FACILITY,LIMITED LIABILITY COMPANY,6/24/21,209 COUNTRY CLUB DRIVE
Gardens Of Wetumpka Ii,Wetumpka,AL,36092,Elmore,D2607,(334) 514-4839,ASSISTED LIVING FACILITY,16,GROUP ASSISTED LIVING FACILITY,LIMITED LIABILITY COMPANY,6/24/21,187 COUNTRY CLUB DRIVE
Gordon Oaks Assisted Living Community,Mobile,AL,36693,Mobile,D4916,(251) 661-7600,ASSISTED LIVING FACILITY,60,CONGREGATE ASSISTED LIVING FACILITY,LIMITED LIABILITY COMPANY,6/24/21,3145 KNOLLWOOD DRIVE
Grandview At Redstone Village,Huntsville,AL,35803,Madison,D4528,(256) 881-6717,ASSISTED LIVING FACILITY,58,CONGREGATE ASSISTED LIVING FACILITY,NON-PROFIT CORPORATION,6/24/21,12000 TURNMEYER DRIVE
Greenbriar At The Altamont Assisted Living Facility,Birmingham,AL,35205,Jefferson,D3736,(205) 323-2724,ASSISTED LIVING FACILITY,46,CONGREGATE ASSISTED LIVING FACILITY,LIMITED LIABILITY COMPANY,6/24/21,2831 HIGHLAND AVENUE SOUTH
Greensprings Ii,Prattville,AL,36067,Autauga,D0107,(334) 365-0681,ASSISTED LIVING FACILITY,16,GROUP ASSISTED LIVING FACILITY,CORPORATION,6/24/21,809 GREENSPRINGS DRIVE
Greenwood Place,Geneva,AL,36340,Geneva,D3102,(334) 449-2408,ASSISTED LIVING FACILITY,16,GROUP ASSISTED LIVING FACILITY,LIMITED LIABILITY COMPANY,6/24/21,105 SOUTH GREENWOOD
Hallmark Manor,Tuscaloosa,AL,35401,Tuscaloosa,D6315,(205) 347-0062,ASSISTED LIVING FACILITY,13,GROUP ASSISTED LIVING FACILITY,CORPORATION,6/24/21,515 ROGER SAYERS DRIVE
Hamrick Highlands Assisted Living,Tuscaloosa,AL,35404,Tuscaloosa,D6316,(205) 469-1828,ASSISTED LIVING FACILITY,36,CONGREGATE ASSISTED LIVING FACILITY,CORPORATION,6/24/21,755 55TH PLACE EAST
Harbor Chase Of Huntsville,Huntsville,AL,35801,Madison,D4527,(256) 650-1155,ASSISTED LIVING FACILITY,58,CONGREGATE ASSISTED LIVING FACILITY,CORPORATION,6/24/21,4801 WHITESPORT CIRCLE
Harborchase Of Jasper Assisted Living Facility,Jasper,AL,35501,Walker,D6412,(205) 384-0660,ASSISTED LIVING FACILITY,70,CONGREGATE ASSISTED LIVING FACILITY,CORPORATION,6/24/21,2100 VIKING DRIVE
"Hartford Retirement Village, Inc.",Hartford,AL,36344,Geneva,D3101,(334) 588-2306,ASSISTED LIVING FACILITY,38,CONGREGATE ASSISTED LIVING FACILITY,CORPORATION,6/24/21,12196 EAST STATE HWY. 52
Heritage Assisted Living,Madison,AL,35756,Limestone,D4209,(256) 325-3060,ASSISTED LIVING FACILITY,31,CONGREGATE ASSISTED LIVING FACILITY,LIMITED LIABILITY COMPANY,6/24/21,11682 COUNTY LINE ROAD
"Heritage Residential Care Village, Building #2",Tuscaloosa,AL,35406,Tuscaloosa,D6304,(205) 759-5179,ASSISTED LIVING FACILITY,15,GROUP ASSISTED LIVING FACILITY,CORPORATION,6/24/21,1001 SNOWS MILL AVENUE
Hilltop At Glenwood Ii,Florence,AL,35630,Lauderdale,D3908,(256) 766-8963,ASSISTED LIVING FACILITY,16,GROUP ASSISTED LIVING FACILITY,LIMITED LIABILITY COMPANY,6/24/21,213 ANA DRIVE
"Homeland Assisted Living, Llc",Jemison,AL,35085,Chilton,D1103,(205) 688-4835,ASSISTED LIVING FACILITY,16,GROUP ASSISTED LIVING FACILITY,LIMITED LIABILITY COMPANY,6/24/21,149 FIRST AVENUE
"Inn Assisted Living At Somerby Of West Mobile, The",Mobile,AL,36695,Mobile,D4959,(251) 776-1455,ASSISTED LIVING FACILITY,50,CONGREGATE ASSISTED LIVING FACILITY,LIMITED LIABILITY COMPANY,6/24/21,901 SOMERBY DRIVE
Jk@ Arrowhead Inc.,Montgomery,AL,36117,Montgomery,D5141,(334) 409-2828,ASSISTED LIVING FACILITY,16,GROUP ASSISTED LIVING FACILITY,NON-PROFIT CORPORATION,6/24/21,9081 ATLANTA HWY.
Keestone Of Florence,Florence,AL,35630,Lauderdale,D3904,(256) 767-7676,ASSISTED LIVING FACILITY,43,CONGREGATE ASSISTED LIVING FACILITY,LIMITED LIABILITY COMPANY,6/24/21,201 NORTH CEDAR STREET
Kemp Meadows Assisted Living Center,Winfield,AL,35594,Marion,D4704,(205) 487-7575,ASSISTED LIVING FACILITY,16,GROUP ASSISTED LIVING FACILITY,LIMITED LIABILITY COMPANY,6/24/21,652 TAHOE ROAD
Kirkwood By The River,Birmingham,AL,35210,Jefferson,D3704,(205) 956-2184,ASSISTED LIVING FACILITY,60,CONGREGATE ASSISTED LIVING FACILITY,NON-PROFIT CORPORATION,6/24/21,3605 RATLIFF ROAD
Knollwood Pointe,Mobile,AL,36693,Mobile,D4943,(251) 666-1005,ASSISTED LIVING FACILITY,23,CONGREGATE ASSISTED LIVING FACILITY,LIMITED LIABILITY COMPANY,6/24/21,5601 GIRBY ROAD
Lake Haven Assisted Living Facility,Luverne,AL,36049,Crenshaw,D2101,(334) 430-8455,ASSISTED LIVING FACILITY,16,GROUP ASSISTED LIVING FACILITY,PARTNERSHIP,6/24/21,370 ROY BEALL DRIVE
"Lakewood Senior Living Of Jasper I, Llc",Jasper,AL,35501,Walker,D6408,(205) 221-5579,ASSISTED LIVING FACILITY,16,GROUP ASSISTED LIVING FACILITY,LIMITED LIABILITY COMPANY,6/24/21,811 20TH AVENUE EAST
"Lakewood Senior Living Of Jasper Ii, Llc",Jasper,AL,35501,Walker,D6409,(205) 221-1650,ASSISTED LIVING FACILITY,16,GROUP ASSISTED LIVING FACILITY,LIMITED LIABILITY COMPANY,6/24/21,2004 VIKING DRIVE
"Lakewood Senior Living Of Smith, Llc",Smiths,AL,36877,Lee,D4104,(205) 320-7504,ASSISTED LIVING FACILITY,16,GROUP ASSISTED LIVING FACILITY,LIMITED LIABILITY COMPANY,6/24/21,3020 LEE ROAD 430
"Lakewood Senior Living Of Valley Ii, Llc",Valley,AL,36854,Chambers,D0904,(334) 756-8077,ASSISTED LIVING FACILITY,16,GROUP ASSISTED LIVING FACILITY,CORPORATION,6/24/21,7200 FAIRFAX BYPASS
Legacy Ridge Trussville,Trussville,AL,35173,Jefferson,D3779,(205) 661-9940,ASSISTED LIVING FACILITY,55,CONGREGATE ASSISTED LIVING FACILITY,LIMITED LIABILITY COMPANY,6/24/21,7868 GADSDEN HIGHWAY
Legacy Village Of Jacksonville,Jacksonville,AL,36265,Calhoun,D0805,(256) 782-0960,ASSISTED LIVING FACILITY,50,CONGREGATE ASSISTED LIVING FACILITY,LIMITED LIABILITY COMPANY,6/24/21,1116 JAMES HOPKINS ROAD
Legacy Woods I,Hayden,AL,35079,Blount,D0501,(205) 647-7410,ASSISTED LIVING FACILITY,16,GROUP ASSISTED LIVING FACILITY,LIMITED LIABILITY COMPANY,6/24/21,101 JACOBS LANE
Limestone Lodge Ii,Athens,AL,35611,Limestone,D4208,(256) 233-1224,ASSISTED LIVING FACILITY,16,GROUP ASSISTED LIVING FACILITY,LIMITED LIABILITY COMPANY,6/24/21,1528 WEST HOBBS STREET
Limestone Manor,Athens,AL,35611,Limestone,D4203,(256) 232-3900,ASSISTED LIVING FACILITY,24,CONGREGATE ASSISTED LIVING FACILITY,LIMITED LIABILITY COMPANY,6/24/21,600 HIGHWAY 31 NORTH
Little Sisters Of The Poor Sacred Heart Residence,Mobile,AL,36604-1299,Mobile,D4903,(251) 476-6335,ASSISTED LIVING FACILITY,11,GROUP ASSISTED LIVING FACILITY,NON-PROFIT CORPORATION,6/24/21,1655 MCGILL AVENUE
"Liveoak Village, Llc",Foley,AL,36535,Baldwin,D0208,(251) 943-6733,ASSISTED LIVING FACILITY,81,CONGREGATE ASSISTED LIVING FACILITY,LIMITED LIABILITY COMPANY,6/24/21,2300 NORTH CEDAR STREET
Longleaf At Liberty Park,Vestavia Hills,AL,35242,Jefferson,D3786,(205) 278-3064,ASSISTED LIVING FACILITY,90,CONGREGATE ASSISTED LIVING FACILITY,LIMITED LIABILITY COMPANY,6/24/21,"451 LIBERTY PARKWAY,"
Madison At The Range,Madison,AL,35758,Madison,D4544,(256) 203-5101,ASSISTED LIVING FACILITY,82,CONGREGATE ASSISTED LIVING FACILITY,LIMITED LIABILITY COMPANY,6/24/21,10801 COUNTY LINE ROAD
"Madison Village, Llc, The",Madison,AL,35758,Madison,D4518,(256) 830-2400,ASSISTED LIVING FACILITY,60,CONGREGATE ASSISTED LIVING FACILITY,NON-PROFIT CORPORATION,6/24/21,6016 WALL TRIANA HWY
Magnolia Gardens Assisted Living,Rainbow City,AL,35906,Etowah,D2803,(256) 442-0102,ASSISTED LIVING FACILITY,16,GROUP ASSISTED LIVING FACILITY,LIMITED LIABILITY COMPANY,6/24/21,520 LASALLE STREET
Magnolia House,Oneonta,AL,35121,Blount,D0508,(205) 813-7584,ASSISTED LIVING FACILITY,40,CONGREGATE ASSISTED LIVING FACILITY,LIMITED LIABILITY COMPANY,6/24/21,100 FOURTH AVENUE WEST
Maplewood Lane Assisted Living,Helena,AL,35080,Shelby,D5903,(205) 620-2905,ASSISTED LIVING FACILITY,16,GROUP ASSISTED LIVING FACILITY,LIMITED LIABILITY COMPANY,6/24/21,223 TUCKER ROAD
Martinview Assisted Living-West,Northport,AL,35476,Tuscaloosa,D6310,(205) 343-7335,ASSISTED LIVING FACILITY,16,GROUP ASSISTED LIVING FACILITY,LIMITED LIABILITY COMPANY,6/24/21,2015 32ND STREET
Mcclellan Senior Living,Anniston,AL,36205,Calhoun,D0812,(256) 403-6808,ASSISTED LIVING FACILITY,60,CONGREGATE ASSISTED LIVING FACILITY,CORPORATION,6/24/21,41 BG DH STEM AVENUE
Meadowood Retirement Village,Glencoe,AL,35905,Etowah,D2801,(256) 492-0935,ASSISTED LIVING FACILITY,110,CONGREGATE ASSISTED LIVING FACILITY,LIMITED LIABILITY COMPANY,6/24/21,509 PINEVIEW AVENUE
"Meadows Of Brewton, The",Brewton,AL,36426,Escambia,D2702,(251) 809-0227,ASSISTED LIVING FACILITY,16,GROUP ASSISTED LIVING FACILITY,LIMITED LIABILITY COMPANY,6/24/21,205 PINEVIEW STREET
"Meadows Of Jackson, The",Jackson,AL,36545,Clarke,D1302,(251) 246-1915,ASSISTED LIVING FACILITY,16,GROUP ASSISTED LIVING FACILITY,LIMITED LIABILITY COMPANY,6/24/21,517 COMMERCE STREET
"Meadows Of Monroeville, The",Monroeville,AL,36460,Monroe,D5001,(251) 575-9855,ASSISTED LIVING FACILITY,16,GROUP ASSISTED LIVING FACILITY,LIMITED LIABILITY COMPANY,6/24/21,600 HIGHWAY 21 BYPASS
"Meadows, The",Atmore,AL,36502,Escambia,D2703,(251) 446-9317,ASSISTED LIVING FACILITY,16,GROUP ASSISTED LIVING FACILITY,LIMITED LIABILITY COMPANY,6/24/21,202 MEDICAL PARK DRIVE
Merrill Gardens At Madison,Madison,AL,35758,Madison,D4538,(256) 850-0058,ASSISTED LIVING FACILITY,160,CONGREGATE ASSISTED LIVING FACILITY,LIMITED LIABILITY COMPANY,6/24/21,121 BROOKRIDGE DRIVE
Monarch Place,Hanceville,AL,35077,Cullman,D2209,(256) 352-3141,ASSISTED LIVING FACILITY,55,CONGREGATE ASSISTED LIVING FACILITY,LIMITED LIABILITY COMPANY,6/24/21,105 MICHELLE STREET NW
Morning Glory Meadows,Fyffe,AL,35971,Dekalb,D2506,(256) 623-2626,ASSISTED LIVING FACILITY,16,GROUP ASSISTED LIVING FACILITY,CORPORATION,6/24/21,2055 MAIN STREET
Morningside Of Auburn,Auburn,AL,36830,Lee,D4106,(334) 887-1061,ASSISTED LIVING FACILITY,49,CONGREGATE ASSISTED LIVING FACILITY,PARTNERSHIP,6/24/21,871 TWIN FORKS AVENUE
Morningside Of Cullman,Cullman,AL,35058-0607,Cullman,D2210,(256) 737-1088,ASSISTED LIVING FACILITY,45,CONGREGATE ASSISTED LIVING FACILITY,LIMITED LIABILITY COMPANY,6/24/21,"2021 DAHLKE DRIVE, N. E."
Morningside Of Decatur,Decatur,AL,35601,Morgan,D5207,(256) 350-0089,ASSISTED LIVING FACILITY,60,CONGREGATE ASSISTED LIVING FACILITY,PARTNERSHIP,6/24/21,"2115 POINT MALLARD DRIVE, SE"
Morningside Of Madison,Madison,AL,35758,Madison,D4521,(256) 464-9090,ASSISTED LIVING FACILITY,46,CONGREGATE ASSISTED LIVING FACILITY,LIMITED LIABILITY COMPANY,6/24/21,49 HUGHES ROAD
Morningside Of Riverchase,Birmingham,AL,35244,Shelby,D5917,(205) 403-7400,ASSISTED LIVING FACILITY,38,CONGREGATE ASSISTED LIVING FACILITY,LIMITED LIABILITY COMPANY,6/24/21,2184 PARKWAY LAKE DR.
Morningside Of Sheffield,Sheffield,AL,35660,Colbert,D1703,(256) 381-1058,ASSISTED LIVING FACILITY,56,CONGREGATE ASSISTED LIVING FACILITY,LIMITED LIABILITY COMPANY,6/24/21,413 COX BLVD.
Morningside Of Vestavia Hills,Birmingham,AL,35216,Jefferson,D3728,(205) 822-4773,ASSISTED LIVING FACILITY,77,CONGREGATE ASSISTED LIVING FACILITY,CORPORATION,6/24/21,2435 COLUMBIANA ROAD
Morningview Estates,Fayette,AL,35555,Fayette,D2902,(205) 932-4003,ASSISTED LIVING FACILITY,38,CONGREGATE ASSISTED LIVING FACILITY,LIMITED LIABILITY COMPANY,6/24/21,"404 25TH STREET, NORTHWEST"
Mountain Cove,Gadsden,AL,35901,Etowah,D2809,(256) 543-9991,ASSISTED LIVING FACILITY,34,CONGREGATE ASSISTED LIVING FACILITY,LIMITED LIABILITY COMPANY,6/24/21,6330 U. S. HIGHWAY 411
Murray House,Mobile,AL,36604,Mobile,D4938,(251) 432-2272,ASSISTED LIVING FACILITY,64,CONGREGATE ASSISTED LIVING FACILITY,NON-PROFIT CORPORATION,6/24/21,1257 GOVERNMENT STREET
"Noble Manor, Llc",Troy,AL,36081-3802,Pike,D5506,(334) 566-8543,ASSISTED LIVING FACILITY,16,GROUP ASSISTED LIVING FACILITY,LIMITED LIABILITY COMPANY,6/24/21,610 BOTTS AVENUE
"Noble Manor, Llc Ii",Troy,AL,36081-3802,Pike,D5507,(334) 808-8778,ASSISTED LIVING FACILITY,16,GROUP ASSISTED LIVING FACILITY,LIMITED LIABILITY COMPANY,6/24/21,610 BOTTS AVENUE
North River Village,Tuscaloosa,AL,35406,Tuscaloosa,D6312,(205) 759-9875,ASSISTED LIVING FACILITY,80,CONGREGATE ASSISTED LIVING FACILITY,LIMITED LIABILITY COMPANY,6/24/21,"5810 RICE MINE ROAD, NE"
"Oak Circle Assisted Living, Llc",Pell City,AL,35125,St. Clair,D5804,(205) 884-4663,ASSISTED LIVING FACILITY,16,GROUP ASSISTED LIVING FACILITY,LIMITED LIABILITY COMPANY,6/24/21,"605 FIFTEENTH STREET, NORTH"
Oak Grove Inn,Montgomery,AL,36116,Montgomery,D5132,(334) 215-8881,ASSISTED LIVING FACILITY,52,CONGREGATE ASSISTED LIVING FACILITY,LIMITED LIABILITY COMPANY,6/24/21,3801 OAK GROVE DRIVE
Oak Landing,Attalla,AL,35954,Etowah,D2807,(256) 393-1965,ASSISTED LIVING FACILITY,22,CONGREGATE ASSISTED LIVING FACILITY,CORPORATION,6/24/21,616 GAINES STREET
Oakbridge Terrace Assisted Living Residence At Magnolia Trace,Huntsville,AL,35802,Madison,D4532,(256) 261-1600,ASSISTED LIVING FACILITY,30,CONGREGATE ASSISTED LIVING FACILITY,CORPORATION,6/24/21,ONE CROWN CIRCLE
Oakbridge Terrace Assisted Living Residence At Westminster Village,Spanish Fort,AL,36527,Baldwin,D0201,(251) 626-7007,ASSISTED LIVING FACILITY,28,CONGREGATE ASSISTED LIVING FACILITY,NON-PROFIT CORPORATION,6/24/21,500 SPANISH FORT BOULEVARD
Oaks On Parkwood Assisted Living Facility,Bessemer,AL,35022,Jefferson,D3773,(205) 497-4570,ASSISTED LIVING FACILITY,80,CONGREGATE ASSISTED LIVING FACILITY,LIMITED LIABILITY COMPANY,6/24/21,"2651 LAUREL OAK DRIVE, P.O. BOX 360227"
Old Town Home,Linden,AL,36748,Marengo,D4601,(334) 295-5120,ASSISTED LIVING FACILITY,12,GROUP ASSISTED LIVING FACILITY,HEALTHCARE AUTHORITY,6/24/21,203 WEST CAHABA AVENUE
Paden Ridge Assisted Living,Gadsden,AL,35902,Etowah,D2805,(256) 543-0076,ASSISTED LIVING FACILITY,16,GROUP ASSISTED LIVING FACILITY,CORPORATION,6/24/21,255 MURRAY DRIVE
Peachtree Senior Living,Trussville,AL,35173,Jefferson,D3772,(205) 790-1469,ASSISTED LIVING FACILITY,32,CONGREGATE ASSISTED LIVING FACILITY,LIMITED LIABILITY COMPANY,6/24/21,3740 EAGLE DRIVE
"Pearl Of The Shoals Alf, The",Muscle Shoals,AL,35661,Colbert,D1705,(256) 386-7177,ASSISTED LIVING FACILITY,40,CONGREGATE ASSISTED LIVING FACILITY,LIMITED LIABILITY COMPANY,6/24/21,2904 S WILSON DAM RD
Pine Needle Place,Greenville,AL,36037,Butler,D0702,(334) 382-3757,ASSISTED LIVING FACILITY,16,GROUP ASSISTED LIVING FACILITY,LIMITED LIABILITY COMPANY,6/24/21,600 GLENDALE AVENUE
Pine Place,Arley,AL,35541,Winston,D6701,(205) 387-8100,ASSISTED LIVING FACILITY,16,GROUP ASSISTED LIVING FACILITY,INDIVIDUAL,6/24/21,150 HICKORY LANE
Pine Valley Retirement Community,Tuscaloosa,AL,35406,Tuscaloosa,D6309,(205) 349-8700,ASSISTED LIVING FACILITY,16,GROUP ASSISTED LIVING FACILITY,LIMITED LIABILITY COMPANY,6/24/21,800 RICE VALLEY ROAD NORTH
Providence Home,Ozark,AL,36360,Dale,D2301,(334) 774-0364,ASSISTED LIVING FACILITY,16,GROUP ASSISTED LIVING FACILITY,CORPORATION,6/24/21,171 GRIMES ROAD
Regal Place At Regency Pointe,Rainbow City,AL,35906,Etowah,D2808,(256) 442-1856,ASSISTED LIVING FACILITY,46,CONGREGATE ASSISTED LIVING FACILITY,LIMITED LIABILITY COMPANY,6/24/21,510 EAST GRANDE AVE
Regency Assisted Living,Huntsville,AL,35810,Madison,D4501,(256) 852-0033,ASSISTED LIVING FACILITY,72,CONGREGATE ASSISTED LIVING FACILITY,CORPORATION,6/24/21,2004 MAX LUTHER DRIVE
Regency Retirement Village,Birmingham,AL,35209,Jefferson,D3777,(205) 957-3355,ASSISTED LIVING FACILITY,48,CONGREGATE ASSISTED LIVING FACILITY,LIMITED LIABILITY COMPANY,6/24/21,285 WEST OXMOOR ROAD
Regency Retirement Village Of Tuscaloosa,Tuscaloosa,AL,35405,Tuscaloosa,D6305,(205) 752-5500,ASSISTED LIVING FACILITY,80,CONGREGATE ASSISTED LIVING FACILITY,LIMITED LIABILITY COMPANY,6/24/21,5001 OLD MONTGOMERY HIGHWAY
River Oaks Assisted Living,Eufaula,AL,36027,Barbour,D0302,(334) 687-6089,ASSISTED LIVING FACILITY,16,GROUP ASSISTED LIVING FACILITY,CORPORATION,6/24/21,903 WEST UNION STREET
Rosewood Manor Assisted Living,Scottsboro,AL,35769,Jackson,D3602,(256) 574-4800,ASSISTED LIVING FACILITY,16,GROUP ASSISTED LIVING FACILITY,LIMITED LIABILITY COMPANY,6/24/21,1513 COUNTY PARK ROAD
Savannah Terrace Of Andalusia I,Andalusia,AL,36420,Covington,D2002,(334) 222-2133,ASSISTED LIVING FACILITY,16,GROUP ASSISTED LIVING FACILITY,CORPORATION,6/24/21,660 MOORE ROAD
Savannah Terrace Of Andalusia Ii,Andalusia,AL,36420,Covington,D2003,(334) 222-0494,ASSISTED LIVING FACILITY,16,GROUP ASSISTED LIVING FACILITY,CORPORATION,6/24/21,660 MOORE ROAD
Seagrass Village Of Gulf Shores,Gulf Shores,AL,32789,Baldwin,D0227,(251) 200-5700,ASSISTED LIVING FACILITY,60,CONGREGATE ASSISTED LIVING FACILITY,LIMITED LIABILITY COMPANY,6/24/21,21298 COTTON CREEK DRIVE
"Seasons Of Talladega #2, The",Talladega,AL,35160,Talladega,D6107,(256) 362-1072,ASSISTED LIVING FACILITY,16,GROUP ASSISTED LIVING FACILITY,CORPORATION,6/24/21,130 SEASONS WAY
Serenity Place I,Fort Payne,AL,35968,Dekalb,D2510,(256) 979-1239,ASSISTED LIVING FACILITY,16,GROUP ASSISTED LIVING FACILITY,CORPORATION,6/24/21,"741 HOUSTON LOOP RD. W, P.O. BOX 680129"
Somerby At St. Vincent'S One Nineteen,Hoover,AL,35242,Shelby,D5913,(205) 745-4630,ASSISTED LIVING FACILITY,56,CONGREGATE ASSISTED LIVING FACILITY,LIMITED LIABILITY COMPANY,6/24/21,200 ONE NINETEEN BLVD.
Somerset Assisted Living Facility/East,Dothan,AL,36303,Houston,D3507,(334) 671-1176,ASSISTED LIVING FACILITY,16,GROUP ASSISTED LIVING FACILITY,CORPORATION,6/24/21,815 JOHN D. ODOM ROAD
Somerset Assisted Living Facility/West,Dothan,AL,36303,Houston,D3504,(334) 671-9990,ASSISTED LIVING FACILITY,16,GROUP ASSISTED LIVING FACILITY,CORPORATION,6/24/21,815 JOHN D. ODOM ROAD
Sonrise Assisted Living,Demopolis,AL,36732,Marengo,D4602,(334) 289-5131,ASSISTED LIVING FACILITY,16,GROUP ASSISTED LIVING FACILITY,INDIVIDUAL,6/24/21,1607 HWY. 43 SOUTH
Southern Estates Assisted Living Community,Scottsboro,AL,35769,Jackson,D3603,(256) 574-4202,ASSISTED LIVING FACILITY,32,CONGREGATE ASSISTED LIVING FACILITY,LIMITED LIABILITY COMPANY,6/24/21,212 E. STEWART ROAD
Spring Terrace Assisted Living Facility,Sylacauga,AL,35150,Talladega,D6106,(256) 245-6611,ASSISTED LIVING FACILITY,36,CONGREGATE ASSISTED LIVING FACILITY,LIMITED LIABILITY COMPANY,6/24/21,1104 WEST HICKORY STREET
St. Martins In The Pines Assisted Living Facility,Birmingham,AL,35210,Jefferson,D3701,(205) 956-1831,ASSISTED LIVING FACILITY,71,CONGREGATE ASSISTED LIVING FACILITY,NON-PROFIT CORPORATION,6/24/21,4941 MONTEVALLO ROAD
Sturgis Hall/John Knox Manor Iii,Montgomery,AL,36116,Montgomery,D5107,(334) 288-6462,ASSISTED LIVING FACILITY,8,GROUP ASSISTED LIVING FACILITY,CORPORATION,6/24/21,4401 NARROW LANE ROAD
Summer Village Azalea Place,Auburn,AL,36830,Lee,D4108,(334) 501-0904,ASSISTED LIVING FACILITY,56,CONGREGATE ASSISTED LIVING FACILITY,LIMITED LIABILITY COMPANY,6/24/21,1601 PROFESSIONAL PARKWAY
"Summit,The",Atmore,AL,36502,Escambia,D2706,(251) 368-0270,ASSISTED LIVING FACILITY,28,CONGREGATE ASSISTED LIVING FACILITY,LIMITED LIABILITY COMPANY,6/24/21,140 MCRAE STREET
Sumter Assisted Living Facility,York,AL,36925,Sumter,D6001,(205) 343-7335,ASSISTED LIVING FACILITY,12,GROUP ASSISTED LIVING FACILITY,LIMITED LIABILITY COMPANY,6/24/21,1505 EAST 4TH AVENUE
Sunrise Manor Ii,Jasper,AL,35504,Walker,D6411,(205) 387-7400,ASSISTED LIVING FACILITY,16,GROUP ASSISTED LIVING FACILITY,CORPORATION,6/24/21,1609 SUNRISE ROAD
Taylor Mill Oaks,Elba,AL,36323,Coffee,D1603,(334) 313-5505,ASSISTED LIVING FACILITY,16,GROUP ASSISTED LIVING FACILITY,CORPORATION,6/24/21,2805 TAYLOR MILL ROAD
"Terrace At Grove Park, The",Dothan,AL,36305,Houston,D3515,(334) 792-7349,ASSISTED LIVING FACILITY,52,CONGREGATE ASSISTED LIVING FACILITY,LIMITED LIABILITY COMPANY,6/24/21,101 TULIP LANE
"Terrace At Priceville, The",Decatur,AL,35603,Morgan,D5209,(256) 260-0400,ASSISTED LIVING FACILITY,38,CONGREGATE ASSISTED LIVING FACILITY,CORPORATION,6/24/21,200 TERRACE LANE
Terrace Lake Assisted Living,Guntersville,AL,35976,Marshall,D4802,(256) 582-1700,ASSISTED LIVING FACILITY,26,CONGREGATE ASSISTED LIVING FACILITY,LIMITED LIABILITY COMPANY,6/24/21,100 TERRACE LAKE DRIVE
The Huntingdon,Fairhope,AL,36532,Baldwin,D0206,(251) 929-0270,ASSISTED LIVING FACILITY,50,CONGREGATE ASSISTED LIVING FACILITY,LIMITED LIABILITY COMPANY,6/24/21,108 HOMESTEAD VILLAGE
The Landings Of Northport -Alf,Northport,AL,35476,Tuscaloosa,D6313,(205) 330-1700,ASSISTED LIVING FACILITY,83,CONGREGATE ASSISTED LIVING FACILITY,LIMITED LIABILITY COMPANY,6/24/21,951 ROSE DRIVE
The Renaissance Assisted Living,Florence,AL,35630,Lauderdale,D3909,(256) 740-6999,ASSISTED LIVING FACILITY,83,CONGREGATE ASSISTED LIVING FACILITY,LIMITED LIABILITY COMPANY,6/24/21,3275 COUNTY ROAD 47
Thrive At Jones Farm,Huntsville,AL,35802,Madison,D4548,(256) 429-3008,ASSISTED LIVING FACILITY,75,CONGREGATE ASSISTED LIVING FACILITY,LIMITED LIABILITY COMPANY,6/24/21,2238 CECIL ASHBURN DR. SE
Traditions Of Athens,Athens,AL,35613,Limestone,D4210,(256) 444-3255,ASSISTED LIVING FACILITY,80,CONGREGATE ASSISTED LIVING FACILITY,LIMITED LIABILITY COMPANY,6/24/21,22171 TRADITIONS WAY
Tranquility Harbor Of Mobile,Grand Bay,AL,36541,Mobile,D4962,(251) 868-2273,ASSISTED LIVING FACILITY,24,GROUP ASSISTED LIVING FACILITY,LIMITED LIABILITY COMPANY,6/24/21,12250 HIFIELDS ROAD
"Truewood By Merrill, Riverchase Alf",Hoover,AL,35244,Jefferson,D3771,(205) 982-7000,ASSISTED LIVING FACILITY,101,CONGREGATE ASSISTED LIVING FACILITY,LIMITED LIABILITY COMPANY,6/24/21,1851 DATA DRIVE
Twin Magnolias Assisted Living,Abbeville,AL,36310,Henry,D3403,(334) 585-1072,ASSISTED LIVING FACILITY,16,GROUP ASSISTED LIVING FACILITY,CORPORATION,6/24/21,3084 U.S. 431 SOUTH
Valley Park Manor,Valley,AL,36854,Chambers,D0908,(334) 756-2600,ASSISTED LIVING FACILITY,56,CONGREGATE ASSISTED LIVING FACILITY,LIMITED LIABILITY COMPANY,6/24/21,10 MEDICAL PARK DRIVE NORTH
"Veranda Suites, The",Dadeville,AL,36853,Tallapoosa,D6206,(256) 825-4685,ASSISTED LIVING FACILITY,30,CONGREGATE ASSISTED LIVING FACILITY,LIMITED LIABILITY COMPANY,6/24/21,"165 LANDING LANE, P. O. BOX 335"
Village At Cook Springs Assisted Living Facility,Pell City,AL,35125,St. Clair,D5802,(205) 338-2221,ASSISTED LIVING FACILITY,81,CONGREGATE ASSISTED LIVING FACILITY,LIMITED LIABILITY COMPANY,6/24/21,415 COOK SPRINGS ROAD
Wesley Gardens Retirement Community,Montgomery,AL,36117,Montgomery,D5104,(334) 272-7917,ASSISTED LIVING FACILITY,56,CONGREGATE ASSISTED LIVING FACILITY,NON-PROFIT CORPORATION,6/24/21,1555 TAYLOR ROAD
Wesley Place On Honeysuckle - Assisted Living,Dothan,AL,36305,Houston,D3501,(334) 792-0921,ASSISTED LIVING FACILITY,66,CONGREGATE ASSISTED LIVING FACILITY,NON-PROFIT CORPORATION,6/24/21,718 HONEYSUCKLE ROAD
"Westbrook Assisted Living, Llc",Geneva,AL,36340,Geneva,D3103,(334) 684-1072,ASSISTED LIVING FACILITY,16,GROUP ASSISTED LIVING FACILITY,LIMITED LIABILITY COMPANY,6/24/21,"100 WEST LAKE PROFESSIONAL PARK, SUITE 6"
Westminster Assisted Living Of Cullman,Cullman,AL,35055,Cullman,D2215,(256) 255-0361,ASSISTED LIVING FACILITY,24,CONGREGATE ASSISTED LIVING FACILITY,LIMITED LIABILITY COMPANY,6/24/21,1020 OLIVE ST.
Westminster Assisted Living Of Decatur,Decatur,AL,35603,Morgan,D5211,(256) 309-5300,ASSISTED LIVING FACILITY,24,CONGREGATE ASSISTED LIVING FACILITY,LIMITED LIABILITY COMPANY,6/24/21,2106 MODAUS ROAD SW
Whitehall Assisted Living Community,Dothan,AL,36303,Houston,D3517,(334) 699-4255,ASSISTED LIVING FACILITY,16,GROUP ASSISTED LIVING FACILITY,CORPORATION,6/24/21,2094 JOHN D. ODOM ROAD
Whitehall West Assisted Living,Dothan,AL,36303,Houston,D3518,(334) 699-4277,ASSISTED LIVING FACILITY,16,GROUP ASSISTED LIVING FACILITY,CORPORATION,6/24/21,2094 JOHN D. ODOM ROAD
Williamsburg Manor Ii,Roanoke,AL,36274,Randolph,D5605,(334) 863-3500,ASSISTED LIVING FACILITY,16,GROUP ASSISTED LIVING FACILITY,CORPORATION,6/24/21,"1208 YANCEY STREET, P. O. BOX 467"
"Willows Assisted Living, The",Alexander City,AL,35010,Tallapoosa,D6202,(256) 234-0800,ASSISTED LIVING FACILITY,16,GROUP ASSISTED LIVING FACILITY,LIMITED LIABILITY COMPANY,6/24/21,2712 WASHINGTON STREET
Wills Creek Village,Fort Payne,AL,35968,Dekalb,D2507,(256) 845-3002,ASSISTED LIVING FACILITY,40,CONGREGATE ASSISTED LIVING FACILITY,CORPORATION,6/24/21,1050 AIRPORT ROAD WEST
Woodlands At Tannehill,Mccalla,AL,35111,Tuscaloosa,D6314,(205) 776-4663,ASSISTED LIVING FACILITY,52,CONGREGATE ASSISTED LIVING FACILITY,LIMITED LIABILITY COMPANY,6/24/21,8071 KIMBRELL CUT OFF ROAD
"Woodmoore, The",Opp,AL,36467,Covington,D2004,(334) 493-2721,ASSISTED LIVING FACILITY,16,GROUP ASSISTED LIVING FACILITY,INDIVIDUAL,6/24/21,1709 NORTH MAIN STREET
Wynnwood Oaks I,Enterprise,AL,36330,Coffee,D1601,(334) 313-5505,ASSISTED LIVING FACILITY,16,GROUP ASSISTED LIVING FACILITY,CORPORATION,6/24/21,201 WYNN ROAD
Wynnwood Oaks Ii,Enterprise,AL,36330,Coffee,D1604,(334) 313-5505,ASSISTED LIVING FACILITY,16,GROUP ASSISTED LIVING FACILITY,CORPORATION,6/24/21,203 WYNN ROAD
Angels For The Elderly I,Montgomery,AL,36109,Montgomery,P5115,(334) 270-8050,ASSISTED LIVING FACILITY (SPECIALTY CARE),16,GROUP SPECIALTY CARE ASSISTED LIVING FACILITY,LIMITED LIABILITY COMPANY,6/24/21,52 ANGELS COURT
Angels For The Elderly Ii,Montgomery,AL,36109,Montgomery,P5101,(334) 270-8050,ASSISTED LIVING FACILITY (SPECIALTY CARE),16,GROUP SPECIALTY CARE ASSISTED LIVING FACILITY,LIMITED LIABILITY COMPANY,6/24/21,44 ANGELS COURT
Angels For The Elderly Iii,Montgomery,AL,36109,Montgomery,P5102,(334) 270-9122,ASSISTED LIVING FACILITY (SPECIALTY CARE),16,GROUP SPECIALTY CARE ASSISTED LIVING FACILITY,LIMITED LIABILITY COMPANY,6/24/21,48 ANGELS COURT
Angels For The Elderly Iv,Montgomery,AL,36109,Montgomery,P5112,(334) 270-9122,ASSISTED LIVING FACILITY (SPECIALTY CARE),16,GROUP SPECIALTY CARE ASSISTED LIVING FACILITY,LIMITED LIABILITY COMPANY,6/24/21,40 ANGELS COURT
"Arbors Specialty Care At Somerby Of West Mobile, The",Mobile,AL,36695,Mobile,P4910,(251) 776-1455,ASSISTED LIVING FACILITY (SPECIALTY CARE),24,CONGREGATE SPECIALTY CARE ASSISTED LIVING FACILITY,LIMITED LIABILITY COMPANY,6/24/21,901 SOMERBY DRIVE
Ashbury Manor,Mobile,AL,36608,Mobile,P4908,(251) 340-7528,ASSISTED LIVING FACILITY (SPECIALTY CARE),16,GROUP SPECIALTY CARE ASSISTED LIVING FACILITY,CORPORATION,6/24/21,6562 OLD SHELL ROAD
Atria Regency Specialty Care,Mobile,AL,36609,Mobile,P4903,(251) 380-0053,ASSISTED LIVING FACILITY (SPECIALTY CARE),20,CONGREGATE SPECIALTY CARE ASSISTED LIVING FACILITY,LIMITED LIABILITY COMPANY,6/24/21,4720 MORRISON DRIVE
Autumn Cove Memory Care,Anniston,AL,36207,Calhoun,P0801,(256) 831-7474,ASSISTED LIVING FACILITY (SPECIALTY CARE),27,CONGREGATE SPECIALTY CARE ASSISTED LIVING FACILITY,LIMITED LIABILITY COMPANY,6/24/21,4425 GREENBRIER DEAR ROAD
"Blake Memory Care Community, The",Daphne,AL,36526,Baldwin,P0205,(251) 625-6400,ASSISTED LIVING FACILITY (SPECIALTY CARE),45,CONGREGATE SPECIALTY CARE ASSISTED LIVING FACILITY,LIMITED LIABILITY COMPANY,6/24/21,11626 US HIGHWAY 90
"Bluffs At Greystone Ii, The",Birmingham,AL,35242,Shelby,P5927,(205) 379-0322,ASSISTED LIVING FACILITY (SPECIALTY CARE),32,CONGREGATE SPECIALTY CARE ASSISTED LIVING FACILITY,LIMITED LIABILITY COMPANY,6/24/21,6328 FARLEY LANE
"Brennity At Daphne Mc , The",Daphne,AL,36526,Baldwin,P0203,(251) 626-9000,ASSISTED LIVING FACILITY (SPECIALTY CARE),64,CONGREGATE SPECIALTY CARE ASSISTED LIVING FACILITY,LIMITED LIABILITY COMPANY,6/24/21,27296 COUNTY ROAD 13
Brentwood Retirement Community I,Muscle Shoals,AL,35661,Colbert,P1702,(256) 381-7443,ASSISTED LIVING FACILITY (SPECIALTY CARE),16,GROUP SPECIALTY CARE ASSISTED LIVING FACILITY,LIMITED LIABILITY COMPANY,6/24/21,2505 ALABAMA AVENUE
Brentwood Retirement Community Ii,Muscle Shoals,AL,35661,Colbert,P1703,(256) 381-7443,ASSISTED LIVING FACILITY (SPECIALTY CARE),16,GROUP SPECIALTY CARE ASSISTED LIVING FACILITY,LIMITED LIABILITY COMPANY,6/24/21,2505 ALABAMA AVENUE
Briar Glen Alzheimer'S Special Care Center,Hoover,AL,35226,Jefferson,P3701,(205) 823-2393,ASSISTED LIVING FACILITY (SPECIALTY CARE),90,CONGREGATE SPECIALTY CARE ASSISTED LIVING FACILITY,LIMITED LIABILITY COMPANY,6/24/21,570 SOUTHLAND DRIVE
"Bridgewood Gardens, Memory Care",Albertville,AL,35951,Marshall,P4801,(256) 878-3132,ASSISTED LIVING FACILITY (SPECIALTY CARE),22,CONGREGATE SPECIALTY CARE ASSISTED LIVING FACILITY,LIMITED LIABILITY COMPANY,6/24/21,151 WOODHAM DRIVE
Brookdale Hampton Cove,Hampton Cove,AL,35763,Madison,P4505,(256) 564-8383,ASSISTED LIVING FACILITY (SPECIALTY CARE),50,CONGREGATE SPECIALTY CARE ASSISTED LIVING FACILITY,LIMITED LIABILITY COMPANY,6/24/21,6379 HIGHWAY 431 SOUTH
Brookdale University Park Scalf (Al),Birmingham,AL,35209,Jefferson,P3707,(205) 870-0786,ASSISTED LIVING FACILITY (SPECIALTY CARE),30,CONGREGATE SPECIALTY CARE ASSISTED LIVING FACILITY,LIMITED LIABILITY COMPANY,6/24/21,400 UNIVERSITY PARK DRIVE
Brookside Memory And Specialty Care On Cody,Mobile,AL,36695,Mobile,P4913,(251) 639-0494,ASSISTED LIVING FACILITY (SPECIALTY CARE),16,GROUP SPECIALTY CARE ASSISTED LIVING FACILITY,LIMITED LIABILITY COMPANY,6/24/21,680 CODY ROAD
Carillon Oaks Mobile,Theodore,AL,36582,Mobile,P4917,(251) 287-6300,ASSISTED LIVING FACILITY (SPECIALTY CARE),48,CONGREGATE SPECIALTY CARE ASSISTED LIVING FACILITY,LIMITED LIABILITY COMPANY,6/24/21,5461 KOOIMAN ROAD
Carrington Place,Satsuma,AL,36572,Mobile,P4905,(251) 776-1683,ASSISTED LIVING FACILITY (SPECIALTY CARE),40,CONGREGATE SPECIALTY CARE ASSISTED LIVING FACILITY,LIMITED LIABILITY COMPANY,6/24/21,300 BAKER ROAD
Cedar Hill Specialty Care Assisted Living,Selma,AL,36701,Dallas,P2402,(334) 875-1225,ASSISTED LIVING FACILITY (SPECIALTY CARE),16,CONGREGATE SPECIALTY CARE ASSISTED LIVING FACILITY,CORPORATION,6/24/21,1300 OLD ORRVILLE ROAD
Chapman Specialty Care Assisted Living Facility,Alexander City,AL,35010,Tallapoosa,P6201,(256) 234-6366,ASSISTED LIVING FACILITY (SPECIALTY CARE),46,CONGREGATE SPECIALTY CARE ASSISTED LIVING FACILITY,CORPORATION,6/24/21,3701 DADEVILLE ROAD
Cherokee Village Specialty Care Assisted Living Facility,Centre,AL,35960,Cherokee,P1001,(256) 927-4307,ASSISTED LIVING FACILITY (SPECIALTY CARE),36,CONGREGATE SPECIALTY CARE ASSISTED LIVING FACILITY,HEALTHCARE AUTHORITY,6/24/21,201 DEAN BUTTRAM SENIOR AVENUE
Country Cottage - Montgomery - Holly,Montgomery,AL,36117,Montgomery,P5107,(334) 260-8373,ASSISTED LIVING FACILITY (SPECIALTY CARE),16,GROUP SPECIALTY CARE ASSISTED LIVING FACILITY,LIMITED LIABILITY COMPANY,6/24/21,"235 SYLVEST DRIVE, BLDG. 100"
Country Cottage Magnolia Cottage,Hoover,AL,35216,Jefferson,P3721,(205) 987-0847,ASSISTED LIVING FACILITY (SPECIALTY CARE),16,GROUP SPECIALTY CARE ASSISTED LIVING FACILITY,LIMITED LIABILITY COMPANY,6/24/21,4000 GREENWOOD DRIVE
Country Cottage Montgomery-Magnolia,Montgomery,AL,36117,Montgomery,P5116,(256) 361-0084,ASSISTED LIVING FACILITY (SPECIALTY CARE),16,GROUP SPECIALTY CARE ASSISTED LIVING FACILITY,LIMITED LIABILITY COMPANY,6/24/21,235 SYLVEST DRIVE
Country Place Memory Care Of Greenville,Greenville,AL,36037,Butler,P0702,(334) 382-6507,ASSISTED LIVING FACILITY (SPECIALTY CARE),16,GROUP SPECIALTY CARE ASSISTED LIVING FACILITY,CORPORATION,6/24/21,3108 LUVERNE HIGHWAY
Covenant Woods Of Gardendale,Gardendale,AL,35071,Jefferson,P3720,(205) 608-2200,ASSISTED LIVING FACILITY (SPECIALTY CARE),32,CONGREGATE SPECIALTY CARE ASSISTED LIVING FACILITY,PARTNERSHIP,6/24/21,1411 THOMPSON CIRCLE
Dugger Mountain Specialty Care Assisted Living,Piedmont,AL,36272,Calhoun,P0806,(256) 447-9444,ASSISTED LIVING FACILITY (SPECIALTY CARE),9,GROUP SPECIALTY CARE ASSISTED LIVING FACILITY,HEALTHCARE AUTHORITY,6/24/21,1100 DAILY STREET
Elmcroft Of Heritage Woods Specialty Care Assisted Living Facility,Mobile,AL,36695,Mobile,P4911,(251) 665-9063,ASSISTED LIVING FACILITY (SPECIALTY CARE),23,CONGREGATE SPECIALTY CARE ASSISTED LIVING FACILITY,LIMITED LIABILITY COMPANY,6/24/21,3440 HILLCREST ROAD
Fair Haven - Specialty Care,Birmingham,AL,35210,Jefferson,P3709,(205) 956-4150,ASSISTED LIVING FACILITY (SPECIALTY CARE),64,CONGREGATE SPECIALTY CARE ASSISTED LIVING FACILITY,NON-PROFIT CORPORATION,6/24/21,1424 MONTCLAIR ROAD
Fleming Farms (Scalf),Huntsville,AL,35802,Madison,P4518,(256) 759-9800,ASSISTED LIVING FACILITY (SPECIALTY CARE),32,CONGREGATE SPECIALTY CARE ASSISTED LIVING FACILITY,LIMITED LIABILITY COMPANY,6/24/21,4670 BELLEWOOD DR. SE
"Gardens Of Waterford, The",Montgomery,AL,36111,Montgomery,P5103,(334) 288-2444,ASSISTED LIVING FACILITY (SPECIALTY CARE),50,CONGREGATE SPECIALTY CARE ASSISTED LIVING FACILITY,LIMITED LIABILITY COMPANY,6/24/21,3920 ANTOINETTE DRIVE
Gordon Oaks Memory Care Community,Mobile,AL,36693,Mobile,P4907,(251) 661-7600,ASSISTED LIVING FACILITY (SPECIALTY CARE),100,CONGREGATE SPECIALTY CARE ASSISTED LIVING FACILITY,LIMITED LIABILITY COMPANY,6/24/21,3145 KNOLLWOOD DRIVE
Grandview Gardens At Redstone Village,Huntsville,AL,35803,Madison,P4513,(256) 881-6717,ASSISTED LIVING FACILITY (SPECIALTY CARE),48,CONGREGATE SPECIALTY CARE ASSISTED LIVING FACILITY,NON-PROFIT CORPORATION,6/24/21,11000 TURNMEYER DRIVE
Green Oaks Inn - Creel House,Florence,AL,35633,Lauderdale,P3901,(256) 767-2080,ASSISTED LIVING FACILITY (SPECIALTY CARE),16,GROUP SPECIALTY CARE ASSISTED LIVING FACILITY,CORPORATION,6/24/21,"140 PEPPER LANE, PO BOX 2403"
Green Oaks Inn - Pepper House,Florence,AL,35633,Lauderdale,P3903,(256) 767-2080,ASSISTED LIVING FACILITY (SPECIALTY CARE),16,GROUP SPECIALTY CARE ASSISTED LIVING FACILITY,CORPORATION,6/24/21,140 PEPPER LANE
Greensprings I,Prattville,AL,36067,Autauga,P0104,(334) 365-0678,ASSISTED LIVING FACILITY (SPECIALTY CARE),16,GROUP SPECIALTY CARE ASSISTED LIVING FACILITY,CORPORATION,6/24/21,811 GREENSPRINGS DRIVE
"Harbor At Legacy Village Of Jacksonville, The",Jacksonville,AL,36265,Calhoun,P0804,(256) 782-0960,ASSISTED LIVING FACILITY (SPECIALTY CARE),24,CONGREGATE SPECIALTY CARE ASSISTED LIVING FACILITY,LIMITED LIABILITY COMPANY,6/24/21,1116 JAMES HOPKINS RD SW
Harbor Chase Of Huntsville Specialty Care,Huntsville,AL,35801,Madison,P4501,(256) 650-1155,ASSISTED LIVING FACILITY (SPECIALTY CARE),52,CONGREGATE SPECIALTY CARE ASSISTED LIVING FACILITY,CORPORATION,6/24/21,4801 WHITESPORT CIRCLE
Harborchase Of Jasper Specialty Care Assisted Living Facility,Jasper,AL,35501,Walker,P6401,(205) 384-0660,ASSISTED LIVING FACILITY (SPECIALTY CARE),14,GROUP SPECIALTY CARE ASSISTED LIVING FACILITY,CORPORATION,6/24/21,2100 VIKING DRIVE
Haven At Eastchase,Montgomery,AL,36117,Montgomery,P5110,(334) 549-8958,ASSISTED LIVING FACILITY (SPECIALTY CARE),16,GROUP SPECIALTY CARE ASSISTED LIVING FACILITY,LIMITED LIABILITY COMPANY,6/24/21,1775 HALCYON BLVD
"Haven Memory Care Facility, The",Gulf Shores,AL,36542,Baldwin,P0207,(251) 923-2800,ASSISTED LIVING FACILITY (SPECIALTY CARE),43,CONGREGATE SPECIALTY CARE ASSISTED LIVING FACILITY,CORPORATION,6/24/21,6848 GULF SHORES PARKWAY
Heritage Memory Care,Madison,AL,35756,Limestone,P4203,(256) 325-3060,ASSISTED LIVING FACILITY (SPECIALTY CARE),16,GROUP SPECIALTY CARE ASSISTED LIVING FACILITY,LIMITED LIABILITY COMPANY,6/24/21,11682 COUNTY LINE ROAD
Hilltop At Glenwood I (Scalf),Florence,AL,35630,Lauderdale,P3904,(256) 767-2510,ASSISTED LIVING FACILITY (SPECIALTY CARE),16,GROUP SPECIALTY CARE ASSISTED LIVING FACILITY,LIMITED LIABILITY COMPANY,6/24/21,213 ANA DRIVE
Holly Cottage At Country Cottages,Hoover,AL,35216,Jefferson,P3702,(205) 987-0847,ASSISTED LIVING FACILITY (SPECIALTY CARE),16,GROUP SPECIALTY CARE ASSISTED LIVING FACILITY,LIMITED LIABILITY COMPANY,6/24/21,4000 GREENWOOD DRIVE
Kelley Place,Enterprise,AL,36331,Coffee,P1601,(334) 393-7233,ASSISTED LIVING FACILITY (SPECIALTY CARE),16,GROUP SPECIALTY CARE ASSISTED LIVING FACILITY,LIMITED LIABILITY COMPANY,6/24/21,"109 CHANEY DRIVE, PO BOX 310845"
Kemp Meadows Specialty Care Assisted Living,Winfield,AL,35594,Marion,P4701,(205) 487-7575,ASSISTED LIVING FACILITY (SPECIALTY CARE),26,CONGREGATE SPECIALTY CARE ASSISTED LIVING FACILITY,LIMITED LIABILITY COMPANY,6/24/21,652 TAHOE ROAD
Kirkwood By The River Specialty Care,Birmingham,AL,35210,Jefferson,P3713,(205) 956-2184,ASSISTED LIVING FACILITY (SPECIALTY CARE),20,CONGREGATE SPECIALTY CARE ASSISTED LIVING FACILITY,NON-PROFIT CORPORATION,6/24/21,3605 RATLIFF ROAD
Knollwood Pointe Scalf,Mobile,AL,36693,Mobile,P4916,(251) 666-1005,ASSISTED LIVING FACILITY (SPECIALTY CARE),32,CONGREGATE SPECIALTY CARE ASSISTED LIVING FACILITY,LIMITED LIABILITY COMPANY,6/24/21,5601 GIRBY ROAD
Lakeview Estates,Birmingham,AL,35244,Shelby,P5903,(205) 981-0001,ASSISTED LIVING FACILITY (SPECIALTY CARE),76,CONGREGATE SPECIALTY CARE ASSISTED LIVING FACILITY,LIMITED LIABILITY COMPANY,6/24/21,2634 VALLEYDALE ROAD
Lakewood Specialty Care Of Valley,Valley,AL,36854,Chambers,P0902,(334) 756-3891,ASSISTED LIVING FACILITY (SPECIALTY CARE),16,GROUP SPECIALTY CARE ASSISTED LIVING FACILITY,LIMITED LIABILITY COMPANY,6/24/21,7200 FAIRFAX BYPASS
Legacy Woods Ii,Hayden,AL,35079,Blount,P0501,(205) 647-7410,ASSISTED LIVING FACILITY (SPECIALTY CARE),16,GROUP SPECIALTY CARE ASSISTED LIVING FACILITY,LIMITED LIABILITY COMPANY,6/24/21,101 JACOBS LANE
Legacy Woods Iii,Hayden,AL,35079,Blount,P0504,(205) 674-7410,ASSISTED LIVING FACILITY (SPECIALTY CARE),16,GROUP SPECIALTY CARE ASSISTED LIVING FACILITY,LIMITED LIABILITY COMPANY,6/24/21,101 JACOBS LANE
Limestone Lodge West,Athens,AL,35611,Limestone,P4202,(334) 386-0343,ASSISTED LIVING FACILITY (SPECIALTY CARE),16,GROUP SPECIALTY CARE ASSISTED LIVING FACILITY,LIMITED LIABILITY COMPANY,6/24/21,1532 WEST HOBBS STREET
Longleaf At Liberty Park (Scalf),Vestavia Hills,AL,35242,Jefferson,P3726,(205) 278-3064,ASSISTED LIVING FACILITY (SPECIALTY CARE),30,CONGREGATE SPECIALTY CARE ASSISTED LIVING FACILITY,LIMITED LIABILITY COMPANY,6/24/21,451 LIBERTY PARKWAY
Madison At The Range Memory Care,Madison,AL,35758,Madison,P4516,(256) 508-7925,ASSISTED LIVING FACILITY (SPECIALTY CARE),42,GROUP SPECIALTY CARE ASSISTED LIVING FACILITY,LIMITED LIABILITY COMPANY,6/24/21,10803 COUNTY LINE ROAD
Madison Heights,Enterprise,AL,36330,Coffee,P1602,(334) 393-7233,ASSISTED LIVING FACILITY (SPECIALTY CARE),16,GROUP SPECIALTY CARE ASSISTED LIVING FACILITY,LIMITED LIABILITY COMPANY,6/24/21,108 CHANEY STREET
Martinview Assisted Living-East,Northport,AL,35476,Tuscaloosa,P6301,(205) 343-7335,ASSISTED LIVING FACILITY (SPECIALTY CARE),16,GROUP SPECIALTY CARE ASSISTED LIVING FACILITY,LIMITED LIABILITY COMPANY,6/24/21,2011 32ND STREET
Meadowood Retirement Village Scalf,Glencoe,AL,35905,Etowah,P2802,(256) 492-0935,ASSISTED LIVING FACILITY (SPECIALTY CARE),51,CONGREGATE SPECIALTY CARE ASSISTED LIVING FACILITY,LIMITED LIABILITY COMPANY,6/24/21,509 PINEVIEW AVENUE
Memory Care At Somerby At St. Vincent'S One Nineteen,Hoover,AL,35242,Shelby,P5905,(205) 745-4630,ASSISTED LIVING FACILITY (SPECIALTY CARE),24,CONGREGATE SPECIALTY CARE ASSISTED LIVING FACILITY,LIMITED LIABILITY COMPANY,6/24/21,200 ONE NINETEEN BLVD.
Merrill Gardens At Madison (Scalf),Madison,AL,35758,Madison,P4514,(256) 726-8508,ASSISTED LIVING FACILITY (SPECIALTY CARE),32,CONGREGATE SPECIALTY CARE ASSISTED LIVING FACILITY,LIMITED LIABILITY COMPANY,6/24/21,121 BROOKRIDGE DR.
Morning Pointe Of Tuscaloosa Specialty Care Assisted Living Facility,Tuscaloosa,AL,35406,Tuscaloosa,P6303,(205) 345-1112,ASSISTED LIVING FACILITY (SPECIALTY CARE),60,CONGREGATE SPECIALTY CARE ASSISTED LIVING FACILITY,LIMITED LIABILITY COMPANY,6/24/21,1801 RICE MINE ROAD
Morningside Of Vestavia Hills - Scalf,Birmingham,AL,35216,Jefferson,P3719,(205) 822-4773,ASSISTED LIVING FACILITY (SPECIALTY CARE),24,CONGREGATE SPECIALTY CARE ASSISTED LIVING FACILITY,CORPORATION,6/24/21,2401 COLUMBIANA ROAD
Mt. View Lake Retirement Village,Sylacauga,AL,35150,Talladega,P6102,(256) 249-4790,ASSISTED LIVING FACILITY (SPECIALTY CARE),16,GROUP SPECIALTY CARE ASSISTED LIVING FACILITY,LIMITED LIABILITY COMPANY,6/24/21,380 MT. VIEW LAKE ROAD
"Nhc Place, Anniston Scalf",Anniston,AL,36207,Calhoun,P0803,(256) 835-3959,ASSISTED LIVING FACILITY (SPECIALTY CARE),80,CONGREGATE SPECIALTY CARE ASSISTED LIVING FACILITY,LIMITED LIABILITY COMPANY,6/24/21,1335 GREENBRIER ROAD
"Noble Manor, Llc #3 Memory Care",Troy,AL,36081,Pike,P5504,(334) 808-1325,ASSISTED LIVING FACILITY (SPECIALTY CARE),16,GROUP SPECIALTY CARE ASSISTED LIVING FACILITY,LIMITED LIABILITY COMPANY,6/24/21,610 BOTTS AVENUE
Oak Landing Specialty Care Assisted Living,Attalla,AL,35954,Etowah,P2803,(256) 553-1787,ASSISTED LIVING FACILITY (SPECIALTY CARE),11,GROUP SPECIALTY CARE ASSISTED LIVING FACILITY,CORPORATION,6/24/21,616 GAINES STREET
Oakland Place,Fairhope,AL,36532,Baldwin,P0202,(251) 928-5560,ASSISTED LIVING FACILITY (SPECIALTY CARE),16,GROUP SPECIALTY CARE ASSISTED LIVING FACILITY,CORPORATION,6/24/21,19570 COUNTY ROAD 33
Oaks On Parkwood Specialty Care Assisted Living Facility,Bessemer,AL,35022,Jefferson,P3712,(205) 497-4570,ASSISTED LIVING FACILITY (SPECIALTY CARE),51,CONGREGATE SPECIALTY CARE ASSISTED LIVING FACILITY,LIMITED LIABILITY COMPANY,6/24/21,"2651 LAUREL OAK DRIVE, P.O. BOX 360227"
"Olive Home, Inc.-Oneonta #2, The",Oneonta,AL,35121,Blount,P0503,(205) 813-7582,ASSISTED LIVING FACILITY (SPECIALTY CARE),34,CONGREGATE SPECIALTY CARE ASSISTED LIVING FACILITY,LIMITED LIABILITY COMPANY,6/24/21,1100 SECOND AVENUE EAST
Pathways Intentional Memory Care -Huntsville,Huntsville,AL,35810,Madison,P4507,(256) 852-0033,ASSISTED LIVING FACILITY (SPECIALTY CARE),104,CONGREGATE SPECIALTY CARE ASSISTED LIVING FACILITY,CORPORATION,6/24/21,2004 MAX LUTHER DRIVE
"Pearl Of The Shoals Scalf, The",Muscle Shoals,AL,35661,Colbert,P1701,(256) 386-7177,ASSISTED LIVING FACILITY (SPECIALTY CARE),13,GROUP SPECIALTY CARE ASSISTED LIVING FACILITY,LIMITED LIABILITY COMPANY,6/24/21,2904 S WILSON DAM RD.
Plantation Manor Assisted Living I,Mccalla,AL,35111,Jefferson,P3715,(205) 477-6161,ASSISTED LIVING FACILITY (SPECIALTY CARE),16,GROUP SPECIALTY CARE ASSISTED LIVING FACILITY,CORPORATION,6/24/21,"6440 OLD TUSCALOOSA HIGHWAY, P. O. BOX 97"
Plantation Manor Assisted Living Ii,Mccalla,AL,35111,Jefferson,P3716,(205) 477-6161,ASSISTED LIVING FACILITY (SPECIALTY CARE),16,GROUP SPECIALTY CARE ASSISTED LIVING FACILITY,LIMITED LIABILITY COMPANY,6/24/21,"6440 OLD TUSCALOOSA HIGHWAY, P. O. BOX 97"
Premier Assisted Living,Columbiana,AL,35051,Shelby,P5925,(205) 919-0542,ASSISTED LIVING FACILITY (SPECIALTY CARE),16,GROUP SPECIALTY CARE ASSISTED LIVING FACILITY,CORPORATION,6/24/21,155 EGG AND BUTTER ROAD
Reflections At Regency Birmingham,Birmingham,AL,35209,Jefferson,P3722,(205) 957-6250,ASSISTED LIVING FACILITY (SPECIALTY CARE),32,CONGREGATE SPECIALTY CARE ASSISTED LIVING FACILITY,LIMITED LIABILITY COMPANY,6/24/21,285 WEST OXMOOR ROAD
Remembrance Village,Tuscaloosa,AL,35404,Tuscaloosa,P6305,(205) 752-5500,ASSISTED LIVING FACILITY (SPECIALTY CARE),56,CONGREGATE SPECIALTY CARE ASSISTED LIVING FACILITY,LIMITED LIABILITY COMPANY,6/24/21,5001 OLD MONTGOMERY HIGHWAY
Rose Manor Of Haleyville,Haleyville,AL,35565,Winston,P6701,(205) 485-2422,ASSISTED LIVING FACILITY (SPECIALTY CARE),16,GROUP SPECIALTY CARE ASSISTED LIVING FACILITY,CORPORATION,6/24/21,41818 HIGHWAY #195
Rosewood Manor Specialty Care,Scottsboro,AL,35769,Jackson,P3602,(256) 574-4800,ASSISTED LIVING FACILITY (SPECIALTY CARE),16,GROUP SPECIALTY CARE ASSISTED LIVING FACILITY,LIMITED LIABILITY COMPANY,6/24/21,1513 COUNTY PARK ROAD
Royal Haven At Regency Pointe,Rainbow City,AL,35906,Etowah,P2801,(256) 442-1856,ASSISTED LIVING FACILITY (SPECIALTY CARE),12,GROUP SPECIALTY CARE ASSISTED LIVING FACILITY,LIMITED LIABILITY COMPANY,6/24/21,510 EAST GRAND AVENUE
Serenity Place Ii,Fort Payne,AL,35968,Dekalb,P2504,(256) 979-1239,ASSISTED LIVING FACILITY (SPECIALTY CARE),16,GROUP SPECIALTY CARE ASSISTED LIVING FACILITY,CORPORATION,6/24/21,"751 HOUSTON LOOP RD., P.O. BOX 680129"
Sonrise Specialty Care Assisted Living,Demopolis,AL,36732,Marengo,P4601,(334) 289-6455,ASSISTED LIVING FACILITY (SPECIALTY CARE),16,GROUP SPECIALTY CARE ASSISTED LIVING FACILITY,INDIVIDUAL,6/24/21,1607 HWY. 43 SOUTH
Specialty Care At Danberry At Inverness,Hoover,AL,35242,Shelby,P3724,(205) 443-9500,ASSISTED LIVING FACILITY (SPECIALTY CARE),24,CONGREGATE SPECIALTY CARE ASSISTED LIVING FACILITY,LIMITED LIABILITY COMPANY,6/24/21,235 INVERNESS CENTER DRIVE
St. Martin'S-In-The-Pines Specialty Care Assisted Living Facility,Birmingham,AL,35210,Jefferson,P3706,(205) 956-1831,ASSISTED LIVING FACILITY (SPECIALTY CARE),51,CONGREGATE SPECIALTY CARE ASSISTED LIVING FACILITY,NON-PROFIT CORPORATION,6/24/21,4941 MONTEVALLO ROAD
Summer Village Camellia Place,Auburn,AL,36830,Lee,P4101,(334) 502-6008,ASSISTED LIVING FACILITY (SPECIALTY CARE),42,CONGREGATE SPECIALTY CARE ASSISTED LIVING FACILITY,HEALTHCARE AUTHORITY,6/24/21,"1171 GATEWOOD DRIVE, BUILDING 206"
Summer Village Magnolia Place,Auburn,AL,36830,Lee,P4102,(334) 826-9857,ASSISTED LIVING FACILITY (SPECIALTY CARE),42,CONGREGATE SPECIALTY CARE ASSISTED LIVING FACILITY,HEALTHCARE AUTHORITY,6/24/21,1553 PROFESSIONAL PARKWAY
"Terrace At Grove Park Specialty Care Assisted Living Facility, The",Dothan,AL,36305,Houston,P3501,(334) 792-7349,ASSISTED LIVING FACILITY (SPECIALTY CARE),16,GROUP SPECIALTY CARE ASSISTED LIVING FACILITY,LIMITED LIABILITY COMPANY,6/24/21,101 TULIP LANE
"Terrace At Priceville Specialty Care Assisted Living Facility, The",Decatur,AL,35603,Morgan,P5202,(256) 260-0400,ASSISTED LIVING FACILITY (SPECIALTY CARE),62,GROUP SPECIALTY CARE ASSISTED LIVING FACILITY,CORPORATION,6/24/21,200 TERRACE LANE
The Crossings At Eastchase Memory Care,Montgomery,AL,36117,Montgomery,P5117,(504) 774-7762,ASSISTED LIVING FACILITY (SPECIALTY CARE),32,CONGREGATE SPECIALTY CARE ASSISTED LIVING FACILITY,LIMITED LIABILITY COMPANY,6/24/21,2551 EASTCHASE LN.
The Harbor At Hickory Hill,Prattville,AL,36066,Autauga,P0101,(334) 361-5111,ASSISTED LIVING FACILITY (SPECIALTY CARE),48,CONGREGATE SPECIALTY CARE ASSISTED LIVING FACILITY,LIMITED LIABILITY COMPANY,6/24/21,2102 SUMMIT PARKWAY
The Harbor At Opelika,Opelika,AL,36801,Lee,P4103,(334) 749-7992,ASSISTED LIVING FACILITY (SPECIALTY CARE),36,CONGREGATE SPECIALTY CARE ASSISTED LIVING FACILITY,LIMITED LIABILITY COMPANY,6/24/21,1001 FOX RUN PARKWAY
The Landings Of Northport - Scalf,Northport,AL,35476,Tuscaloosa,P6302,(205) 330-1700,ASSISTED LIVING FACILITY (SPECIALTY CARE),16,GROUP SPECIALTY CARE ASSISTED LIVING FACILITY,LIMITED LIABILITY COMPANY,6/24/21,951 ROSE DRIVE
Thrive At Jones Farm Scalf,Huntsville,AL,35802,Madison,P4515,(256) 429-3008,ASSISTED LIVING FACILITY (SPECIALTY CARE),26,CONGREGATE SPECIALTY CARE ASSISTED LIVING FACILITY,LIMITED LIABILITY COMPANY,6/24/21,2238 CECIL ASHBURN DR. SE
"Tides At Crimson Village, The",Tuscaloosa,AL,35404,Tuscaloosa,P6307,(205) 632-6699,ASSISTED LIVING FACILITY (SPECIALTY CARE),48,CONGREGATE SPECIALTY CARE ASSISTED LIVING FACILITY,LIMITED LIABILITY COMPANY,6/24/21,1410 18TH AVE. EAST
Traditions Way,Tuscaloosa,AL,35401,Tuscaloosa,P6304,(205) 347-0062,ASSISTED LIVING FACILITY (SPECIALTY CARE),16,GROUP SPECIALTY CARE ASSISTED LIVING FACILITY,CORPORATION,6/24/21,515 ROGER SAYERS DRIVE
"Truewood By Merrill, Riverchase Scalf",Hoover,AL,35244,Jefferson,P3725,(205) 982-7000,ASSISTED LIVING FACILITY (SPECIALTY CARE),24,CONGREGATE SPECIALTY CARE ASSISTED LIVING FACILITY,LIMITED LIABILITY COMPANY,6/24/21,1851 DATA DRIVE
Valley Park Manor Scalf,Valley,AL,36854,Chambers,P0903,(334) 756-2600,ASSISTED LIVING FACILITY (SPECIALTY CARE),16,GROUP SPECIALTY CARE ASSISTED LIVING FACILITY,LIMITED LIABILITY COMPANY,6/24/21,10 MEDICAL PARK DRIVE NORTH
Village At Cook Springs Specialty Care Assisted Living Facility,Pell City,AL,35125,St. Clair,P5801,(205) 338-2221,ASSISTED LIVING FACILITY (SPECIALTY CARE),32,GROUP SPECIALTY CARE ASSISTED LIVING FACILITY,LIMITED LIABILITY COMPANY,6/24/21,415 COOK SPRINGS ROAD
Village East,Pell City,AL,35128,St. Clair,P5802,(205) 227-7921,ASSISTED LIVING FACILITY (SPECIALTY CARE),28,CONGREGATE SPECIALTY CARE ASSISTED LIVING FACILITY,LIMITED LIABILITY COMPANY,6/24/21,220 KINGS CIRCLE
Wesley Gardens Retirement Community-Specialty Care,Montgomery,AL,36117,Montgomery,P5113,(334) 272-7917,ASSISTED LIVING FACILITY (SPECIALTY CARE),16,GROUP SPECIALTY CARE ASSISTED LIVING FACILITY,NON-PROFIT CORPORATION,6/24/21,1555 TAYLOR ROAD
Wesley Place On Honeysuckle - Specialty Care,Dothan,AL,36305,Houston,P3502,(334) 792-0921,ASSISTED LIVING FACILITY (SPECIALTY CARE),16,GROUP SPECIALTY CARE ASSISTED LIVING FACILITY,NON-PROFIT CORPORATION,6/24/21,718 HONEYSUCKLE ROAD
Westminster Memory Care Of Cullman,Cullman,AL,35055,Cullman,P2202,(256) 255-0361,ASSISTED LIVING FACILITY (SPECIALTY CARE),16,GROUP SPECIALTY CARE ASSISTED LIVING FACILITY,LIMITED LIABILITY COMPANY,6/24/21,1020 OLIVE STREET
Westminster Memory Care Of Decatur,Decatur,AL,35603,Morgan,P5203,(256) 309-5300,ASSISTED LIVING FACILITY (SPECIALTY CARE),16,GROUP SPECIALTY CARE ASSISTED LIVING FACILITY,LIMITED LIABILITY COMPANY,6/24/21,2106 MODAUS ROAD
Woodland Haus (Scalf),Cullman,AL,35055,Cullman,P2203,(256) 739-2988,ASSISTED LIVING FACILITY (SPECIALTY CARE),44,CONGREGATE SPECIALTY CARE ASSISTED LIVING FACILITY,LIMITED LIABILITY COMPANY,6/24/21,"1900 OLIVE STREET, SW"
