Licensee,Facility ID,State Facility Type 1 Literal,Address,City,County,State,Zip Code,Phone Number,Date Accessed,Facility Name
ABILENE PLACE NORTH,N021007,ASSISTED LIVING FACILITY,1100 N VINE STREET,Abilene,Dickinson,KS,67410-4009,785-263-7400,6/25/21,Abilene Place North
ABILENE PLACE SOUTH,N021008,ASSISTED LIVING FACILITY,1102 N VINE STREET,Abilene,Dickinson,KS,67410-4015,785-263-7800,6/25/21,Abilene Place South
ADDINGTON PLACE OF PRAIRIE VILLAGE,N046086,ASSISTED LIVING FACILITY RESIDENTIAL HEALTH CARE FACILITY,2700 SOMERSET DRIVE,Prairie Village,Johnson,KS,66206,913-648-3333,6/25/21,Addington Place Of Prairie Village
ALDERBROOK VILLAGE LLC,N018010,ASSISTED LIVING FACILITY,402 E WINDSOR ROAD,Arkansas City,Cowley,KS,67005-3866,620-442-4400,6/25/21,Alderbrook Village Llc
ALDERSGATE VILLAGE,N089021,NURSING FACILITY ASSISTED LIVING FACILITY,3220 SW ALBRIGHT DRIVE,Topeka,Shawnee,KS,66614-4707,785-478-9440,6/25/21,Aldersgate Village
ANDOVER COURT ASSISTED LIVING,N008010,ASSISTED LIVING FACILITY,721 W. 21ST STREET,Andover,Butler,KS,67002-8491,316-733-2662,6/25/21,Andover Court Assisted Living
ANEW HEALTHCARE OPERATIONS LLC,N044004,ASSISTED LIVING FACILITY,415 E WALNUT ST,Nortonville,Jefferson,KS,66060,913-886-6400,6/25/21,Anew Healthcare Estates
APOSTOLIC CHRISTIAN HOME,N066001,NURSING FACILITY ASSISTED LIVING FACILITY,511 PARAMOUNT,Sabetha,Nemaha,KS,66534,785-284-3471,6/25/21,Apostolic Christian Home
ASSISTED LIVING AT WINDSOR PLACE,N063016,ASSISTED LIVING FACILITY,2904 W 8TH,Coffeyville,Montgomery,KS,67337-,620-251-0214,6/25/21,Assisted Living At Windsor Place
ASSISTED LIVING AT WINDSOR PLACE LLC,N063015,ASSISTED LIVING FACILITY,106 TYLER,Coffeyville,Montgomery,KS,67337-2441,620-251-0214,6/25/21,Assisted Living At Windsor Place Llc
ATRIA HEARTHSTONE EAST,N089063,ASSISTED LIVING FACILITY,3415 SW 6TH AVENUE,Topeka,Shawnee,KS,66606-1900,785-234-6806,6/25/21,Atria Hearthstone East
ATRIA HEARTHSTONE WEST,N089030,ASSISTED LIVING FACILITY,3515 SW 6TH AVE,Topeka,Shawnee,KS,66606-1900,785-234-6225,6/25/21,Atria Hearthstone West
AVENUE 81 IAOP LLC,N046107,ASSISTED LIVING FACILITY,8055 METCALF AVE,Overland Park,Johnson,KS,66204,913-246-3690,6/25/21,Avenue 81
BENTON HOUSE OF LENEXA,N046098,ASSISTED LIVING FACILITY,22000 PRAIRIE STAR PARKWAY,Lenexa,Johnson,KS,66220,678-297-0388,6/25/21,Benton House Of Lenexa
BENTON HOUSE OF OLATHE,N046104,ASSISTED LIVING FACILITY,15700 W 151ST STREET,Olathe,Johnson,KS,66062,678-297-0388,6/25/21,Benton House Of Olathe
BETHANY HOME ASSOCIATION DBA VARDSHUS,N059018,ASSISTED LIVING FACILITY,821 E. SWENSSON DRIVE,Lindsborg,Mcpherson,KS,67456,785-227-8331,6/25/21,Bethany Home Association Dba Vardshus
BETHEL HEALTH CARE CENTER,N040001,NURSING FACILITY ASSISTED LIVING FACILITY,3001 IVY DRIVE,North Newton,Harvey,KS,67117-8005,316-284-2900,6/25/21,Bethel Health Care Center
BETHESDA HOME,N057006,NURSING FACILITY ASSISTED LIVING FACILITY,408 E MAIN PO BOX 37,Goessel,Marion,KS,67053-37,620-367-2291,6/25/21,Bethesda Home
BICKFORD AT MISSION SPRINGS I OPCO LLC,N046042,ASSISTED LIVING FACILITY RESIDENTIAL HEALTH CARE FACILITY,5300 W 61ST PLACE,Mission,Johnson,KS,66205-,913-831-7700,6/25/21,Bickford At Mission Springs I
BICKFORD AT MISSION SPRINGS II OPCO LLC,N046044,ASSISTED LIVING FACILITY RESIDENTIAL HEALTH CARE FACILITY,5350 WEST 61ST PLACE,Mission,Johnson,KS,66205-,913-831-7700,6/25/21,Bickford At Mission Springs Ii
BIG BLUE HEALTHCARE INC,N105006,NURSING FACILITY ASSISTED LIVING FACILITY,7850 FREEMAN AVENUE,Kansas City,Wyandotte,KS,66112-2133,913-334-3666,6/25/21,Riverbend Post Acute Rehabilitation
BKD STERLING HOUSE OF JUNCTION CITY LLC,N031004,ASSISTED LIVING FACILITY,1022 N CAROLINE AVENUE,Junction City,Geary,KS,66441,785-762-3123,6/25/21,Brookdale Junction City
BKD STERLING HOUSE OF WICHITA - TALLGRASS LLC,N087037,ASSISTED LIVING FACILITY,8600 E 21ST NORTH,Wichita,Sedgwick,KS,67206,316-684-3100,6/25/21,Brookdale Tallgrass
BLACKHAWK ASSISTED LIVING,N046066,ASSISTED LIVING FACILITY,22550 S FRANKLIN,Spring Hill,Miami,KS,66083,913-686-3170,6/25/21,Blackhawk Assisted Living
BROOKDALE DERBY,N087038,ASSISTED LIVING FACILITY,1709 E WALNUT GROVE,Derby,Sedgwick,KS,67037-3528,316-788-6100,6/25/21,Brookdale Derby
BROOKDALE DODGE CITY,N029007,ASSISTED LIVING FACILITY,2400 N. 14TH AVENUE,Dodge City,Ford,KS,67801-2313,620-225-7555,6/25/21,Brookdale Dodge City
BROOKDALE GREAT BEND,N005005,ASSISTED LIVING FACILITY,1206 PATTON ROAD,Great Bend,Barton,KS,67530-3118,620-792-7000,6/25/21,Brookdale Great Bend
BROOKDALE HAYS,N026008,ASSISTED LIVING FACILITY,1801 E. 27TH STREET,Hays,Ellis,KS,67601,785-628-1111,6/25/21,Brookdale Hays
BROOKDALE MCPHERSON,N059016,ASSISTED LIVING FACILITY,1460 N. MAIN STREET,Mcpherson,Mcpherson,KS,67460-1902,620-241-6600,6/25/21,Brookdale Mcpherson
BROOKDALE OVERLAND PARK,N046079,NURSING FACILITY ASSISTED LIVING FACILITY RESIDENTIAL HEALTH CARE FACILITY,12000 LAMAR,Overland Park,Johnson,KS,66209,913-663-2888,6/25/21,Brookdale Overland Park
BROOKDALE ROSEHILL,N046063,NURSING FACILITY ASSISTED LIVING FACILITY,12802 JOHNSON DR,Shawnee,Johnson,KS,66216-,913-962-7600,6/25/21,Brookdale Rosehill
BROOKDALE SALINA FAIRDALE,N085010,ASSISTED LIVING FACILITY,2251 E CRAWFORD STREET,Salina,Saline,KS,67401,785-823-8600,6/25/21,Brookdale Salina Fairdale
BROOKDALE SALINA KIRWIN,N085009,ASSISTED LIVING FACILITY,1200 E KIRWIN AVE,Salina,Saline,KS,67401-6300,785-825-8200,6/25/21,Brookdale Salina Kirwin
BROOKSIDE RETIREMENT COMMUNITY ASSISTED LIVING,N070008,ASSISTED LIVING FACILITY,702 W 7TH PO BOX 308,Overbrook,Osage,KS,66524-308,785-665-3246,6/25/21,Brookside Retirement Community Assisted Living
BUHLER SUNSHINE HOME,N078009,NURSING FACILITY ASSISTED LIVING FACILITY,400 S BUHLER RD,Buhler,Reno,KS,67522-,620-543-2251,6/25/21,Buhler Sunshine Home
CARRINGTON AT CHERRY CREEK,N087043,ASSISTED LIVING FACILITY,8200 E PAWNEE ST,Wichita,Sedgwick,KS,67207-3448,316-684-0905,6/25/21,Carrington At Cherry Creek
CATHOLIC CARE CENTER INC,N087001,NURSING FACILITY ASSISTED LIVING FACILITY RESIDENTIAL HEALTH CARE FACILITY,6700 E 45TH ST N,Belaire,Sedgwick,KS,67226-9970,316-744-2020,6/25/21,Catholic Care Center Inc
CCRC OF LENEXA LLC,N046085,NURSING FACILITY ASSISTED LIVING FACILITY,8505 PFLUMM ROAD,Lenexa,Johnson,KS,66215-2461,913-307-2000,6/25/21,Dba Westchester Village Of Lenexa
CCRC OF OVERLAND PARK,N046103,NURSING FACILITY ASSISTED LIVING FACILITY,12500 W. 137TH ST,Overland Park,Johnson,KS,66221,913-730-3700,6/25/21,Colonial Village
CEDAR LAKE VILLAGE,N046059,ASSISTED LIVING FACILITY,15325 S. LONE ELM ROAD,Olathe,Johnson,KS,66061-5331,913-780-9916,6/25/21,Cedar Lake Village
CLEARWATER AL OPCO LLC,N087053,ASSISTED LIVING FACILITY,440 N 4TH STREET,Clearwater,Sedgwick,KS,67026,620-584-4257,6/25/21,Clearwater Village Assisted Living
COLWICH GARDENS ASSISTED LIVING LLC,N087081,ASSISTED LIVING FACILITY,300 E CHICAGO,Colwich,Sedgwick,KS,67030,316-260-1034,6/25/21,Colwich Gardens Assisted Living Llc
CORNERSTONE ASSISTED LIVING INC,N087041,ASSISTED LIVING FACILITY,1240 N BROADMOOR AVENUE,Wichita,Sedgwick,KS,67206-3869,316-636-5101,6/25/21,Cornerstone Assisted Living Inc
COUNCIL GROVE ASSISTED LIVING LLC,N064002,ASSISTED LIVING FACILITY,554 COUNTRY LANE,Council Grove,Morris,KS,66846,620-767-5600,6/25/21,Council Grove Assisted Living Llc
COUNTRY LIVING INC,N039004,ASSISTED LIVING FACILITY,420 N 5TH,Anthony,Harper,KS,67003,620-842-5858,6/25/21,Country Living Inc
COUNTRY LIVING OF LARNED,N073002,ASSISTED LIVING FACILITY,714 W. 9TH STREET,Larned,Pawnee,KS,67550,620-285-6900,6/25/21,Country Living Of Larned
COUNTRY LIVING OF LYONS,N080004,ASSISTED LIVING FACILITY,502 SOUTH MILES,Lyons,Rice,KS,67554,620-257-5012,6/25/21,Country Living Of Lyons
COUNTRY PLACE SENIOR LIVING OF CHANUTE,N067010,ASSISTED LIVING FACILITY,701 OSA MARTIN BLVD,Chanute,Neosho,KS,66720,620-431-0599,6/25/21,Country Place Senior Living Of Chanute
COUNTRY PLACE SENIOR LIVING OF CLAY CENTER,N014005,ASSISTED LIVING FACILITY,722 LIBERTY STREET,Clay Center,Clay,KS,67432,785-632-5052,6/25/21,Country Place Senior Living Of Clay Center
COUNTRY PLACE SENIOR LIVING OF FORT SCOTT,N006008,ASSISTED LIVING FACILITY,820 S HORTON STREET,Fort Scott,Bourbon,KS,66701,620-223-1822,6/25/21,Country Place Senior Living Of Fort Scott
COUNTRY PLACE SENIOR LIVING OF INDEPENDENCE,N063018,ASSISTED LIVING FACILITY,2120 NORTH 13TH ST,Independence,Montgomery,KS,67301,620-331-1400,6/25/21,Country Place Senior Living Of Independence
COUNTRY PLACE SENIOR LIVING OF MARYSVILLE,N058007,ASSISTED LIVING FACILITY,1149 COUNTRY PLACE DRIVE,Marysville,Marshall,KS,66508,785-562-4001,6/25/21,Country Place Senior Living Of Marysville
DELAWARE HIGHLANDS ASSISTED LIVING,N105014,ASSISTED LIVING FACILITY,12600 DELAWARE PARKWAY,Kansas City,Wyandotte,KS,66106,913-721-1400,6/25/21,Delaware Highlands Assisted Living
DERBY ASSISTED LIVING LLC,N087066,ASSISTED LIVING FACILITY,719 N KLEIN CIRCLE,Derby,Sedgwick,KS,67037-,316-260-4447,6/25/21,Avita Senior Living At Derby
DOVE ESTATES SENIOR LIVING COMMUNITY,N087082,ASSISTED LIVING FACILITY,1400 S. 183RD WEST,Goddard,Sedgwick,KS,67052,316-550-6343,6/25/21,Dove Estates Senior Living Community
EAGLECREST RETIREMENT COMMUNITY,N085012,ASSISTED LIVING FACILITY,1501 E. MAGNOLIA ROAD,Salina,Saline,KS,67401,785-309-1501,6/25/21,Eaglecrest Retirement Community
EMERIKEYT LIBERAL SPRINGS LLC,N088003,ASSISTED LIVING FACILITY,1500 TERRACE AVENUE,Liberal,Seward,KS,67901,620-624-8000,6/25/21,Brookdale Liberal Springs
EMPORIA PLACE,N056012,ASSISTED LIVING FACILITY,1200 W 12TH AVENUE,Emporia,Lyon,KS,66801-2557,620-342-1000,6/25/21,Emporia Place
F W HUSTON MEDICAL CENTER DBA JEFFERSON SUITES,N044007,ASSISTED LIVING FACILITY,408 DELAWARE STREET,Winchester,Jefferson,KS,66097-4003,913-774-4340,6/25/21,F W Huston Medical Center Dba Jefferson Suites
FAIRVIEW ESTATES RETIREMENT COMMUNITY INC,N097003,ASSISTED LIVING FACILITY,1630 SEWELL AVENUE,Colby,Thomas,KS,67701,785-462-2154,6/25/21,Fairview Estates Retirement Community Inc
FOUNTAINVIEW LIVING LLC,N008004,NURSING FACILITY ASSISTED LIVING FACILITY,601 N. ROSE HILL ROAD,Rose Hill,Butler,KS,67133,316-776-2194,6/25/21,Fountainview Nursing & Rehab Center
FSL KANSAS CITY TENANT LLC,N105018,ASSISTED LIVING FACILITY RESIDENTIAL HEALTH CARE FACILITY,2300 N 113TH TERRACE,Kansas City,Wyandotte,KS,66109,913-400-7006,6/25/21,The Piper Alf
GARDEN VILLAS OF LENEXA,N046078,ASSISTED LIVING FACILITY,9705 MONROVIA STREET,Lenexa,Johnson,KS,66215-1564,913-492-1133,6/25/21,Garden Villas Of Lenexa
GLENWOOD VILLAGE OF OVERLAND PARK ASSISTED LIVING AND MEMORY CARE,N046048,ASSISTED LIVING FACILITY,9201 FOSTER,Overland Park,Johnson,KS,66212-,913-385-2052,6/25/21,Glenwood Village Of Overland Park Assisted Living And Memory Care
GOLDEN OAKS HEALTHCARE INC,N105019,NURSING FACILITY ASSISTED LIVING FACILITY,8900 PARALLEL PARKWAY,Kansas City,Wyandotte,KS,66112,913-788-2100,6/25/21,The Healthcare Resort Of Kansas City
GOOD SAMARITAN SOCIETY - ELLSWORTH VILLAGE,N027001,NURSING FACILITY ASSISTED LIVING FACILITY,1156 HIGHWAY 14,Ellsworth,Ellsworth,KS,67439,785-472-3167,6/25/21,Good Samaritan Society - Ellsworth Village
GOOD SAMARITAN SOCIETY - HUTCHINSON VILLAGE,N078004,NURSING FACILITY ASSISTED LIVING FACILITY,810 E. 30TH AVENUE,Hutchinson,Reno,KS,67502-4398,620-663-1189,6/25/21,Good Samaritan Society - Hutchinson Village
GRAN VILLAS  ATCHISON,N003004,ASSISTED LIVING FACILITY,1635 RILEY STREET,Atchison,Atchison,KS,66002-1514,913-367-2077,6/25/21,Gran Villas  Atchison
GRAN VILLAS PITTSBURG,N019009,ASSISTED LIVING FACILITY,1004 E. CENTENNIAL STREET,Pittsburg,Crawford,KS,66762-6603,620-231-4554,6/25/21,Gran Villas Pittsburg
HERINGTON OPCO LLC,N021004,NURSING FACILITY ASSISTED LIVING FACILITY,2 E ASH SREET,Herington,Dickinson,KS,67449-1662,785-258-2283,6/25/21,Legacy At Herington
HERITAGE AVONLEA OF OLATHE,N046035,ASSISTED LIVING FACILITY,625 LINCOLN AVE,Olathe,Johnson,KS,66061-2594,913-829-6920,6/25/21,Heritage Avonlea Of Olathe
HERITAGE ESTATES ASSISTED LIVING,N039005,ASSISTED LIVING FACILITY,1212 HICKORY STREET,Harper,Harper,KS,67058-1455,620-896-2646,6/25/21,Heritage Estates Assisted Living
HILL TOP HOUSE,N029004,NURSING FACILITY ASSISTED LIVING FACILITY,"505 W. ELM, PO BOX 248",Bucklin,Ford,KS,67834-248,620-826-3202,6/25/21,Hill Top House
HILLSIDE VILLAGE OF DESOTO,N046064,NURSING FACILITY ASSISTED LIVING FACILITY,33600 W. 85TH STREET,Desoto,Johnson,KS,66018,913-583-1260,6/25/21,Hillside Village Of Desoto
HILLTOP LODGE HEALTH AND REHABILITATION CENTER LLC,N062001,NURSING FACILITY ASSISTED LIVING FACILITY,815 N INDEPENDENCE AVENUE,Beloit,Mitchell,KS,67420-1639,785-738-3516,6/25/21,Hilltop Lodge Health And Rehabilitation Center
HOMESTEAD ESTATES WICHITA OPERATIONS LLC,N087048,ASSISTED LIVING FACILITY,10550 E. 21ST STREET NORTH,Wichita,Sedgwick,KS,67206-3509,316-867-4105,6/25/21,Homestead Estates Wichita
HOMESTEAD OF AUGUSTA,N008008,ASSISTED LIVING FACILITY RESIDENTIAL HEALTH CARE FACILITY,1611 FAIRWAY STREET,Augusta,Butler,KS,67010-2246,316-775-1000,6/25/21,Homestead Of Augusta
HOMESTEAD OF CRESTVIEW,N087059,ASSISTED LIVING FACILITY,600 N. 127TH STREET EAST,Wichita,Sedgwick,KS,67206-2830,316-733-8100,6/25/21,Homestead Of Crestview
HOMESTEAD OF DERBY,N087036,ASSISTED LIVING FACILITY,1701 WALNUT GROVE ROAD,Derby,Sedgwick,KS,67037,316-788-9600,6/25/21,Homestead Of Derby
HOMESTEAD OF EUDORA OPERATIONS LLC,N023024,ASSISTED LIVING FACILITY,2725 CHURCH ST,Eudora,Douglas,KS,66025,785-363-5150,6/25/21,Homestead Of Eudora
"HOMESTEAD OF HAYS OPERATIONS, LLC",N026010,ASSISTED LIVING FACILITY,2929 STERNBERG DRIVE,Hays,Ellis,KS,67601,785-628-3200,6/25/21,"Homestead Of Hays Operations, Llc"
HOMESTEAD OF OVERLAND PARK OPERATIONS LLC,N046068,ASSISTED LIVING FACILITY,11701 NIEMAN ROAD,Overland Park,Johnson,KS,66210-4310,913-345-2200,6/25/21,Homestead Of Overland Park Operations Llc
HOMESTEAD OF RUSSELL,N084007,ASSISTED LIVING FACILITY,1070 E. WICHITA AVENUE,Russell,Russell,KS,67665-2452,785-483-5882,6/25/21,Homestead Of Russell
HOMESTEAD OF SHAWNEE OPERATIONS LLC,N046056,ASSISTED LIVING FACILITY,16207 MIDLAND DRIVE,Shawnee,Johnson,KS,66217,913-248-6600,6/25/21,Homestead Of Shawnee Operations Llc
HOMESTEAD OF WELLINGTON OPERATIONS LLC,N096009,ASSISTED LIVING FACILITY,500 N PLUM ST,Wellington,Sumner,KS,67152-3556,620-326-3031,6/25/21,Homestead Of Wellington
IRON HORSE HEALTHCARE INC,N046096,NURSING FACILITY ASSISTED LIVING FACILITY,5401 W 143RD STREET,Leawood,Johnson,KS,66224,913-249-3600,6/25/21,The Healthcare Resort Of Leawood
KANSAS VETERANS HOME,N018011,NURSING FACILITY ASSISTED LIVING FACILITY,1220 WORLD WAR II MEMORIAL DRIVE,Winfield,Cowley,KS,67156-9801,620-221-9479,6/25/21,Kansas Veterans Home
KEARNY COUNTY HOSPITAL ASSISTED LIVING,N047002,ASSISTED LIVING FACILITY,607 COURT PLACE,Lakin,Kearny,KS,67860,620-355-7836,6/25/21,Kearny County Hospital Assisted Living
KENNETH L CALDWELL ASSISTED LIVING MANOR,N087055,ASSISTED LIVING FACILITY,400 S MARTINSON STREET,Wichita,Sedgwick,KS,67213-5514,316-269-7500,6/25/21,Kenneth L Caldwell Assisted Living Manor
KENWOOD PLAZA INC,N093004,RESIDENTIAL HEALTH CARE FACILITY ASSISTED LIVING FACILITY,607 E 1ST AVENUE,St John,Stafford,KS,67576-2223,620-549-6133,6/25/21,Kenwood Plaza Inc
LAKEPOINT AUGUSTA LLC,N008005,NURSING FACILITY ASSISTED LIVING FACILITY,901 LAKEPOINT DRIVE,Augusta,Butler,KS,67010,316-775-6333,6/25/21,Lakepoint Augusta Llc
LAKEPOINT EL DORADO LLC,N008002,NURSING FACILITY ASSISTED LIVING FACILITY,1313 S HIGH STREET,El Dorado,Butler,KS,67042-3751,316-321-4140,6/25/21,Lakepoint El Dorado Llc
LAKEPOINT WICHITA LLC,N087049,NURSING FACILITY RESIDENTIAL HEALTH CARE FACILITY ASSISTED LIVING FACILITY,1315 N WEST STREET,Wichita,Sedgwick,KS,67203-1302,316-943-1295,6/25/21,Lakepoint Wichita Llc
LAKEVIEW VILLAGE,N046007,NURSING FACILITY ASSISTED LIVING FACILITY,13840 W 91ST TERR,Lenexa,Johnson,KS,66215-3374,913-888-1900,6/25/21,Lakeview Village
LAMAR COURT ASSISTED LIVING COMMUNITY,N046051,ASSISTED LIVING FACILITY,11909 LAMAR,Overland Park,Johnson,KS,66209-,913-906-9696,6/25/21,Lamar Court Assisted Living Community
LARKSFIELD PLACE ASSISTED LIVING,N087077,ASSISTED LIVING FACILITY,2727 N ROCK RD,Wichita,Sedgwick,KS,67226,316-361-2800,6/25/21,Larksfield Place Assisted Living
LEAWOOD GARDENS ASSISTED LIVING,N046065,ASSISTED LIVING FACILITY RESIDENTIAL HEALTH CARE FACILITY,5201 W. 143RD STREET,Leawood,Johnson,KS,66224,913-685-4800,6/25/21,Leawood Gardens Assisted Living
LEGEND AT CAPITAL RIDGE,N089045,ASSISTED LIVING FACILITY,1931 SW ARVONIA PLACE,Topeka,Shawnee,KS,66615,785-272-9400,6/25/21,Legend At Capital Ridge
LEGEND OF HUTCHINSON,N078015,ASSISTED LIVING FACILITY,2416 BRENTWOOD,Hutchinson,Reno,KS,67502,620-663-9195,6/25/21,Legend Of Hutchinson
LEISURE OPERATIONS LLC,N046031,NURSING FACILITY ASSISTED LIVING FACILITY,5211 WEST 103RD ST,Overland Park,Johnson,KS,66207,913-383-2569,6/25/21,Overland Park Center For Rehabilitation And Health Care
LEXINGTON PARK ASSISTED LIVING,N089041,ASSISTED LIVING FACILITY,1021 SW FLEMING COURT,Topeka,Shawnee,KS,66604-1851,785-440-0399,6/25/21,Lexington Park Assisted Living
LINCOLN PARK MANOR,N053001,NURSING FACILITY ASSISTED LIVING FACILITY,922 N 5TH ST PO BOX 466,Lincoln,Lincoln,KS,67455-466,785-524-4428,6/25/21,Lincoln Park Manor
LOCUST GROVE VILLAGE,N083001,NURSING FACILITY ASSISTED LIVING FACILITY,701 W. 6TH STREET,La Crosse,Rush,KS,67548,785-222-2574,6/25/21,Locust Grove Village
LOGAN MANOR COMMUNITY HEALTH SERVICES,N074001,NURSING FACILITY ASSISTED LIVING FACILITY,"108 S. ADAMS, PO BOX 308",Logan,Phillips,KS,67646-308,785-689-4201,6/25/21,Logan Manor Community Health Services
MANHATTAN RETIREMENT FOUNDATION INC,N081004,NURSING FACILITY ASSISTED LIVING FACILITY,2121 MEADOWLARK ROAD,Manhattan,Riley,KS,66502-4569,785-537-4610,6/25/21,Meadowlark Hills
MAPLE HILLS HEALTHCARE INC,N046093,NURSING FACILITY ASSISTED LIVING FACILITY,7600 ANTIOCH RD,Overland Park,Johnson,KS,66204,913-383-2001,6/25/21,Shawnee Post Acute Rehabilitation Center
MARIA COURT,N096011,ASSISTED LIVING FACILITY,633 E MAIN STREET,Mulvane,Sumner,KS,67110,316-777-9917,6/25/21,Maria Court
MARION ASSISTED LIVING COMMUNITY LLC,N057007,ASSISTED LIVING FACILITY,200 N EISENHOWER DR,Marion,Marion,KS,66861,620-382-3000,6/25/21,Marion Assisted Living Llc
MARQUIS PLACE,N015008,ASSISTED LIVING FACILITY,205 W 21ST STREET,Concordia,Cloud,KS,66901,785-243-2255,6/25/21,Marquis Place
MCCRITE RETIREMENT ASSISTED LIVING,N089047,ASSISTED LIVING FACILITY,1608 SW 37TH STREET,Topeka,Shawnee,KS,66611-2564,785-267-2960,6/25/21,Mccrite Retirement Assisted Living
MEMORIAL LIVING CENTER,N094001,ASSISTED LIVING FACILITY,102 E LANE DR,Johnson,Stanton,KS,67855,620-492-2356,6/25/21,Memorial Living Center
MENNONITE FRIENDSHIP COMMUNITIES INC,N078005,NURSING FACILITY ASSISTED LIVING FACILITY,600 W BLANCHARD AVE,South Hutchinson,Reno,KS,67505-1526,620-663-7175,6/25/21,Mennonite Friendship Communities Inc
MIDLAND CARE AT LINNWOOD PARK,N044005,ASSISTED LIVING FACILITYHOME PLUS,1509 LINN ST,Valley Falls,Jefferson,KS,66088-1185,785-945-3634,6/25/21,Midland Care At Linnwood Park
MOC WICHITA LLC,N087084,NURSING FACILITY ASSISTED LIVING FACILITY,7057 WEST VILLAGE CIRCLE,Wichita,Sedgwick,KS,67205,316-977-7015,6/25/21,The Healthcare Resort Of Wichita
MONTEREY VILLAGE,N023022,ASSISTED LIVING FACILITY,3901 PETERSON ROAD,Lawrence,Douglas,KS,66049,573-471-1113,6/25/21,Monterey Village
MORNINGSTAR CARE HOMES OF FREDONIA,N103004,ASSISTED LIVING FACILITY,2111 E. WASHINGTON STREET,Fredonia,Wilson,KS,66736-1759,785-594-2603,6/25/21,Morningstar Care Homes Of Fredonia
MORNINGSTAR CARE HOMES OF NEODESHA,N103005,ASSISTED LIVING FACILITY,400 FIR STREET,Neodesha,Wilson,KS,66757-1298,785-594-2603,6/25/21,Morningstar Care Homes Of Neodesha
PARAMOUNT COMMUNITY LIVING AND REHAB INC,N040002,NURSING FACILITY ASSISTED LIVING FACILITY RESIDENTIAL HEALTH CARE FACILITY,200 SW 14TH STREET,Newton,Harvey,KS,67114,316-283-4770,6/25/21,Paramount Community Living And Rehab Inc
PARK MEADOWS SENIOR LIVING,N046077,ASSISTED LIVING FACILITY,5901 W. 107TH STREET,Overland Park,Johnson,KS,66207-3851,913-901-8200,6/25/21,Park Meadows Senior Living
PARK WEST PLAZA,N087046,NURSING FACILITY STATE ONLY ASSISTED LIVING FACILITY,505 N. MAIZE ROAD,Wichita,Sedgwick,KS,67212,316-729-4114,6/25/21,Park West Plaza
PARKSIDE HOMES,N057004,NURSING FACILITY ASSISTED LIVING FACILITY,200 WILLOW ROAD,Hillsboro,Marion,KS,67063-1904,620-947-2301,6/25/21,Parkside Homes
PARKWOOD VILLAGE,N076003,ASSISTED LIVING FACILITY,401 ROCHESTER,Pratt,Pratt,KS,67124-2900,620-672-5541,6/25/21,Parkwood Village
PETERSON ASSISTED LIVING LLC,N070007,ASSISTED LIVING FACILITY,629 HOLLIDAY STREET,Osage City,Osage,KS,66523-1138,785-528-3301,6/25/21,Peterson Assisted Living
PHILLIPS COUNTY RETIREMENT CENTER,N074003,NURSING FACILITY ASSISTED LIVING FACILITY,"1300 STATE STREET, PO BOX 628",Phillipsburg,Phillips,KS,67661-628,785-543-2131,6/25/21,Phillips County Retirement Center
PIONEER RIDGE RETIREMENT COMMUNITY,N023019,NURSING FACILITY ASSISTED LIVING FACILITY,4851 HARVARD ROAD,Lawrence,Douglas,KS,66049-3964,785-749-2000,6/25/21,Pioneer Ridge Retirement Community
PRAIRIE HOMESTEAD ASSISTED LIVING,N087062,ASSISTED LIVING FACILITY,1601 W. MAY STREET,Wichita,Sedgwick,KS,67213,316-263-8264,6/25/21,Prairie Homestead Assisted Living
PRAIRIE MISSION RETIREMENT VILLAGE,N067007,NURSING FACILITY ASSISTED LIVING FACILITY,242 CARROLL STREET,Saint Paul,Neosho,KS,66771-9802,620-449-2400,6/25/21,Prairie Mission Retirement Village
PRAIRIE SUNSET HOME,N078017,NURSING FACILITY ASSISTED LIVING FACILITY,601 E. MAIN STREET,Pretty Prairie,Reno,KS,67570,620-459-6822,6/25/21,Prairie Sunset Home
PRESBYTERIAN MANORS INC,N056006,NURSING FACILITY ASSISTED LIVING FACILITY,2300 INDUSTRIAL ROAD,Emporia,Lyon,KS,66801-6636,620-343-2613,6/25/21,Emporia Presbyterian Manor
PRESBYTERIAN MANORS INC,N085005,NURSING FACILITY RESIDENTIAL HEALTH CARE FACILITY ASSISTED LIVING FACILITY,2601 E. CRAWFORD STREET,Salina,Saline,KS,67401-3791,785-825-1366,6/25/21,Salina Presbyterian Manor
PRESBYTERIAN MANORS INC,N046057,NURSING FACILITY ASSISTED LIVING FACILITY,17500 W 119TH STREET,Olathe,Johnson,KS,66061,913-599-6100,6/25/21,Aberdeen Village
PRESBYTERIAN MANORS INC,N040005,NURSING FACILITY ASSISTED LIVING FACILITY,1200 E. 7TH STREET,Newton,Harvey,KS,67114-2862,316-283-5400,6/25/21,Newton Presbyterian Manor
PRESBYTERIAN MANORS INC,N029005,NURSING FACILITY ASSISTED LIVING FACILITY,200 CAMPUS DR,Dodge City,Ford,KS,67801-2706,620-225-1928,6/25/21,Manor Of The Plains
PRESBYTERIAN MANORS INC,N050005,NURSING FACILITY ASSISTED LIVING FACILITY,3501 DIRR AVENUE,Parsons,Labette,KS,67357-2298,620-421-1450,6/25/21,Parsons Presbyterian Manor
PRESBYTERIAN MANORS INC,N018008,NURSING FACILITY ASSISTED LIVING FACILITY,1711 N. 4TH STREET,Arkansas City,Cowley,KS,67005-1607,620-442-8700,6/25/21,Arkansas City Presbyterian Manor
PRESBYTERIAN MANORS INC,N006005,ASSISTED LIVING FACILITY,2401 S HORTON STREET,Fort Scott,Bourbon,KS,66701-3196,620-223-5550,6/25/21,Fort Scott Presbyterian Village
PRESBYTERIAN MANORS INC,N087023,NURSING FACILITY RESIDENTIAL HEALTH CARE FACILITY ASSISTED LIVING FACILITY,4700 W. 13TH STREET NORTH,Wichita,Sedgwick,KS,67212-5599,316-942-7456,6/25/21,Wichita Presbyterian Manor
RANCH HOUSE SENIOR LIVING LLC,N028005,NURSING FACILITY ASSISTED LIVING FACILITY,2900 N CAMPUS DR,Garden City,Finney,KS,67846,620-371-4700,6/25/21,Ranch House Senior Living Llc
REDBUD PLAZA ASSISTED LIVING,N075007,ASSISTED LIVING FACILITY,205 W 9TH STREET,Onaga,Pottawatomie,KS,66521,785-889-4142,6/25/21,Redbud Plaza Assisted Living
REFLECTION RETIREMENT RESORT LLC,B085009,ASSISTED LIVING FACILITY,626 S 3RD STREET,Salina,Saline,KS,67401,785-825-8183,6/25/21,Reflection Retirement Resort Llc
REGENT PARK ASSISTED LIVING AND MEMORY CARE,N087069,ASSISTED LIVING FACILITY,10600 E 13TH STREET NORTH,Wichita,Sedgwick,KS,67206,316-337-5400,6/25/21,Regent Park Assisted Living And Memory Care
RIVER BEND ASSISTED LIVING,N005006,ASSISTED LIVING FACILITY,3820 BROADWAY,Great Bend,Barton,KS,67530,620-792-7017,6/25/21,River Bend Assisted Living
ROLLING HILLS ASSISTED LIVING APARTMENTS,N089036,ASSISTED LIVING FACILITY,2410 SW URISH ROAD,Topeka,Shawnee,KS,66614-4347,785-273-2202,6/25/21,Rolling Hills Assisted Living Apartments
ROOKS CO SENIOR SERVICES INC,N082001,NURSING FACILITY ASSISTED LIVING FACILITY,1000 S WASHINGTON STREET,Plainville,Rooks,KS,67663-3699,785-434-4536,6/25/21,Redbud Village
ROSE ESTATES ASSISTED LIVING COMMUNITY,N046060,ASSISTED LIVING FACILITY,12700 ANTIOCH ROAD,Overland Park,Johnson,KS,66213-2723,913-825-9600,6/25/21,Rose Estates Assisted Living Community
SANDSTONE HEIGHTS NURSING HOME,N080002,NURSING FACILITY ASSISTED LIVING FACILITY,440 STATE STREET,Little River,Rice,KS,67457,620-897-6266,6/25/21,Sandstone Heights Nursing Home
SCHOWALTER VILLA,N040006,NURSING FACILITY ASSISTED LIVING FACILITY,200 W. CEDAR,Hesston,Harvey,KS,67062,620-327-3400,6/25/21,Schowalter Villa
SEDGWICK PLAZA,N087033,ASSISTED LIVING FACILITY,2455 N. WOODLAWN STREET,Wichita,Sedgwick,KS,67220-3950,316-687-3741,6/25/21,Sedgwick Plaza
SILVERCREST AT COLLEGE VIEW,N046094,ASSISTED LIVING FACILITY RESIDENTIAL HEALTH CARE FACILITY,13600 WEST 110TH TERRACE,Lenexa,Johnson,KS,66215,913-915-6041,6/25/21,Silvercrest At College View
SILVERCREST AT DEER CREEK,N046070,ASSISTED LIVING FACILITY,13060 S. METCALF AVENUE,Overland Park,Johnson,KS,66213-2618,913-681-1101,6/25/21,Silvercrest At Deer Creek
SLCG BASEHOR LLC,N052009,ASSISTED LIVING FACILITY,15707 PINEHURST DRIVE,Basehor,Leavenworth,KS,66007,913-662-7330,6/25/21,Country Place Senior Living Of Basehor
SLCG BELLEVILLE LLC,N079003,ASSISTED LIVING FACILITY,530 23RD STREET,Belleville,Republic,KS,66935,785-527-5300,6/25/21,Country Place Senior Living Of Belleville
SLCG HOISINGTON LLC,N005007,ASSISTED LIVING FACILITY,259 W 6TH STREET,Hoisington,Barton,KS,67544-2014,620-653-4121,6/25/21,Country Place Senior Living Of Hoisington
SLCG SENECA LLC,N066008,ASSISTED LIVING FACILITY,1700 COMMUNITY DRIVE,Seneca,Nemaha,KS,66538,785-336-6868,6/25/21,Country Place Senior Living Of Seneca
SNH TOTO TENANT LLC,N023009,NURSING FACILITY ASSISTED LIVING FACILITY RESIDENTIAL HEALTH CARE FACILITY,1501 INVERNESS DR.,Lawrence,Douglas,KS,66047-1825,785-838-8000,6/25/21,Brandon Woods At Alvamar
STONEYBROOK ASSISTED LIVING,N081007,ASSISTED LIVING FACILITY,2029 LITTLE KITTEN AVENUE,Manhattan,Riley,KS,66503-7545,785-537-1065,6/25/21,Stoneybrook Assisted Living
STONEYBROOK RETIREMENT COMMUNITY,N081005,NURSING FACILITY ASSISTED LIVING FACILITY,2025 LITTLE KITTEN AVENUE,Manhattan,Riley,KS,66503-7545,785-776-0065,6/25/21,Stoneybrook Retirement Community
STRATFORD COMMONS MEMORY CARE COMMUNITY,N046045,ASSISTED LIVING FACILITY,12340 QUIVIRA ROAD,Overland Park,Johnson,KS,66213-2408,913-851-0215,6/25/21,Stratford Commons Memory Care Community
SUNRISE ASSISTED LIVING OF LEAWOOD,N046072,ASSISTED LIVING FACILITY RESIDENTIAL HEALTH CARE FACILITY,11661 GRANADA AVENUE,Leawood,Johnson,KS,66211,913-906-0200,6/25/21,Sunrise Assisted Living Of Leawood
SUNRISE ASSISTED LIVING OF LENEXA,N046071,ASSISTED LIVING FACILITY RESIDENTIAL HEALTH CARE FACILITY,15055 W. 87TH STREET PARKWAY,Lenexa,Johnson,KS,66215,913-307-0665,6/25/21,Sunrise Assisted Living Of Lenexa
SUNRISE ASSISTED LIVING OF OVERLAND PARK,N046074,ASSISTED LIVING FACILITY RESIDENTIAL HEALTH CARE FACILITY,12500 W. 135TH STREET,Overland Park,Johnson,KS,66221,913-685-3340,6/25/21,Sunrise Assisted Living Of Overland Park
SUNSET HOME INC,N015006,NURSING FACILITY ASSISTED LIVING FACILITY RESIDENTIAL HEALTH CARE FACILITY,620 2ND AVENUE,Concordia,Cloud,KS,66901-2727,785-243-2720,6/25/21,Sunset Home Inc
TALLGRASS CREEK INC,N046088,NURSING FACILITY RESIDENTIAL HEALTH CARE FACILITY ASSISTED LIVING FACILITY,13760 METCALF AVENUE,Overland Park,Johnson,KS,66223,913-945-2004,6/25/21,Tallgrass Creek Inc
THE CEDARS,N059009,NURSING FACILITY ASSISTED LIVING FACILITY,1021 CEDARS DR,Mcpherson,Mcpherson,KS,67460-2735,620-241-0919,6/25/21,The Cedars
THE HOMESTEAD OF AUBURN,N089042,ASSISTED LIVING FACILITY,280 E VALLEY SPRINGS DR,Auburn,Shawnee,KS,66402-,785-256-7100,6/25/21,The Homestead Of Auburn
THE HOMESTEAD OF GARDEN CITY,N028003,ASSISTED LIVING FACILITY,2414 N HENDERSON DR,Garden City,Finney,KS,67846-,620-272-9800,6/25/21,The Homestead Of Garden City
THE HOMESTEAD OF HALSTEAD,N040008,ASSISTED LIVING FACILITY,715 W 6TH ST,Halstead,Harvey,KS,67056-,316-830-2424,6/25/21,The Homestead Of Halstead
THE HOMESTEAD OF LEAVENWORTH,N052006,ASSISTED LIVING FACILITY,5150 HUGHES RD,Leavenworth,Leavenworth,KS,66048-5022,913-727-9600,6/25/21,The Homestead Of Leavenworth
THE HOMESTEAD OF LEAWOOD,N046039,ASSISTED LIVING FACILITY,12720 STATELINE RD,Leawood,Johnson,KS,66209-1619,913-663-3351,6/25/21,The Homestead Of Leawood
THE HOMESTEAD OF LENEXA,N046043,ASSISTED LIVING FACILITY,8740 CAENEN LAKE RD,Lenexa,Johnson,KS,66215-,913-894-0014,6/25/21,The Homestead Of Lenexa
THE HOMESTEAD OF MANHATTAN,N081006,ASSISTED LIVING FACILITY,1923 LITTLE KITTEN AVE,Manhattan,Riley,KS,66502-7545,785-776-1772,6/25/21,The Homestead Of Manhattan
THE HOMESTEAD OF OLATHE NORTH,N046040,ASSISTED LIVING FACILITY,791 N SOMERSET TERRACE,Olathe,Johnson,KS,66062,913-829-1403,6/25/21,The Homestead Of Olathe North
THE HOMESTEAD OF OLATHE SOUTH,N046038,ASSISTED LIVING FACILITY,751 N SOMERSET TERR,Olathe,Johnson,KS,66062-5450,913-829-4663,6/25/21,The Homestead Of Olathe South
THE HOMESTEAD OF TOPEKA,N089035,ASSISTED LIVING FACILITY,5820 SW DRURY LN,Topeka,Shawnee,KS,66604-2262,785-272-2200,6/25/21,The Homestead Of Topeka
THE HOMESTEAD OF WICHITA,N087042,ASSISTED LIVING FACILITY,12221 W. MAPLE STREET,Wichita,Sedgwick,KS,67235,316-729-2400,6/25/21,The Homestead Of Wichita
THE MAPLETON ANDOVER,N008013,ASSISTED LIVING FACILITY,1419 W. CENTRAL,Andover,Butler,KS,67002,316-530-1253,6/25/21,The Mapleton Andover
THE MEADOWS,N016003,ASSISTED LIVING FACILITY,1201 MARTINDALE ST,Burlington,Coffey,KS,66839-2400,620-364-8861,6/25/21,The Meadows
THE OXFORD GRAND,N087075,ASSISTED LIVING FACILITY,3051 N. PARKDALE CIRCLE,Wichita,Sedgwick,KS,67205,316-927-2007,6/25/21,The Oxford Grand
THE PLAZA HEALTH SERVICES AT SANTA MARTA,N046075,NURSING FACILITY ASSISTED LIVING FACILITY RESIDENTIAL HEALTH CARE FACILITY,13875 W. 115TH TERRACE,Olathe,Johnson,KS,66062-7833,913-906-0990,6/25/21,The Plaza Health Services At Santa Marta
THE SHERIDAN AT OVERLAND PARK,N046102,ASSISTED LIVING FACILITY RESIDENTIAL HEALTH CARE FACILITY,10300 INDIAN CREEK PARKWAY,Overland Park,Johnson,KS,66210,913-232-8232,6/25/21,The Sheridan At Overland Park
THE WINDSOR OF LAWRENCE,N023017,ASSISTED LIVING FACILITY,3220 PETERSON RD,Lawrence,Douglas,KS,66049-1942,785-832-9900,6/25/21,The Windsor Of Lawrence
TOP CITY HEALTHCARE INC,N089065,NURSING FACILITY ASSISTED LIVING FACILITY,6300 SW 6TH AVENUE,Topeka,Shawnee,KS,66615,785-272-2124,6/25/21,The Healthcare Resort Of Topeka
TREGO LEMKE ASSISTED LIVING,N098002,ASSISTED LIVING FACILITY,303 N 14TH ST,Wakeeney,Trego,KS,67672 2002,785-743-2182,6/25/21,Trego Lemke Assisted Living
TWIN OAKS ASSISTED LIVING,N052007,ASSISTED LIVING FACILITY,657 EISENHOWER,Lansing,Leavenworth,KS,66043-1913,913-727-6100,6/25/21,Twin Oaks Assisted Living
TWO TRAILS HEALTHCARE INC,N046092,NURSING FACILITY ASSISTED LIVING FACILITY,21250 W 151ST STREET,Olathe,Johnson,KS,66061-0768,913-390-0444,6/25/21,The Healthcare Resort Of Olathe
VIA CHRISTI VILLAGE GEORGETOWN INC,N087051,ASSISTED LIVING FACILITY,1655 GEORGETOWN ST,Wichita,Sedgwick,KS,67218-4120,316-685-0400,6/25/21,Via Christi Village Georgetown Inc
VIA CHRISTI VILLAGE HAYS,N026001,NURSING FACILITY ASSISTED LIVING FACILITY,2225 CANTERBURY,Hays,Ellis,KS,67601,785-628-3241,6/25/21,Via Christi Village Hays
VIA CHRISTI VILLAGE MANHATTAN INC,N081001,NURSING FACILITY ASSISTED LIVING FACILITY,2800 WILLOW GROVE RD,Manhattan,Riley,KS,66502-2096,785-539-7671,6/25/21,Via Christi Village Manhattan Inc
VIA CHRISTI VILLAGE MCLEAN INC,N087056,NURSING FACILITY ASSISTED LIVING FACILITY,777 N MCLEAN BLVD,Wichita,Sedgwick,KS,67203-4980,316-942-7000,6/25/21,Via Christi Village Mclean Inc
VIA CHRISTI VILLAGE PITTSBURG,N019013,NURSING FACILITY ASSISTED LIVING FACILITY,1502 E CENTENNIAL STREET,Pittsburg,Crawford,KS,66762,620-235-0020,6/25/21,Via Christi Village Pittsburg
VIA CHRISTI VILLAGE RIDGE,N087057,NURSING FACILITY ASSISTED LIVING FACILITY,"3636 NORTH RIDGE ROAD, BLDG #400",Wichita,Sedgwick,KS,67205,316-462-3636,6/25/21,Via Christi Village Ridge
VICTORIA FALLS ASSISTED LIVING,N008011,ASSISTED LIVING FACILITY,408 E CENTRAL PO BOX 906,Andover,Butler,KS,67002-,316-733-0334,6/25/21,Victoria Falls Assisted Living
VILLAGE SHALOM INC,N046054,NURSING FACILITY ASSISTED LIVING FACILITY RESIDENTIAL HEALTH CARE FACILITY,5500 W 123RD STREET,Overland Park,Johnson,KS,66209,913-317-2600,6/25/21,Village Shalom Inc
VINTAGE PARK AT ATCHISON,N003005,ASSISTED LIVING FACILITY,1301 N 4TH,Atchison,Atchison,KS,66002,913-367-2655,6/25/21,Vintage Park At Atchison
VINTAGE PARK AT BALDWIN CITY,N023018,ASSISTED LIVING FACILITY,321 CRIMSON AVENUE,Baldwin City,Douglas,KS,66006,785-594-4255,6/25/21,Vintage Park At Baldwin City
VINTAGE PARK AT EUREKA,N037005,ASSISTED LIVING FACILITY,1820 E. RIVER STREET,Eureka,Greenwood,KS,67045-2156,620-583-7473,6/25/21,Vintage Park At Eureka
VINTAGE PARK AT GARDNER,N046055,ASSISTED LIVING FACILITY,869 JUNIPER TERRACE,Gardner,Johnson,KS,66030,913-856-7643,6/25/21,Vintage Park At Gardner
VINTAGE PARK AT HIAWATHA,N007006,ASSISTED LIVING FACILITY,400 KANSAS AVENUE,Hiawatha,Brown,KS,66434,785-742-4566,6/25/21,Vintage Park At Hiawatha
VINTAGE PARK AT HOLTON,N043004,ASSISTED LIVING FACILITY,410 JUNIPER DRIVE,Holton,Jackson,KS,66436,785-364-5051,6/25/21,Vintage Park At Holton
VINTAGE PARK AT LENEXA,N046037,ASSISTED LIVING FACILITY,8710 CAENEN LAKE ROAD,Lenexa,Johnson,KS,66215-2069,913-894-6979,6/25/21,Vintage Park At Lenexa
VINTAGE PARK AT LOUISBURG,N061008,ASSISTED LIVING FACILITY,202 S. ROGERS RD,Louisburg,Miami,KS,66053,913-837-5133,6/25/21,Vintage Park At Louisburg
VINTAGE PARK AT OSAGE CITY,N070006,ASSISTED LIVING FACILITY,1403 LAING STREET,Osage City,Osage,KS,66067,785-528-5095,6/25/21,Vintage Park At Osage City
VINTAGE PARK AT OSAWATOMIE,N061009,ASSISTED LIVING FACILITY,1520 PARKER AVENUE,Osawatomie,Miami,KS,66064,913-755-2167,6/25/21,Vintage Park At Osawatomie
VINTAGE PARK AT OTTAWA,N030008,ASSISTED LIVING FACILITY,2250 S. ELM STREET,Ottawa,Franklin,KS,66067,785-242-3715,6/25/21,Vintage Park At Ottawa
VINTAGE PARK AT PAOLA,N061010,ASSISTED LIVING FACILITY,601 N. EAST STREET,Paola,Miami,KS,66071-1183,913-557-0202,6/25/21,Vintage Park At Paola
VINTAGE PARK AT STANLEY,N046069,ASSISTED LIVING FACILITY,14430 METCALF AVENUE,Overland Park,Johnson,KS,66223-2989,913-897-1414,6/25/21,Vintage Park At Stanley
VINTAGE PARK AT TONGANOXIE,N052008,ASSISTED LIVING FACILITY,120 W. 8TH STREET,Tonganoxie,Leavenworth,KS,66086,913-845-2204,6/25/21,Vintage Park At Tonganoxie
VINTAGE PARK AT WAMEGO,N075006,ASSISTED LIVING FACILITY,1607 4TH STREET,Wamego,Pottawatomie,KS,66547,785-456-8997,6/25/21,Vintage Park At Wamego
VINTAGE PARK AT WATERFRONT,N087039,ASSISTED LIVING FACILITY,900 N. BAYSHORE DRIVE,Wichita,Sedgwick,KS,67212,316-945-3344,6/25/21,Vintage Park At Waterfront
WAKEFIELD OPERATOR LLC,N014003,NURSING FACILITY ASSISTED LIVING FACILITY,509 GROVE STREET,Wakefield,Clay,KS,67487,785-461-5417,6/25/21,Wakefield Care And Rehab
WALDRON PLACE,N078016,ASSISTED LIVING FACILITY,1700 E 23RD,Hutchinson,Reno,KS,67502-,620-662-4114,6/25/21,Waldron Place
WALLACE COUNTY COMMUNITY CARE CENTER INC,N100001C,NURSING FACILITY RESIDENTIAL HEALTH CARE FACILITY ASSISTED LIVING FACILITY,608 N KENNEDY,Sharon Springs,Wallace,KS,677589762,785-852-4244,6/25/21,Wallace County Community Care Center Inc
WELLSVILLE MANOR,N030004,NURSING FACILITY ASSISTED LIVING FACILITY,304 W 7TH ST,Wellsville,Franklin,KS,66092-7800,785-883-4101,6/25/21,Wellsville Manor
WESLEY TOWERS INC,N078010,NURSING FACILITY ASSISTED LIVING FACILITY,700 MONTEREY PL,Hutchinson,Reno,KS,67502-2248,620-663-9175,6/25/21,Wesley Towers Inc
WEST WICHITA ASSISTED LIVING LLC,N087067,ASSISTED LIVING FACILITY,629 S MAIZE CT,Wichita,Sedgwick,KS,67209-,316-361-2500,6/25/21,Avita Senior Living At Rolling Hills
WESTERN PRAIRIE SENIOR LIVING,N034001,NURSING FACILITY ASSISTED LIVING FACILITY,510 E. SAN JACINTO AVENUE,Ulysses,Grant,KS,67880-1899,620-356-3331,6/25/21,Western Prairie Senior Living
WESTRIDGE,N019011,ASSISTED LIVING FACILITY,950 W ST JOHN ST,Girard,Crawford,KS,66743-,620-724-6760,6/25/21,Westridge
WESTY COMMUNITY CARE HOME INC,N075005,NURSING FACILITY ASSISTED LIVING FACILITY,105 N HIGHWAY 99,Westmoreland,Pottawatomie,KS,66549-,785-457-2801,6/25/21,Westy Community Care Home Inc
WHEAT RIDGE ACRES ASSISTED LIVING,N091002,ASSISTED LIVING FACILITY RESIDENTIAL HEALTH CARE FACILITY,707 WHEAT RIDGE CIRCLE,Goodland,Sherman,KS,67735,785-899-0100,6/25/21,Wheat Ridge Acres Assisted Living
WHISPERING PINES,N069010,ASSISTED LIVING FACILITY,200 WHISPERING PINES,Norton,Norton,KS,67654-,785-874-5500,6/25/21,Whispering Pines
WINFIELD SENIOR LIVING COMMUNITY,N018006,NURSING FACILITY ASSISTED LIVING FACILITY,1320 WHEAT ROAD,Winfield,Cowley,KS,67156-4704,620-221-4660,6/25/21,Winfield Senior Living Community
WOODRIDGE ESTATES,N050011,ASSISTED LIVING FACILITY,329 N KAY LANE,Parsons,Labette,KS,67357,620-421-4700,6/25/21,Woodridge Estates
ALMA MANOR,N099001,NURSING FACILITY RESIDENTIAL HEALTH CARE FACILITY,234 MANOR CIRCLE,Alma,Wabaunsee,KS,66401-127,785-765-3318,6/25/21,Alma Manor
ANGEL ARMS,N059017,RESIDENTIAL HEALTH CARE FACILITY,1318 OAKLANE,Mcpherson,Mcpherson,KS,67460-2522,620-245-0848,6/25/21,Angel Arms
AP HOMES OPERATIONS HIAWATHA KS LLC,N007005,NURSING FACILITY RESIDENTIAL HEALTH CARE FACILITY,302 E IOWA STREET,Hiawatha,Brown,KS,66434-9802,785-742-7465,6/25/21,Maple Heights Nursing And Rehabilitative Center
ARROWOOD LANE,N001007,RESIDENTIAL HEALTH CARE FACILITY,615 E. FRANKLIN,Humboldt,Allen,KS,66748,620-473-3456,6/25/21,Arrowood Lane
ASBURY VILLAGE,N063012,RESIDENTIAL HEALTH CARE FACILITY,3800 ASBURY DR,Coffeyville,Montgomery,KS,67337-337,620-251-6270,6/25/21,Asbury Village
BICKFORD OF OVERLAND PARK OPCO LLC,N046050,RESIDENTIAL HEALTH CARE FACILITY,10665 BARKLEY,Overland Park,Johnson,KS,66212-,913-642-5400,6/25/21,Bickford Of Overland Park
BKD CLARE BRIDGE OF WICHITA LLC,N087054,RESIDENTIAL HEALTH CARE FACILITY,9191 E 21ST STREET NORTH,Wichita,Sedgwick,KS,67206-2923,316-630-0788,6/25/21,Brookdale East Wichita
BREWSTER HEALTH CENTER,N089001,NURSING FACILITY RESIDENTIAL HEALTH CARE FACILITY,1001 SW 29TH ST,Topeka,Shawnee,KS,66611-1299,785-267-1666,6/25/21,Brewster Health Center
BROOKDALE COLLEGE SQUARE,N046047,RESIDENTIAL HEALTH CARE FACILITY,11000 OAKMONT ST,Overland Park,Johnson,KS,66210,913-491-1144,6/25/21,Brookdale College Square
BROOKDALE LEAWOOD STATE LINE,N046052,RESIDENTIAL HEALTH CARE FACILITY,12724 STATELINE ROAD,Leawood,Johnson,KS,66209,913-345-8808,6/25/21,Brookdale Leawood State Line
BROOKDALE SHAWNEE,N046053,RESIDENTIAL HEALTH CARE FACILITY,11400 W 65TH ST,Shawnee,Johnson,KS,66203-5555,913-248-1500,6/25/21,Brookdale Shawnee
BROOKDALE TOPEKA,N089040,RESIDENTIAL HEALTH CARE FACILITY,5800 SW DRURY LANE,Topeka,Shawnee,KS,66604-2262,785-271-5100,6/25/21,Brookdale Topeka
CA SENIOR OLATHE OPERATOR LLC,N046090,RESIDENTIAL HEALTH CARE FACILITY,101 W 151ST STREET,Olathe,Johnson,KS,66061,913-791-0020,6/25/21,Anthology Of Olathe
CAMBRIDGE PLACE,N058003,NURSING FACILITY RESIDENTIAL HEALTH CARE FACILITY,1100 N. 16TH STREET,Marysville,Marshall,KS,66508,785-562-5321,6/25/21,Cambridge Place
CARRINGTON HOUSE CENTRAL,N087058,RESIDENTIAL HEALTH CARE FACILITY,1432 N WACO ST,Wichita,Sedgwick,KS,67230-,316-262-5516,6/25/21,Carrington House Central
CARRINGTON RETIREMENT COMMUNITY,N019010,RESIDENTIAL HEALTH CARE FACILITY,1909 E. 4TH STREET,Pittsburg,Crawford,KS,66762-9100,620-235-1212,6/25/21,Carrington Retirement Community
CHISHOLM PLACE,N087071,RESIDENTIAL HEALTH CARE FACILITY,1859 N. WEBB ROAD,Wichita,Sedgwick,KS,67206,316-558-5775,6/25/21,Chisholm Place
COUNTRY CLUB ESTATES LP,N061007,RESIDENTIAL HEALTH CARE FACILITY,2 LEWIS DRIVE,Paola,Miami,KS,66071-1126,913-294-4531,6/25/21,Country Club Estates Lp
COUNTRYSIDE HEALTH CENTER,N089008,MENTAL HEALTH NURSING FACILITY RESIDENTIAL HEALTH CARE FACILITY,440 SE WOODLAND AVENUE,Topeka,Shawnee,KS,66607-2172,785-234-6147,6/25/21,Countryside Health Center
CRESTVIEW NURSING & RESIDENTIAL LIVING,N066003,NURSING FACILITY RESIDENTIAL HEALTH CARE FACILITY,808 N. 8TH STREET,Seneca,Nemaha,KS,66538,785-336-2156,6/25/21,Crestview Nursing & Residential Living
CUMBERNAULD VILLAGE,N018009,NURSING FACILITY RESIDENTIAL HEALTH CARE FACILITY,716 TWEED STREET,Winfield,Cowley,KS,67156-1595,620-221-4141,6/25/21,Cumbernauld Village
DIGNITY CARE HOME,N085008,RESIDENTIAL HEALTH CARE FACILITY,745 FAITH DR,Salina,Saline,KS,67401-5269,785-823-3434,6/25/21,Dignity Care Home
DIVERSICARE OF LARNED,N073001,NURSING FACILITY RESIDENTIAL HEALTH CARE FACILITY,1114 W 11TH STREET,Larned,Pawnee,KS,67550-1941,620-285-6914,6/25/21,Diversicare Of Larned
EAGLE ESTATES INC,N063011,RESIDENTIAL HEALTH CARE FACILITY,1354 TAYLOR ROAD,Independence,Montgomery,KS,67301,620-331-1662,6/25/21,Eagle Estates Inc
FOREST CREEK MEMORY CARE AT OVERLAND PARK,N046095,RESIDENTIAL HEALTH CARE FACILITY,12701 PFLUMM ROAD,Overland Park,Johnson,KS,66213,913-490-5035,6/25/21,Forest Creek Memory Care At Overland Park
FOUNDERS CREST LLC,N087083,RESIDENTIAL HEALTH CARE FACILITY,6887 E ROCKHILL STREET,Wichita,Sedgwick,KS,67206,316-685-3322,6/25/21,Founders Crest Llc
GARTEN COUNTRYSIDE HOME INC,N021006,RESIDENTIAL HEALTH CARE FACILITY,2454 HWY 15 NORTH,Abilene,Dickinson,KS,67410-6077,785-263-7197,6/25/21,Garten Countryside Home Inc
GLEN CARR HOUSE,N087073,RESIDENTIAL HEALTH CARE FACILITY,1433 N. HAMILTON DRIVE,Derby,Sedgwick,KS,67037,316-788-9999,6/25/21,Glen Carr House
GOOD SAMARITAN SOCIETY - ELLIS,N026002,NURSING FACILITY RESIDENTIAL HEALTH CARE FACILITY,1101 SPRUCE STREET,Ellis,Ellis,KS,67637-1799,785-726-3101,6/25/21,Good Samaritan Society - Ellis
GRAN VILLAS INDEPENDENCE,N063005,RESIDENTIAL HEALTH CARE FACILITY,621 S. 2ND STREET,Independence,Montgomery,KS,67301-4311,620-331-2260,6/25/21,Gran Villas Independence
GRAYSTONE RESIDENTIAL CARE,N001006,RESIDENTIAL HEALTH CARE FACILITY,2620 N. KENTUCKY STREET,Iola,Allen,KS,66749,620-365-6002,6/25/21,Graystone Residential Care
GUEST HOME ESTATES,N063013,RESIDENTIAL HEALTH CARE FACILITY,400 S. MCGEE STREET,Caney,Montgomery,KS,67333-2157,620-879-5199,6/25/21,Guest Home Estates
GUEST HOME ESTATES II,N067009,RESIDENTIAL HEALTH CARE FACILITY,1202 S. PLUMMER,Chanute,Neosho,KS,66720,620-431-9509,6/25/21,Guest Home Estates Ii
GUEST HOME ESTATES III,N067008,RESIDENTIAL HEALTH CARE FACILITY,7440 220TH ROAD,Chanute,Neosho,KS,66720,620-431-7115,6/25/21,Guest Home Estates Iii
GUEST HOME ESTATES IV,N019012,RESIDENTIAL HEALTH CARE FACILITY,1910 E. CENTENNIAL,Pittsburg,Crawford,KS,66762,620-235-0522,6/25/21,Guest Home Estates Iv
GUEST HOME ESTATES VI,N006001,RESIDENTIAL HEALTH CARE FACILITY,737 HEYLMAN STREET,Fort Scott,Bourbon,KS,66701-2421,620-223-1620,6/25/21,Guest Home Estates Vi
GUEST HOME ESTATES VII,N002001,RESIDENTIAL HEALTH CARE FACILITY,806 W. 4TH STREET,Garnett,Anderson,KS,66032-2415,785-448-6884,6/25/21,Guest Home Estates Vii
GUEST HOME ESTATES VIII,N067001,RESIDENTIAL HEALTH CARE FACILITY,114 E MARSHALL STREET,Erie,Neosho,KS,66733-1128,620-244-5301,6/25/21,Guest Home Estates Viii
HOME OF THE FLINT HILLS,N075008,RESIDENTIAL HEALTH CARE FACILITY,11771 LEGACY PLACE,St. George,Pottawatomie,KS,66535,785-494-2600,6/25/21,Home Of The Flint Hills
HOME OF THE FLINT HILLS 2,N075009,RESIDENTIAL HEALTH CARE FACILITY,11761 LEGACY PLACE,St George,Pottawatomie,KS,66535,785-494-2600,6/25/21,Home Of The Flint Hills 2
HOMESTEAD OF EL DORADO,N008009,RESIDENTIAL HEALTH CARE FACILITY,1650 E. 12TH AVENUE,El Dorado,Butler,KS,67042,316-321-7777,6/25/21,Homestead Of El Dorado
MEDICALODGES CLAY CENTER,N014004,NURSING FACILITY RESIDENTIAL HEALTH CARE FACILITY,"715 LIBERTY, PO BOX 517",Clay Center,Clay,KS,67432-517,785-632-5696,6/25/21,Medicalodges Clay Center
MEDICALODGES COLUMBUS,N011003,NURSING FACILITY RESIDENTIAL HEALTH CARE FACILITY,"101 LEE AVENUE, PO BOX 351",Columbus,Cherokee,KS,66725-351,620-429-2134,6/25/21,Medicalodges Columbus
MEDICALODGES GODDARD,N087012,NURSING FACILITY RESIDENTIAL HEALTH CARE FACILITY,501 EASY STREET,Goddard,Sedgwick,KS,67052-9235,316-794-8635,6/25/21,Medicalodges Goddard
MEDICALODGES KINSLEY,N024001,NURSING FACILITY RESIDENTIAL HEALTH CARE FACILITY,620 WINCHESTER AVE,Kinsley,Edwards,KS,67547,620-659-2156,6/25/21,Medicalodges Kinsley
MIDLAND CARE RESIDENTIAL CENTER,N089043,RESIDENTIAL HEALTH CARE FACILITYADULT DAY CARE,120 SW FRAZIER CIR,Topeka,Shawnee,KS,66606-2800,785-232-2044,6/25/21,Midland Care Residential Center
MISSION CHATEAU SENIOR LIVING COMMUNITY,N046101,RESIDENTIAL HEALTH CARE FACILITY,4100 W 85TH ST,Prairie Village,Johnson,KS,66206,913-490-7100,6/25/21,Mission Chateau Senior Living Community
MISSION VILLAGE LIVING CENTER INC,N007003,NURSING FACILITY RESIDENTIAL HEALTH CARE FACILITY,1890 EUCLID AVENUE,Horton,Brown,KS,66439-1247,785-486-2697,6/25/21,Mission Village Living Center Inc
MORNINGSIDE PLACE,N046083,RESIDENTIAL HEALTH CARE FACILITY,6921 W. 81ST STREET,Overland Park,Johnson,KS,66204,913-901-8500,6/25/21,Morningside Place
MOUNT JOSEPH SENIOR VILLAGE LLC,N015003,NURSING FACILITY RESIDENTIAL HEALTH CARE FACILITY,1110 W 11TH STREET,Concordia,Cloud,KS,66901-9203,785-243-1347,6/25/21,Mount Joseph Senior Village Llc
NEUVANT HOUSE OF LAWRENCE,N023021,RESIDENTIAL HEALTH CARE FACILITY,1216 BILTMORE DRIVE,Lawrence,Douglas,KS,66049,785-856-7900,6/25/21,Neuvant House Of Lawrence
OAK CREEK SENIOR CARE,N089002,RESIDENTIAL HEALTH CARE FACILITY,3224 SW 29TH STREET,Topeka,Shawnee,KS,66614,785-272-2601,6/25/21,Oak Creek Senior Care
OAKVIEW ESTATES,N019014,RESIDENTIAL HEALTH CARE FACILITY,316 WICKWARE DRIVE,Frontenac,Crawford,KS,66763-2202,620-232-3555,6/25/21,Oakview Estates
PARK MEADOWS MEMORY CARE,N046087,RESIDENTIAL HEALTH CARE FACILITY,5951 W. 107TH STREET,Overland Park,Johnson,KS,66207-3882,913-901-8200,6/25/21,Park Meadows Memory Care
PEABODY OPERATOR LLC,N057005,NURSING FACILITY RESIDENTIAL HEALTH CARE FACILITY,407 N LOCUST STREET,Peabody,Marion,KS,66866,620-983-2152,6/25/21,Peabody Health And Rehab
PEGGY KELLY HOUSE I,N089033,RESIDENTIAL HEALTH CARE FACILITY,2111 SW RANDOLPH AVENUE,Topeka,Shawnee,KS,66611,785-234-8888,6/25/21,Peggy Kelly House I
PEGGY KELLY HOUSE II,N089034,RESIDENTIAL HEALTH CARE FACILITY,1800 FAIRMONT ROAD,Topeka,Shawnee,KS,66604-3699,785-271-9594,6/25/21,Peggy Kelly House Ii
PENTA I LLC,N087087,RESIDENTIAL HEALTH CARE FACILITY,1500 S 183RD ST W,Goddard,Sedgwick,KS,67052,316-550-6383,6/25/21,Dove Estates Memory Haven
PINE VILLAGE,N059002,NURSING FACILITY RESIDENTIAL HEALTH CARE FACILITY,86 22ND AVENUE,Moundridge,Mcpherson,KS,67107,620-345-2901,6/25/21,Pine Village
PRESBYTERIAN MANORS INC,N014001,NURSING FACILITY RESIDENTIAL HEALTH CARE FACILITY,924 EIGHTH ST,Clay Center,Clay,KS,67432-2620,785-632-5646,6/25/21,Clay Center Presbyterian Manor
PRESBYTERIAN MANORS INC,N089018,NURSING FACILITY RESIDENTIAL HEALTH CARE FACILITY,4712 SW 6TH AVE,Topeka,Shawnee,KS,66606-2299,785-272-6510,6/25/21,Topeka Presbyterian Manor
PRESBYTERIAN MANORS INC,N023005,NURSING FACILITY RESIDENTIAL HEALTH CARE FACILITY,1429 KASOLD DR,Lawrence,Douglas,KS,66049-3425,785-841-4262,6/25/21,Lawrence Presbyterian Manor
SNH TOTO TENANT LLC,N046033,NURSING FACILITY RESIDENTIAL HEALTH CARE FACILITY,3501 W. 95TH STREET,Overland Park,Johnson,KS,66206,913-648-4500,6/25/21,The Forum At Overland Park
THE ARBORS AT MONTEREY VILLAGE,N023023,RESIDENTIAL HEALTH CARE FACILITY,3905 PETERSON ROAD,Lawrence,Douglas,KS,66049,785-371-9080,6/25/21,The Arbors At Monterey Village
THE ATRIUMS SENIOR LIVING COMMUNITY,N046062,RESIDENTIAL HEALTH CARE FACILITY,7300 W 107 ST,Overland Park,Johnson,KS,66212-,913-381-6000,6/25/21,The Atriums Senior Living Community
THE AUTUMN PLACE,N011008,RESIDENTIAL HEALTH CARE FACILITY,120 AARON LANE,Baxter Springs,Cherokee,KS,66713-1200,620-856-3999,6/25/21,The Autumn Place
THE AUTUMN PLACE,N011007,RESIDENTIAL HEALTH CARE FACILITY,311 S. EAST AVENUE,Columbus,Cherokee,KS,66725-2181,620-429-1011,6/25/21,The Autumn Place
THE AUTUMN PLACE MEMORY CARE UNIT,N011011,RESIDENTIAL HEALTH CARE FACILITY,315 S EAST AVENUE,Columbus,Cherokee,KS,66725,620-429-2212,6/25/21,The Autumn Place Memory Care Unit
THE HERITAGE OF OVERLAND PARK,N046082,RESIDENTIAL HEALTH CARE FACILITY,10101 W 127TH ST,Overland Park,Johnson,KS,66213-,913-912-7800,6/25/21,The Heritage Of Overland Park
THE RESIDENCIES AT PLEASANTON,N054005,RESIDENTIAL HEALTH CARE FACILITY,706 W. 15TH STREET,Pleasanton,Linn,KS,66075,913-352-6658,6/25/21,The Residencies At Pleasanton
THE VILLAGE AT MISSION LLC,N046049,NURSING FACILITY RESIDENTIAL HEALTH CARE FACILITY,7105 MISSION ROAD,Prairie Village,Johnson,KS,66208-3302,913-262-1611,6/25/21,The Village At Mission
THE WHEATLANDS HEALTH CARE CENTER,N048003,NURSING FACILITY RESIDENTIAL HEALTH CARE FACILITY,750 W WASHINGTON ST,Kingman,Kingman,KS,67068-2000,620-532-5801,6/25/21,The Wheatlands Health Care Center
VALLEY HEALTH CARE CENTER,N044002,MENTAL HEALTH NURSING FACILITY RESIDENTIAL HEALTH CARE FACILITY,PO BOX 189 400 12TH STREET,Valley Falls,Jefferson,KS,66088-189,785-945-3832,6/25/21,Valley Health Care Center
VALLEY VIEW SENIOR LIFE,N031003,NURSING FACILITY RESIDENTIAL HEALTH CARE FACILITY,1417 W. ASH STREET,Junction City,Geary,KS,66441-3332,785-762-2162,6/25/21,Valley View Senior Life
ACCORD SENIOR CARE INC ROCKWOOD,B087153,HOME PLUS,6807 E ROCKWOOD ROAD,Wichita,Sedgwick,KS,,316-927-2725,6/25/21,Accord Senior Care Inc Rockwood
ADVANCED CARE HOME PLUS,B087221,HOME PLUS,5501 POLO DRIVE,Wichita,Sedgwick,KS,,316-777-6477,6/25/21,Advanced Care Home Plus
AGAPE HOME PLUS LLC,B087245,HOME PLUS,6322 E PEACH TREE LANE,Wichita,Sedgwick,KS,,316-339-0076,6/25/21,Agape Home Plus Llc
ALMOST HOME INC,B005003,HOME PLUS,1919 VAN BUREN,Great Bend,Barton,KS,,620-617-1634,6/25/21,Almost Home Inc
AMANI HOME PLUS,B087231,HOME PLUS,1201 N PINECREST ST,Wichita,Sedgwick,KS,,316-305-4142,6/25/21,Amani Home Plus
AUTUMN HOME PLUS 2,B089087,HOME PLUS,720 NW WALNUT LANE,Topeka,Shawnee,KS,,785-232-0730,6/25/21,Autumn Home Plus 2
AUTUMN HOME PLUS 3,B089095,HOME PLUS,750 NW WALNUT LN,Topeka,Shawnee,KS,,785-232-0730,6/25/21,Autumn Home Plus 3
AUTUMN HOME PLUS INC,B089068,HOME PLUS,747 NW WALNUT LANE,Topeka,Shawnee,KS,,785-232-0730,6/25/21,Autumn Home Plus Inc
BETHEL HOUSE,B087145,HOME PLUS,1316 CHARLOTTE ST,Wichita,Sedgwick,KS,,316-440-4406,6/25/21,Bethel House
BRIDGE HAVEN ON ALVAMAR,B023017,HOME PLUS,2147 QUAIL CREEK DRIVE,Lawrence,Douglas,KS,,785-371-1106,6/25/21,Bridge Haven On Alvamar
BRIDGE HAVEN THREE,B023021,HOME PLUS,1701 RESEARCH PARK BLDG #3,Lawrence,Douglas,KS,,785-550-6162,6/25/21,Madel'S House
BRIDGE HAVEN VILLAGE,B023016,HOME PLUS,1701 RESEARCH PARK DRIVE,Lawrence,Douglas,KS,,785-371-1106,6/25/21,Bridge Haven Village
BRIDGE HAVEN VILLAGE TWO,B023019,HOME PLUS,1701 RESEARCH PARK DRIVE,Lawrence,Douglas,KS,,785-550-6168,6/25/21,Bridge Haven Village Two
CARE HAVEN HOMES  BROADMOOR,B046050,HOME PLUS,7001 W 69TH STREET,Overland Park,Johnson,KS,,913-643-0111,6/25/21,Care Haven Homes  Broadmoor
CARE HAVEN HOMES  FONTANA,B046039,HOME PLUS,10001 FONTANA,Overland Park,Johnson,KS,,913-643-0111,6/25/21,Care Haven Homes  Fontana
CARE HAVEN HOMES OVERBROOK,B046033,HOME PLUS,9833 OVERBROOK CT,Leawood,Johnson,KS,,913-643-0111,6/25/21,Care Haven Homes Overbrook
CARE HAVEN HOMES SOUTHMOOR,B046030,HOME PLUS,7010 W 69TH TERR,Overland Park,Johnson,KS,,913-643-0111,6/25/21,Care Haven Homes Southmoor
CARE HAVEN HOMES SUNFLOWER,B046052,HOME PLUS,9218 LEE BOULEVARD,Leawood,Johnson,KS,,913-643-0111,6/25/21,Care Haven Homes Sunflower
CARE HAVEN HOMES WYCKLOW,B046061,HOME PLUS,3 WYCKLOW STREET,Overland Park,Johnson,KS,,913-643-0111,6/25/21,Care Haven Homes Wycklow
CARE TOUCH HOMES PLUS LLC,B046060,HOME PLUS,11206 W 72ND TERRACE,Shawnee,Johnson,KS,,913-850-3139,6/25/21,Care Touch Homes Plus Llc
CHENEY GOLDEN AGE HOME PLUS,B087183,HOME PLUS,802 NORTH MAIN STREET,Cheney,Sedgwick,KS,,316-540-3691,6/25/21,Cheney Golden Age Home Plus
CHRIST CARE HOME PLUS LLC,B087215,HOME PLUS,7901 W JENNIE STREET,Wichita,Sedgwick,KS,,316-308-6488,6/25/21,Christ Care Home Plus Llc
CLOVER CARE,B046049,HOME PLUS,6320 ZARDA DRIVE,Shawnee,Johnson,KS,,913-991-2605,6/25/21,Clover Care
COMFORT CARE HOMES INC,B087248,HOME PLUS,8629 W 29TH ST N,Wichita,Sedgwick,KS,,316-685-3322,6/25/21,Comfort Care Homes 29Th #2
COMFORT CARE HOMES INC,B087247,HOME PLUS,8631 W 29TH ST N,Wichita,Sedgwick,KS,,316-685-3322,6/25/21,Comfort Care Homes Inc 29Th #1
COMFORT CARE HOMES INC #147,B087100,HOME PLUS,147 S RIDGEWOOD DRIVE,Wichita,Sedgwick,KS,,316-685-3322,6/25/21,Comfort Care Homes Inc #147
COMFORT CARE HOMES INC #219,B087206,HOME PLUS,219 S MORNINGSIDE ST,Wichita,Sedgwick,KS,,316-685-3322,6/25/21,Comfort Care Homes Inc #219
COMFORT CARE HOMES INC #441,B087095,HOME PLUS,441 S MORNINGSIDE ST,Wichita,Sedgwick,KS,,316-685-3322,6/25/21,Comfort Care Homes Inc #441
COMFORT CARE HOMES INC #509,B087126,HOME PLUS,509 N TALLYRAND STREET,Wichita,Sedgwick,KS,,316-685-3322,6/25/21,Comfort Care Homes Inc #509
COMFORT CARE HOMES INC #557,B087186,HOME PLUS,557 N ARMOUR,Wichita,Sedgwick,KS,,316-685-3322,6/25/21,Comfort Care Homes Inc #557
COMFORT CARE HOMES INC #641,B087125,HOME PLUS,641 N BROADMOOR AVE,Wichita,Sedgwick,KS,,316-685-3322,6/25/21,Comfort Care Homes Inc #641
COMFORT CARE HOMES OF KANSAS CITY LLC,B046066,HOME PLUS,9631 DELMAR STREET,Overland Park,Johnson,KS,,816-830-9767,6/25/21,Comfortcare Homes Kc-Delmar
COMFORTCARE HOMES MILLIES PLACE,B019002,HOME PLUS,803 LAKEVIEW DR,Pittsburg,Crawford,KS,,620-308-6520,6/25/21,Comfortcare Homes Millies Place
COMFORTCARE HOMES OF BALDWIN CITY LLC,B023014,HOME PLUS,232 ELM STREET,Baldwin City,Douglas,KS,,785-594-2603,6/25/21,Comfortcare Homes Of Baldwin City Llc
COMFORTCARE HOMES OF HARVEY COUNTY ANNABELLES COTTAGE,B040003,HOME PLUS,1508 TERRACE DRIVE,Newton,Harvey,KS,,316-333-1406,6/25/21,Comfortcare Homes Of Harvey County Annabelles Cottage
COMFORTCARE HOMES OF HARVEY COUNTY LLC MAMA GS HOUSE,B040001,HOME PLUS,1504 TERRACE DRIVE,Newton,Harvey,KS,,316-804-7220,6/25/21,Comfortcare Homes Of Harvey County Llc Mama Gs House
COMFORTCARE HOMES OF KANSAS CITY LLC,B046032,HOME PLUS,10205 HOWE DRIVE,Leawood,Johnson,KS,,913-381-2580,6/25/21,Comfortcare Homes Kc - Howe Llc
COMFORTCARE HOMES OF KANSAS CITY LLC,B046031,HOME PLUS,9825 OVERBROOK ROAD,Leawood,Johnson,KS,,913-341-5547,6/25/21,Comfortcare Homes Of Kc - Overbrook Llc
COMFORTCARE HOMES OF OTTAWA LLC,B030013,HOME PLUS,27 E ROCKWOOD DRIVE,Ottawa,Franklin,KS,,785-.59-4.26,6/25/21,Comfortcare Homes Of Ottawa Llc
COMFORTCARE HOMES OF PITTSBURG LLC COLLEENS COTTAGE,B019004,HOME PLUS,704 LAKEVIEW DRIVE,Pittsburg,Crawford,KS,,620-308-6520,6/25/21,Comfortcare Homes Of Pittsburg Llc Colleens Cottage
COMPASSIONATE CARE WEST,B087167,HOME PLUS,968 N TYLER RD,Wichita,Sedgwick,KS,,316-440-4167,6/25/21,Compassionate Care West
COUNTRY LIVING OF LARNED HOME PLUS,B073001,HOME PLUS,710 WEST 9TH STREET,Larned,Pawnee,KS,,620-285-6212,6/25/21,Country Living Of Larned Home Plus
COUNTRY LIVING OF LARNED HOME PLUS II,B073002,HOME PLUS,712 WEST 9TH,Larned,Pawnee,KS,,620-285-6900,6/25/21,Country Living Of Larned Home Plus Ii
COUNTRY PLACE MEMORY CARE OF CHANUTE,B067003,HOME PLUS,705 OSA MARTIN BLVD,Chanute,Neosho,KS,,620-431-0599,6/25/21,Country Place Memory Care Of Chanute
COUNTRY PLACE MEMORY CARE OF FORT SCOTT,B006006,HOME PLUS,822 S HORTON STREET,Fort Scott,Bourbon,KS,,620-223-1822,6/25/21,Country Place Memory Care Of Fort Scott
COVENANT CARE SENIOR LIVING,B087158,HOME PLUS,14422 TWINLAKE DRIVE,Wichita,Sedgwick,KS,,316-655-9996,6/25/21,Covenant Care Senior Living
DC DEFENSE SYSTEMS LLC,B089101,HOME PLUS,1920 SW 32ND ST,Topeka,Shawnee,KS,,785-408-1559,6/25/21,Providence Homes Plus
DIVINE CARE HOMES LLC,B087195,HOME PLUS,5319 S SPRUCE STREET,Wichita,Sedgwick,KS,,316-796-4147,6/25/21,Divine Care Homes Llc
ELDER LIVING LLC,B005004,HOME PLUS,155 NW 10TH AVE,Great Bend,Barton,KS,,620-617-4096,6/25/21,Aster Estates
ELLINWOOD COUNTRY LIVING,B005001,HOME PLUS,302 N. MAIN STREET,Ellinwood,Barton,KS,,620-564-2100,6/25/21,Ellinwood Country Living
EMERALD SENIORS LLC,B087210,HOME PLUS,1226 S BYRON ROAD,Wichita,Sedgwick,KS,,316-258-1883,6/25/21,Emerald Seniors Llc
FREMONT HOME PLUS LLC,B087246,HOME PLUS,2062 N GARNETT ST,Wichita,Sedgwick,KS,,316-305-7405,6/25/21,Fremont Home Plus Llc
FUSION SENIOR CARE HOMES LLC,B087218,HOME PLUS,512 N BEBE STREET,Wichita,Sedgwick,KS,,774-361-4056,6/25/21,Fusion Senior Care Homes Llc
GARDEN CITY SR OPERATIONS LLC,B028002,HOME PLUS,2002 LABRADOR BLVD,Garden City,Finney,KS,,620-290-0469,6/25/21,The Cottages Senior Care Living Of Garden City
GENERATIONS HOME PLUS,B018003,HOME PLUS,28550 121ST RD,Arkansas City,Cowley,KS,,620-660-0938,6/25/21,Generations Home Plus
GOLDEN BOOMERS 2,B087242,HOME PLUS,6900 STONEGATE ST,Wichita,Sedgwick,KS,,316-730-3110,6/25/21,Golden Boomers 2
GOLDEN BOOMERS HOME PLUS LLC,B087216,HOME PLUS,6953 E KENTFORD CIRCLE,Wichita,Sedgwick,KS,,316-730-3110,6/25/21,Golden Boomers Home Plus Llc
GOLDEN OAKS,B089092,HOME PLUS,11701 W 60TH PLACE,Shawnee,Johnson,KS,,913-717-6257,6/25/21,Golden Oaks
GOSHEN HOME CARE INC,B046036,HOME PLUS,9939 FOSTER STREET,Overland Park,Johnson,KS,,913-341-2724,6/25/21,Goshen Home Care Inc
GRACE COTTAGE LLC,B087219,HOME PLUS,531 N CRESTLINE,Wichita,Sedgwick,KS,,316-990-2366,6/25/21,Grace Cottage Llc
GRACEFUL HOME LLC,B089098,HOME PLUS,3100 SE ILLINOIS AVE,Topeka,Shawnee,KS,,785-424-2785,6/25/21,Graceful Home Llc
HARMONY ADULT HOME PLUS,B059013,HOME PLUS,1108 EAST SIMPSON STREET,Mcpherson,Mcpherson,KS,,620-242-7981,6/25/21,Harmony Adult Home Plus
HARMONY HOUSE HOME PLUS LLC,B087240,HOME PLUS,400 N PETERSON AVE,Wichita,Sedgwick,KS,,316-351-1148,6/25/21,Harmony House Home Plus Llc
HAVEN HOUSE,B078029,HOME PLUS,410 NORTH RENO AVENUE,Haven,Reno,KS,,620-465-2421,6/25/21,Haven House
HEART TO HEART HOME PLUS,B030008,HOME PLUS,3600 COLORADO ROAD,Pomona,Franklin,KS,,785-241-0023,6/25/21,Heart To Heart Home Plus
HEARTLAND HAVEN HOME PLUS,B059012,HOME PLUS,1345 CHEROKEE ROAD,Inman,Mcpherson,KS,,620-585-6908,6/25/21,Heartland Haven Home Plus
HEARTLAND MEADOWS LLC,B001001,HOME PLUS,1727 OREGON ROAD,Iola,Allen,KS,,620-228-5200,6/25/21,Heartland Meadows Llc
HILLSDALE PLACE LLC,B089086,HOME PLUS,1402 SW LANCASTER STREET,Topeka,Shawnee,KS,,785-783-7762,6/25/21,Hillsdale Place Llc
HILLSIDE GUEST HOME,B006003,HOME PLUS,1115 227TH STREET,Fort Scott,Bourbon,KS,,620-223-6132,6/25/21,Hillside Guest Home
HOME AGAIN SENIOR LIVING LLC,B049001,HOME PLUS,321 N MAIN STREET,Haviland,Kiowa,KS,,620-862-5867,6/25/21,Home Again Senior Living Llc
HOMESTEAD ESTATES HOME PLUS,B088002,HOME PLUS,1140 S PERSHING AVE,Liberal,Seward,KS,,620-626-5672,6/25/21,Homestead Estates Home Plus
HORTON HOUSE,B006004,HOME PLUS,1126 S HORTON,Fort Scott,Bourbon,KS,,660-644-5019,6/25/21,Horton House
JOHNSONVILLE CARE HOME,B105138,HOME PLUS,2213 N. 22ND STREET,Kansas City,Wyandotte,KS,,913-371-0701,6/25/21,Johnsonville Care Home
JOHNSONVILLE HOME LLC,B105114,HOME PLUS,2419 N 22ND STREET,Kansas City,Wyandotte,KS,,913-371-3995,6/25/21,Johnsonville Home Llc
JOY HOME,B096017,HOME PLUS,"419 N PACIFIC STREET, PO BOX 26",Oxford,Sumner,KS,,620-455-3224,6/25/21,Joy Home
"KARAWAY, LLC",B089091,HOME PLUS,1815 SW WESTWOOD CIRCLE,Topeka,Shawnee,KS,,785-608-4535,6/25/21,"Karaway, Llc"
KEEPSAKE KOTTAGE #2,B087226,HOME PLUS,6412 E MARJORIE,Wichita,Sedgwick,KS,,316-650-4526,6/25/21,Keepsake Kottage #2
KEEPSAKE KOTTAGE #3,B087228,HOME PLUS,1411 S. MAIZE RD,Wichita,Sedgwick,KS,,316-650-4526,6/25/21,Keepsake Kottage #3
KEEPSAKE KOTTAGE LLC,B008005,HOME PLUS,15834 SW BUTLER ROAD,Rose Hill,Butler,KS,,316-350-6713,6/25/21,Keepsake Kottage Llc #1
KEEPSAKE KOTTAGE LLC,B087252,HOME PLUS,2940 W RIVER PARK DR,Wichita,Sedgwick,KS,,316-650-4526,6/25/21,Keepsake Kottage #4
KELLY HOUSE OF MERIDEN NORTH,B044001,HOME PLUS,6313 HIGHWAY K-4,Meriden,Jefferson,KS,,785-484-0100,6/25/21,Kelly House Of Meriden North
KELLY HOUSE OF MERIDEN SOUTH,B044002,HOME PLUS,3566 62ND STREET,Meriden,Jefferson,KS,,785-484-2165,6/25/21,Kelly House Of Meriden South
LEGACY LIVING LLC,B011004,HOME PLUS,445 E 10TH STREET,Baxter Springs,Cherokee,KS,,620-856-2756,6/25/21,Legacy Living Llc
LEISURE HOMESTEAD AT STAFFORD,N093002,NURSING FACILITYHOME PLUS,405 GRAND AVENUE,Stafford,Stafford,KS,,620-234-5208,6/25/21,Leisure Homestead At Stafford
LOIS HOUSE LLC,B087241,HOME PLUS,2734 N WELLESLEY,Wichita,Sedgwick,KS,,316-409-2276,6/25/21,Lois House Llc
LOVING CARE OF MCPHERSON,B059006,HOME PLUS,1411 DOVER ROAD,Mcpherson,Mcpherson,KS,,620-718-5047,6/25/21,Loving Care Of Mcpherson
LOVING HEARTS LLC,B087201,HOME PLUS,2311 W WESTPORT ST,Wichita,Sedgwick,KS,,316-239-6726,6/25/21,Loving Hearts Llc
MANHATTAN RETIREMENT FOUNDATION INC,B081001,HOME PLUS,7621 FALCON RD,Riley,Riley,KS,,785-485-2777,6/25/21,Meadowlark Riley House
MANHATTAN RETIREMENT FOUNDATION INC,B081002,HOME PLUS,120 N SCENIC DRIVE,Manhattan,Riley,KS,,785-317-8435,6/25/21,Meadowlark Scenic House
MARJORIES HOME LLC,B087162,HOME PLUS,14601 TIMBER LAKE ROAD,Wichita,Sedgwick,KS,,316-260-1234,6/25/21,Marjories Home Llc
MARJORIES HOME LLC GP,B087199,HOME PLUS,524 N MAIN STREET,Garden Plain,Sedgwick,KS,,316-213-9816,6/25/21,Marjories Home Llc Gp
MARJORIES HOME OF KINGMAN LLC,B048002,HOME PLUS,1211 W KELLY AVENUE,Kingman,Kingman,KS,,316-648-3368,6/25/21,Marjories Home Of Kingman Llc
MEADOWLARK ADULT CARE HOME 2,B087135,HOME PLUS,254 S  ROBIN ROAD,Wichita,Sedgwick,KS,,316-773-2277,6/25/21,Meadowlark Adult Care Home 2
MEADOWLARK ADULT CARE HOME 3,B087141,HOME PLUS,11216 W. MAPLE STREET,Wichita,Sedgwick,KS,,316-773-2277,6/25/21,Meadowlark Adult Care Home 3
MEADOWLARK ADULT CARE HOME 4,B087147,HOME PLUS,1425 LEECREST STREET,Wichita,Sedgwick,KS,,316-773-2277,6/25/21,Meadowlark Adult Care Home 4
MEADOWLARK ADULT CARE HOME 6,B087178,HOME PLUS,10001 W. 12TH STREET NORTH,Wichita,Sedgwick,KS,,316-773-2277,6/25/21,Meadowlark Adult Care Home 6
MEMORY VILLAGE OF OVERLAND PARK LLC,B046078,HOME PLUS,12640 W 137TH ST,Overland Park,Johnson,KS,,913-730-3700,6/25/21,Maggie'S Place At Colonial Village Building 3
MEMORY VILLAGE OF OVERLAND PARK LLC,B046077,HOME PLUS,12650 W 137TH ST,Overland Park,Johnson,KS,,913-730-3700,6/25/21,Maggie'S Place At Colonial Village Building 2
MEMORY VILLAGE OF OVERLAND PARK LLC,B046076,HOME PLUS,12620 W 137TH ST,Overland Park,Johnson,KS,,913-730-3700,6/25/21,Maggie'S Place At Colonial Village Building 1
MEMORY VILLAGE OF OVERLAND PARK LLC,B046080,HOME PLUS,12600 W 137TH ST,Overland Park,Johnson,KS,,913-730-3700,6/25/21,Maggie'S Place At Colonial Village Building 5
MEMORY VILLAGE OF OVERLAND PARK LLC,B046079,HOME PLUS,12630 W 137TH ST,Overland Park,Johnson,KS,,913-730-3700,6/25/21,Maggie'S Place At Colonial Village Building 4
MORNINGSTAR CARE HOMES AT DUNN'S VISTA,B023020,HOME PLUS,424 WASHINGTON STREET,Baldwin City,Douglas,KS,,785-.59-4.26,6/25/21,Morningstar Care Homes At Dunn'S Vista
NEW LIFE HOME PLUS LLC,B087239,HOME PLUS,1214 N CHARLOTTE STREET,Wichita,Sedgwick,KS,,316-247-2209,6/25/21,New Life Home Plus Llc
OAKLEY #3,B089096,HOME PLUS,3314 SW FRONT,Topeka,Shawnee,KS,,785-783-2128,6/25/21,Oakley #3
OAKLEY PLACE #1,B089081,HOME PLUS,618 SW OAKLEY,Topeka,Shawnee,KS,,785-221-7740,6/25/21,Oakley Place #1
OAKLEY PLACE #2,B089082,HOME PLUS,"618 SW OAKLEY AVENUE, SUITE B",Topeka,Shawnee,KS,,785-221-7740,6/25/21,Oakley Place #2
OAKLEY PLACE OF ROSSVILLE,B089089,HOME PLUS,590 INDUSTRIAL TRAFFICWAY,Rossville,Shawnee,KS,,785-584-6075,6/25/21,Oakley Place Of Rossville
OAKLEY PLACE OF SENECA,B066002,HOME PLUS,1306 BRANCH ST,Seneca,Nemaha,KS,,785-334-6000,6/25/21,Oakley Place Of Seneca
OUR HOME SENIOR CARE,B089093,HOME PLUS,5745 ROSEHILL RD,Shawnee,Johnson,KS,,913-296-3136,6/25/21,Our Home Senior Care
PEACE OF MIND HOME PLUS,B008003,HOME PLUS,400 E. SCHOOL,Rose Hill,Butler,KS,,316-260-7046,6/25/21,Peace Of Mind Home Plus
PEACE OF MIND LLC II,B087196,HOME PLUS,"223 N BURR OAK ROAD, PO BOX 173",Wichita,Sedgwick,KS,,316-295-4538,6/25/21,Peace Of Mind Llc Ii
PLATINUM CARE HOMES,B087203,HOME PLUS,5701 E. 17TH NORTH,Wichita,Sedgwick,KS,,316-618-0584,6/25/21,Platinum Care Homes
PLEASANT HILLS,B078030,HOME PLUS,2500 PLEASANT HILLS PARKWAY,Hutchinson,Reno,KS,,620-665-6639,6/25/21,Pleasant Hills
PRAIRIE ELDER HOMES  HARMONY HOUSE,B046059,HOME PLUS,11865 W 155TH TERRACE,Overland Park,Johnson,KS,,913-257-5425,6/25/21,Prairie Elder Homes  Harmony House
PRAIRIE WIND SENIOR LIVING,B089084,HOME PLUS,5227 SE 77TH STREET,Berryton,Shawnee,KS,,785-862-5318,6/25/21,Prairie Wind Senior Living
PRECIOUS GEMS HOMES  LLC,B087229,HOME PLUS,512 HORSESHOE BEND,Maize,Sedgwick,KS,,316-977-8875,6/25/21,Precious Gems Homes  Llc
PRECIOUS GEMS HOMES PLUS LLC,B087116,HOME PLUS,5502 POLO DRIVE,Wichita,Sedgwick,KS,,316-686-8098,6/25/21,Precious Gems Homes  At Polo Dr
PREMIER LIVING BY WARDEN LLC,B087119,HOME PLUS,234 S ANNA STREET,Wichita,Sedgwick,KS,,316-945-2028,6/25/21,Premier Living By Warden Llc
PREMIER LIVING BY WARDEN LLC 2,B087217,HOME PLUS,754 N MCCOMAS AVENUE,Wichita,Sedgwick,KS,,316-945-2028,6/25/21,Premier Living By Warden Llc 2
PREMIER LIVING BY WARDEN LLC 4,B087142,HOME PLUS,1229 S BYRON ROAD,Wichita,Sedgwick,KS,,316-945-2028,6/25/21,Premier Living By Warden Llc 4
PROGRESSIVE CARE HOME PLUS LLC,B071002,HOME PLUS,513 MILL STREET,Alton,Osborne,KS,,785-984-2290,6/25/21,Progressive Care Home Plus Llc
RAINBOW CARE HOMES LLC,B087251,HOME PLUS,1858 S GREENWAY BLVD,Wichita,Sedgwick,KS,,316-721-1010,6/25/21,Rainbow Greenway
REFLECTION LIVING LLC,B087146,HOME PLUS,1377 N IROQUOIS ROAD,Wichita,Sedgwick,KS,,316-992-2119,6/25/21,Reflection Living Llc
REFLECTION LIVING MAIZE COURT 1,B087189,HOME PLUS,623 S. MAIZE COURT,Wichita,Sedgwick,KS,,316-680-4724,6/25/21,Reflection Living Maize Court 1
REFLECTION LIVING MAIZE COURT 2,B087188,HOME PLUS,625 S. MAIZE COURT,Wichita,Sedgwick,KS,,316-680-4724,6/25/21,Reflection Living Maize Court 2
REFLECTION LIVING MAIZE COURT 3,B087194,HOME PLUS,619 S. MAIZE COURT,Wichita,Sedgwick,KS,,316-680-4724,6/25/21,Reflection Living Maize Court 3
REFLECTION LIVING OF HIDDEN LAKES LLC,B087155,HOME PLUS,550 CIRCLE LAKE,Wichita,Sedgwick,KS,,316-425-5531,6/25/21,Reflection Living Of Hidden Lakes Llc
REFLECTIONS AT PARK WEST PLAZA,B087144,HOME PLUS,515 N. MAIZE ROAD,Wichita,Sedgwick,KS,,316-729-4114,6/25/21,Reflections At Park West Plaza
RESIDENCE BEGONIA HOME PLUS,B087205,HOME PLUS,8327 EAST ZIMMERLY STREET,Wichita,Sedgwick,KS,,316-312-3237,6/25/21,Residence Begonia Home Plus
RESIDENCE BEGONIA II AT CRESTVIEW,B087209,HOME PLUS,15 CRESTVIEW LAKE ESTATES,Wichita,Sedgwick,KS,,316-616-5306,6/25/21,Residence Begonia Ii At Crestview
REST WELL HOME PLUS,B044004,HOME PLUS,508 UNION ST,Oskaloosa,Jefferson,KS,,785-249-0800,6/25/21,Rest Well Home Plus
RL DODGE CITY I LLC,B029001,HOME PLUS,2800 6TH STREET,Dodge City,Ford,KS,,620-371-3839,6/25/21,Rl Dodge City I Llc
RL FOUNTAINWOOD 1,B040002,HOME PLUS,2004 FOUNTAINWOOD STREET,Hutchinson,Harvey,KS,,316-992-2119,6/25/21,Rl Fountainwood 1
RL FOUNTAINWOOD 2,B078031,HOME PLUS,2000 FOUNTAINWOOD,Hutchinson,Reno,KS,,316-992-2119,6/25/21,Rl Fountainwood 2
RL KANSAS CITY I LLC,B046072,HOME PLUS,7170 SILVERHEEL STREET,Shawnee,Johnson,KS,,816-588-3996,6/25/21,Reflection Living Shawnee Baum House
ROSEWOOD COTTAGE LLC,B087243,HOME PLUS,5516 POLO DR,Wichita,Sedgwick,KS,,316-300-7606,6/25/21,Rosewood Cottage Llc
RUBLE RANCH,B070004,HOME PLUS,509 WESTERN HEIGHTS,Overbrook,Osage,KS,,785-224-3453,6/25/21,Ruble Ranch
SENIORCARE HOMES NANTUCKET HOUSE,B046045,HOME PLUS,15100 ENGLAND ST,Overland Park,Johnson,KS,,913-236-0036,6/25/21,Seniorcare Homes Nantucket House
SENIORCARE HOMES NEWPORT HOUSE,B046042,HOME PLUS,10301 SAGAMORE ROAD,Leawood,Johnson,KS,,913-236-0036,6/25/21,Seniorcare Homes Newport House
SENIORCARE HOMES TED HERSEY HOUSE,B046063,HOME PLUS,10419 LEE BLVD.,Leawood,Johnson,KS,,913-236-0036,6/25/21,Seniorcare Homes Ted Hersey House
SENIORCARE HOMES VINEYARD HOUSE,B046054,HOME PLUS,7611 W 98TH TERRACE,Overland Park,Johnson,KS,,913-907-9468,6/25/21,Seniorcare Homes Vineyard House
SENIORCARE HOMES WAVENY PARK HOUSE,B046040,HOME PLUS,6918 W 68TH ST,Overland Park,Johnson,KS,,913-236-0036,6/25/21,Seniorcare Homes Waveny Park House
SERENITY SENIOR CARE LLC,B023022,HOME PLUS,1126 HILLTOP DR,Lawrence,Douglas,KS,,785-393-2689,6/25/21,Serenity Senior Care Llc
SHAWNEE HEALTH AND REHAB LLC,B046069,HOME PLUS,13509 W 67TH STREET,Shawnee,Johnson,KS,,913-268-2956,6/25/21,The Cottages At Shawnee
SLCG HOISINGTON LLC,B005002,HOME PLUS,520 N VINE STREET,Hoisington,Barton,KS,,620-653-4121,6/25/21,Country Place Memory Care Of Hoisington
SOUTH WIND HOME,B076002,HOME PLUS,496 YUCCA LANE,Pratt,Pratt,KS,,620-933-2060,6/25/21,South Wind Home
SPARKLING FOUNTAIN OF LOVE ADULT CARE HOMES LLC,B046068,HOME PLUS,8525 SWITZER RD,Overland Park,Johnson,KS,,913-963-6890,6/25/21,Sparkling Fountain Homes
STAR LIVING LLC,B023018,HOME PLUS,3911 W 13TH STREET,Lawrence,Douglas,KS,,785-691-8803,6/25/21,Star Living Llc
STRATFORD HOME,B087184,HOME PLUS,1425 N. STRATFORD LANE,Wichita,Sedgwick,KS,,316-425-5509,6/25/21,Stratford Home
SUNFLOWER CARE HOMES LLC,B056002,HOME PLUS,2301 DELANE DR,Emporia,Lyon,KS,,620-208-6670,6/25/21,Delane House
SUNFLOWER CARE HOMES LLC,B056001,HOME PLUS,424 MARKET ST,Emporia,Lyon,KS,,620-794-1945,6/25/21,Sunflower Care Homes Llc
TAMMY THE PRO LLC,B089073,HOME PLUS,4304 SW 17TH STREET,Topeka,Shawnee,KS,,785-783-8398,6/25/21,Tammy The Pro Llc
THE BOGART HOUSE LLC I,B089072,HOME PLUS,1902 SW LANE ST,Topeka,Shawnee,KS,,785-383-1152,6/25/21,The Bogart House Llc I
THE BOGART HOUSE LLC II,B089080,HOME PLUS,3535 SW 6TH ST,Topeka,Shawnee,KS,,785-969-3536,6/25/21,The Bogart House Llc Ii
THE FIELDS OF BROOKSIDE RETIREMENT COMMUNITY,B070002,HOME PLUS,402 ASH ST,Overbrook,Osage,KS,,785-224-9488,6/25/21,The Fields Of Brookside Retirement Community
THE LIGHTHOUSE,B058003,HOME PLUS,1189 HWY 77,Marysville,Marshall,KS,,785-562-7980,6/25/21,The Lighthouse
THE PINES INC,B043003,HOME PLUS,725 IOWA AVENUE,Holton,Jackson,KS,,785-364-3314,6/25/21,The Pines Inc
THE PINES OF HIAWATHA SOUTH,B007004,HOME PLUS,1480 230TH ST,Hiawatha,Brown,KS,,785-740-7463,6/25/21,The Pines Of Hiawatha South
THE PINES SOUTH,B043004,HOME PLUS,14005 214TH ROAD,Holton,Jackson,KS,,785-364-0106,6/25/21,The Pines South
THE PRAIRIE ELDER HOMES,B046056,HOME PLUS,15354 QUIVIRA,Overland Park,Johnson,KS,,913-257-5425,6/25/21,The Prairie Elder Homes
THE PRAIRIE FARMSTEAD EAST,B046064,HOME PLUS,12441 W. 151ST STREET,Overland Park,Johnson,KS,,913-257-5425,6/25/21,The Prairie Farmstead East
THE PRAIRIE FARMSTEAD WEST,B046065,HOME PLUS,12481 W. 151ST STREET,Overland Park,Johnson,KS,,913-257-5425,6/25/21,The Prairie Farmstead West
THE WILLOW HOUSE,B026002,HOME PLUS,2900 WILLOW STREET,Hays,Ellis,KS,,785-621-4959,6/25/21,The Willow House
TOPCARE HOME PLUS LLC,B046075,HOME PLUS,20687 W 125TH CT,Olathe,Johnson,KS,,908-938-9793,6/25/21,Topcare Home Plus Llc
TRUSTING HANDS CARE HOME LLC,B087253,HOME PLUS,303 N TYLER,Wichita,Sedgwick,KS,,316-650-7582,6/25/21,Trusting Hands Care Home Llc
TWO TIMBERS LLC,B022001,HOME PLUS,101 EAST VIRGINIA STREET,Highland,Doniphan,KS,,785-442-4444,6/25/21,Two Timbers Llc
ULTRA CARE HOME PLUS,B087220,HOME PLUS,11537 E. HARRY STREET,Wichita,Sedgwick,KS,,316-990-5476,6/25/21,Ultra Care Home Plus
ULTRA CARE HOME PLUS LLC 2,B087234,HOME PLUS,2355 S BEDFORD ST,Wichita,Sedgwick,KS,,316-990-5476,6/25/21,Ultra Care Home Plus Llc 2
ULTRA CARE HOME PLUS LLC 3,B087254,HOME PLUS,1532 S CREEKSIDE CT,Wichita,Sedgwick,KS,,316-990-5476,6/25/21,Ultra Care Home Plus Llc 3
UNIFIED CARE HOME INC,B087237,HOME PLUS,5705 E ROCKHILL,Wichita,Sedgwick,KS,,316-558-3605,6/25/21,Unified Care Home Inc
UNITED METHODIST HOME INC,N089068,ASSISTED LIVING FACILITYHOME PLUSADULT DAY CARE,7220 SW ASBURY DR,Topeka,Shawnee,KS,,785-478-9440,6/25/21,Aldersgate Village
WELLSPRINGS OF GARDEN PLAIN,B087185,HOME PLUS,101 W AVENUE C,Garden Plain,Sedgwick,KS,,316-867-4111,6/25/21,Wellsprings Of Garden Plain
WELLSPRINGS OF WICHITA #2,B087236,HOME PLUS,6403 E MARJORIE LN,Wichita,Sedgwick,KS,,316-390-3816,6/25/21,Wellsprings Of Wichita #2
WELLSPRINGS OF WICHITA LLC,B087137,HOME PLUS,6311 E MARJORIE ST,Wichita,Sedgwick,KS,,316-867-4111,6/25/21,Wellsprings Of Wichita Llc
WHEAT HAVEN HOME LLC,B077001,HOME PLUS,304 MARION AVE,Mcdonald,Rawlins,KS,,785-899-9009,6/25/21,Wheat Haven Home Llc
WILLOW,B022002,HOME PLUS,2125 HWY 36,Wathena,Doniphan,KS,,816-244-9233,6/25/21,Willow
WINTER MEADOW HOMES I,B089070,HOME PLUS,2832 SW MULVANE ST,Topeka,Shawnee,KS,,785-234-2989,6/25/21,Winter Meadow Homes I
WINTER MEADOW HOMES OF CARBONDALE,B070003,HOME PLUS,13450 S. TOPEKA AVENUE,Carbondale,Osage,KS,,785-836-7113,6/25/21,Winter Meadow Homes Of Carbondale
