Facility Name,State Facility Type 1 Literal,License Number,State Facility Type 2 Literal,Address,State,County,Phone Number,Capacity,Date Accessed
A & J Care Home,RESIDENTIAL FACILITY FOR GROUPS,49-AGC-37,"CHRONIC ILLNESS, MENTAL ILLNESS, RESIDENTIAL FACILITY FOR ELDERLY OR DISABLED PERSONS",5217 W GOWAN ROAD LAS VEGAS NV 89130-3118,NV,Clark,702-645-2291,7,6/29/21
A Benevolent Heart Care Home,RESIDENTIAL FACILITY FOR GROUPS,9793-AGC-1,"ALZHEIMER DISEASE, RESIDENTIAL FACILITY FOR ELDERLY OR DISABLED PERSONS",508 PEARBERRY AVENUE LAS VEGAS NV 89123,NV,Clark,702-807-9971,9,6/29/21
A Good Old Days Home Care Ii,RESIDENTIAL FACILITY FOR GROUPS,8927-AGC-3,"CHRONIC ILLNESS, MENTAL ILLNESS, INDIVIDUALS WITH INTELLECTUAL DISABILITES, RESIDENTIAL FACILITY FOR ELDERLY OR DISABLED PERSONS",4205 MIRA LOMA DR RENO NV 89502,NV,Washoe,775-315-9503,8,6/29/21
A Precious Gems Adult Care,RESIDENTIAL FACILITY FOR GROUPS,3171-AGC-23,"MENTAL ILLNESS, RESIDENTIAL FACILITY FOR ELDERLY OR DISABLED PERSONS",1733 HUNTERS BLUFF DRIVE NORTH LAS VEGAS NV 89032,NV,Clark,702-636-5501,7,6/29/21
A R C H Of Las  Vegas,RESIDENTIAL FACILITY FOR GROUPS,2311-AGC-30,ALZHEIMER DISEASE,9483 LIGHTNING BAY CT LAS VEGAS NV 89123,NV,Clark,702-616-2588,6,6/29/21
A Summerdale Homes @ Riata Llc,RESIDENTIAL FACILITY FOR GROUPS,4241-AGC-21,RESIDENTIAL FACILITY FOR ELDERLY OR DISABLED PERSONS,14315 RIATA CIRCLE RENO NV 89521,NV,Washoe,775-851-4185,8,6/29/21
A Summerdale Homes @ Ribeiro Llc,RESIDENTIAL FACILITY FOR GROUPS,2194-AGC-31,RESIDENTIAL FACILITY FOR ELDERLY OR DISABLED PERSONS,1868 RIBEIRO CIRCLE RENO NV 89503,NV,Washoe,775-746-1949,6,6/29/21
Abington Manor,RESIDENTIAL FACILITY FOR GROUPS,3062-AGC-25,ALZHEIMER DISEASE,478 PEARBERRY AVE LAS VEGAS NV 89183,NV,Clark,702-837-6968,6,6/29/21
Absolute Circle Of Care Ackerman,RESIDENTIAL FACILITY FOR GROUPS,3980-AGC-21,"ALZHEIMER DISEASE, RESIDENTIAL FACILITY FOR ELDERLY OR DISABLED PERSONS",7385 ACKERMAN AVE LAS VEGAS NV 89131,NV,Clark,702-655-1544,10,6/29/21
Acacia Oasis,RESIDENTIAL FACILITY FOR GROUPS,8944-AGC-3,RESIDENTIAL FACILITY FOR ELDERLY OR DISABLED PERSONS,8630 W. NEVSO DRIVE LAS VEGAS NV 89147,NV,Clark,702-942-8700,50,6/29/21
Adult Care At Pah Rah,RESIDENTIAL FACILITY FOR GROUPS,10178-AGC-0,"CHRONIC ILLNESS, MENTAL ILLNESS, INDIVIDUALS WITH INTELLECTUAL DISABILITES, RESIDENTIAL FACILITY FOR ELDERLY OR DISABLED PERSONS",7300 PAH RAH DR SPARKS NV 89436,NV,Washoe,775-870-3413,10,6/29/21
Adult Comfort And Care Home 2,RESIDENTIAL FACILITY FOR GROUPS,8317-AGC-7,"CHRONIC ILLNESS, MENTAL ILLNESS, INDIVIDUALS WITH INTELLECTUAL DISABILITES, RESIDENTIAL FACILITY FOR ELDERLY OR DISABLED PERSONS",10315 QUEENSBURY AVENUE LAS VEGAS NV 89135,NV,Clark,702-629-4663,10,6/29/21
Adult Comfort And Care Home Llc,RESIDENTIAL FACILITY FOR GROUPS,7437-AGC-13,"CHRONIC ILLNESS, MENTAL ILLNESS, INDIVIDUALS WITH INTELLECTUAL DISABILITES, RESIDENTIAL FACILITY FOR ELDERLY OR DISABLED PERSONS",2105 CARROLL ST LAS VEGAS NV 89030,NV,Clark,702-629-4663,10,6/29/21
Advanced Care For The Elderly Llc,RESIDENTIAL FACILITY FOR GROUPS,3596-AGC-26,RESIDENTIAL FACILITY FOR ELDERLY OR DISABLED PERSONS,9501 MULROONA COURT LAS VEGAS NV 89129,NV,Clark,702-838-5818,8,6/29/21
Aegis Living Las Vegas,RESIDENTIAL FACILITY FOR GROUPS,10333-AGC-0,ALZHEIMER DISEASE,9100 WEST DESERT INN RD. LAS VEGAS NV 89117,NV,Clark,425-861-9993,72,6/29/21
"Aloha Paradise Care, Llc",RESIDENTIAL FACILITY FOR GROUPS,9545-AGC-2,"ALZHEIMER DISEASE, RESIDENTIAL FACILITY FOR ELDERLY OR DISABLED PERSONS",1809 WESTWIND ROAD LAS VEGAS NV 89146,NV,Clark,702-629-6247,8,6/29/21
Alta Care Home,RESIDENTIAL FACILITY FOR GROUPS,69-AGC-31,"CHRONIC ILLNESS, MENTAL ILLNESS",2007 ALTA DRIVE LAS VEGAS NV 89106,NV,Clark,702-384-6838,7,6/29/21
Alternative Home Care,RESIDENTIAL FACILITY FOR GROUPS,9278-AGC-2,"CHRONIC ILLNESS, MENTAL ILLNESS, RESIDENTIAL FACILITY FOR ELDERLY OR DISABLED PERSONS",4504 LA ROCA CIRCLE LAS VEGAS NV 89121,NV,Clark,702-856-6443,10,6/29/21
Alzheimers Luxury Care,RESIDENTIAL FACILITY FOR GROUPS,3671-AGC-19,ALZHEIMER DISEASE,2951 VIKING ROAD LAS VEGAS NV 89121,NV,Clark,702-471-7204,9,6/29/21
Ameery Care,RESIDENTIAL FACILITY FOR GROUPS,8675-AGC-4,"ALZHEIMER DISEASE, RESIDENTIAL FACILITY FOR ELDERLY OR DISABLED PERSONS",333 PRINCE GEORGE ROAD LAS VEGAS NV 89123,NV,Clark,702-260-7588,10,6/29/21
Ameery Care Ii,RESIDENTIAL FACILITY FOR GROUPS,7197-AGC-13,"ALZHEIMER DISEASE, RESIDENTIAL FACILITY FOR ELDERLY OR DISABLED PERSONS",271 E DESERT ROSE DR HENDERSON NV 89015,NV,Clark,702-608-7238,10,6/29/21
American Senior Home Gabriel,RESIDENTIAL FACILITY FOR GROUPS,9397-AGC-2,"ALZHEIMER DISEASE, RESIDENTIAL FACILITY FOR ELDERLY OR DISABLED PERSONS",2372 GABRIEL DRIVE LAS VEGAS NV 89119,NV,Clark,702-460-1267,10,6/29/21
Amethyst Care Home Llc,RESIDENTIAL FACILITY FOR GROUPS,8642-AGC-4,"ALZHEIMER DISEASE, RESIDENTIAL FACILITY FOR ELDERLY OR DISABLED PERSONS",3702 INTERNET AVENUE N. LAS VEGAS NV 89031,NV,Clark,702-636-8916,10,6/29/21
Angel Care Residential Home,RESIDENTIAL FACILITY FOR GROUPS,7543-AGC-14,ALZHEIMER DISEASE,5559 TROOPER STREET LAS VEGAS NV 89120,NV,Clark,702-910-3611,10,6/29/21
Angel Palace,RESIDENTIAL FACILITY FOR GROUPS,9189-AGC-2,"ALZHEIMER DISEASE, ASSISTED LIVING SERVICES, CHRONIC ILLNESS",3131 ROSANNA ST LAS VEGAS NV 89117,NV,Clark,702-505-0959,10,6/29/21
Angel Prestige,RESIDENTIAL FACILITY FOR GROUPS,3220-AGC-24,"CHRONIC ILLNESS, MENTAL ILLNESS, RESIDENTIAL FACILITY FOR ELDERLY OR DISABLED PERSONS",3712 SPITZE DRIVE LAS VEGAS NV 89103,NV,Clark,702-871-8606,20,6/29/21
Angelicas Loving Home Care,RESIDENTIAL FACILITY FOR GROUPS,5037-AGC-17,"MENTAL ILLNESS, RESIDENTIAL FACILITY FOR ELDERLY OR DISABLED PERSONS",3475 SCOTTSDALE RD RENO NV 89512,NV,Washoe,775-800-1228,5,6/29/21
Angels Care,RESIDENTIAL FACILITY FOR GROUPS,3483-AGC-23,MENTAL ILLNESS,1905 S 17TH STREET LAS VEGAS NV 89104,NV,Clark,702-733-0992,9,6/29/21
Angels House Adult Care,RESIDENTIAL FACILITY FOR GROUPS,4063-AGC-26,"MENTAL ILLNESS, RESIDENTIAL FACILITY FOR ELDERLY OR DISABLED PERSONS",5496 TAMARUS STREET LAS VEGAS NV 89119,NV,Clark,702-262-9062,9,6/29/21
Aprils Villa,RESIDENTIAL FACILITY FOR GROUPS,5589-AGC-14,"CHRONIC ILLNESS, MENTAL ILLNESS, INDIVIDUALS WITH INTELLECTUAL DISABILITES, RESIDENTIAL FACILITY FOR ELDERLY OR DISABLED PERSONS",10450 ARBOR WAY RENO NV 89521,NV,Washoe,775-851-4355,6,6/29/21
Arbors Memory Care,RESIDENTIAL FACILITY FOR GROUPS,8994-AGC-3,"ALZHEIMER DISEASE, RESIDENTIAL FACILITY FOR ELDERLY OR DISABLED PERSONS",2121 EAST PRATER WAY SPARKS NV 89434,NV,Washoe,775-331-2229,72,6/29/21
Artesian Gardens,RESIDENTIAL FACILITY FOR GROUPS,8275-AGC-6,"CHRONIC ILLNESS, MENTAL ILLNESS, INDIVIDUALS WITH INTELLECTUAL DISABILITES, RESIDENTIAL FACILITY FOR ELDERLY OR DISABLED PERSONS",75 MULE DEER DRIVE RENO NV 89523,NV,Washoe,775-345-7441,9,6/29/21
"Artesian Gardens Senior Care Ii, Llc",RESIDENTIAL FACILITY FOR GROUPS,9345-AGC-3,"CHRONIC ILLNESS, MENTAL ILLNESS, INDIVIDUALS WITH INTELLECTUAL DISABILITES, RESIDENTIAL FACILITY FOR ELDERLY OR DISABLED PERSONS",1550 FIRMAN CT SPARKS NV 89434,NV,Washoe,775-772-1272,9,6/29/21
As Time Goes By Iii,RESIDENTIAL FACILITY FOR GROUPS,59-AGC-26,ALZHEIMER DISEASE,4125 BUTLER LAS VEGAS NV 89129,NV,Clark,702-655-5557,10,6/29/21
As Time Goes By V,RESIDENTIAL FACILITY FOR GROUPS,6083-AGC-10,ALZHEIMER DISEASE,4149 JORY TRAIL LAS VEGAS NV 89108,NV,Clark,702-655-7175,6,6/29/21
As Time Goes By Vii,RESIDENTIAL FACILITY FOR GROUPS,4937-AGC-15,ALZHEIMER DISEASE,4240 AL CARRISON LAS VEGAS NV 89129,NV,Clark,702-683-4568,10,6/29/21
At Nightingales,RESIDENTIAL FACILITY FOR GROUPS,9662-AGC-2,"ASSISTED LIVING SERVICES, CHRONIC ILLNESS, MENTAL ILLNESS, RESIDENTIAL FACILITY FOR ELDERLY OR DISABLED PERSONS",813 FAIRWAY DRIVE LAS VEGAS NV 89107,NV,Clark,702-334-5518,10,6/29/21
At Royal Villa Home Care,RESIDENTIAL FACILITY FOR GROUPS,7564-AGC-14,"CHRONIC ILLNESS, MENTAL ILLNESS",2970 S TORREY PINES RD LAS VEGAS NV 89146,NV,Clark,702-257-0176,10,6/29/21
Atria Seville,RESIDENTIAL FACILITY FOR GROUPS,2678-AGC-42,"ASSISTED LIVING SERVICES, CHRONIC ILLNESS, MENTAL ILLNESS, RESIDENTIAL FACILITY FOR ELDERLY OR DISABLED PERSONS",2000 N RAMPART LAS VEGAS NV 89128,NV,Clark,702-804-6800,144,6/29/21
Atria Summit Ridge,RESIDENTIAL FACILITY FOR GROUPS,413-AGC-44,"ASSISTED LIVING SERVICES, CHRONIC ILLNESS, MENTAL ILLNESS, RESIDENTIAL FACILITY FOR ELDERLY OR DISABLED PERSONS",4880 SUMMIT RIDGE DRIVE RENO NV 89523,NV,Washoe,775-787-3000,85,6/29/21
Avalon Health Estates,RESIDENTIAL FACILITY FOR GROUPS,1934-AGC-29,ALZHEIMER DISEASE,7450 DEL REY AVE LAS VEGAS NV 89117,NV,Clark,702-240-6102,12,6/29/21
Avamere At Cheyenne,RESIDENTIAL FACILITY FOR GROUPS,9131-AGC-2,"ALZHEIMER DISEASE, ASSISTED LIVING SERVICES, RESIDENTIAL FACILITY FOR ELDERLY OR DISABLED PERSONS",6031 W. CHEYENNE AVENUE LAS VEGAS NV 89108,NV,Clark,702-658-5882,150,6/29/21
Avenir Memory Care At Summerlin,RESIDENTIAL FACILITY FOR GROUPS,8729-AGC-3,"ALZHEIMER DISEASE, RESIDENTIAL FACILITY FOR ELDERLY OR DISABLED PERSONS",7395 SMOKE RANCH ROAD LAS VEGAS NV 89128,NV,Clark,702-749-9090,80,6/29/21
Avondale Care Home,RESIDENTIAL FACILITY FOR GROUPS,9280-AGC-3,"CHRONIC ILLNESS, MENTAL ILLNESS, RESIDENTIAL FACILITY FOR ELDERLY OR DISABLED PERSONS",6215 EAST OWENS AVENUE LAS VEGAS NV 89110,NV,Clark,702-856-6443,10,6/29/21
Avonli Care Home,RESIDENTIAL FACILITY FOR GROUPS,9279-AGC-3,"CHRONIC ILLNESS, MENTAL ILLNESS, RESIDENTIAL FACILITY FOR ELDERLY OR DISABLED PERSONS",3364 ROSARIO CIRCLE LAS VEGAS NV 89121,NV,Clark,702-856-6443,10,6/29/21
Baileys Group Home Inc,RESIDENTIAL FACILITY FOR GROUPS,7812-AGC-8,"MENTAL ILLNESS, RESIDENTIAL FACILITY FOR ELDERLY OR DISABLED PERSONS",1998 ARCANE AVENUE RENO NV 89503,NV,Washoe,775-473-7736,6,6/29/21
Beckys Home Care,RESIDENTIAL FACILITY FOR GROUPS,79-AGC-30,"CHRONIC ILLNESS, MENTAL ILLNESS, RESIDENTIAL FACILITY FOR ELDERLY OR DISABLED PERSONS",4055 CLOUD NINE LANE LAS VEGAS NV 89115,NV,Clark,702-643-3380,6,6/29/21
Bee Hive Homes Of Henderson,RESIDENTIAL FACILITY FOR GROUPS,10175-AGC-0,"ASSISTED LIVING SERVICES, RESIDENTIAL FACILITY FOR ELDERLY OR DISABLED PERSONS",1000 GREENWAY RD BLDG 2 HENDERSON NV 89002,NV,Clark,702-551-0265,20,6/29/21
Bee Hive Homes Of Henderson Memory Care,RESIDENTIAL FACILITY FOR GROUPS,9927-AGC-1,"ALZHEIMER DISEASE, ASSISTED LIVING SERVICES, RESIDENTIAL FACILITY FOR ELDERLY OR DISABLED PERSONS",1000 GREENWAY RD BLDG 1 HENDERSON NV 89002,NV,Clark,505-270-9989,20,6/29/21
Bee Hive Homes Of Mesquite,RESIDENTIAL FACILITY FOR GROUPS,7876-AGC-8,,780 WEST SECOND SOUTH MESQUITE NV 89027,NV,Clark,505-270-9989,15,6/29/21
Bee Hive Homes Of Mesquite Ii,RESIDENTIAL FACILITY FOR GROUPS,9234-AGC-3,"ASSISTED LIVING SERVICES, RESIDENTIAL FACILITY FOR ELDERLY OR DISABLED PERSONS",790 SECOND SOUTH ST MESQUITE NV 89027,NV,Clark,702-346-2040,16,6/29/21
Bee Hive Homes Of Paradise Valley Inc,RESIDENTIAL FACILITY FOR GROUPS,2152-AGC-29,MENTAL ILLNESS,3841 E TWAIN LAS VEGAS NV 89121,NV,Clark,702-454-9080,10,6/29/21
Bee Hive Homes Of Winnemucca,RESIDENTIAL FACILITY FOR GROUPS,2352-AGC-23,RESIDENTIAL FACILITY FOR ELDERLY OR DISABLED PERSONS,1250 HANSEN STREET WINNEMUCCA NV 89445,NV,Humboldt,775-623-5395,10,6/29/21
Bella Care Home,RESIDENTIAL FACILITY FOR GROUPS,6027-AGC-17,"CHRONIC ILLNESS, MENTAL ILLNESS",5905 CONCERT DR LAS VEGAS NV 89107,NV,Clark,702-838-7990,10,6/29/21
Bella Care Home Llc,RESIDENTIAL FACILITY FOR GROUPS,9724-AGC-2,"ALZHEIMER DISEASE, RESIDENTIAL FACILITY FOR ELDERLY OR DISABLED PERSONS",9900 VERMILLION CLIFFS AVE LAS VEGAS NV 89147,NV,Clark,725-500-7868,8,6/29/21
Bella Estate Care Home,RESIDENTIAL FACILITY FOR GROUPS,7555-AGC-11,"CHRONIC ILLNESS, MENTAL ILLNESS",3140 COACHLIGHT CIRCLE LAS VEGAS NV 89117,NV,Clark,702-220-4281,10,6/29/21
Bella Vita Care Home,RESIDENTIAL FACILITY FOR GROUPS,8664-AGC-5,ALZHEIMER DISEASE,9924 WONDERFUL DAY DRIVE LAS VEGAS NV 89148,NV,Clark,917-797-3265,10,6/29/21
Bellamonte Residential,RESIDENTIAL FACILITY FOR GROUPS,10226-AGC-0,"ALZHEIMER DISEASE, CHRONIC ILLNESS, RESIDENTIAL FACILITY FOR ELDERLY OR DISABLED PERSONS",7830 SOUTH SPENCER STREET LAS VEGAS NV 89123,NV,Clark,714-363-2060,10,6/29/21
Bermuda Memory Care,RESIDENTIAL FACILITY FOR GROUPS,9909-AGC-1,"ALZHEIMER DISEASE, RESIDENTIAL FACILITY FOR ELDERLY OR DISABLED PERSONS",9063 HUNTING ARROW STREET LAS VEGAS NV 89123,NV,Clark,702-235-2584,10,6/29/21
Best Home Care At Wyoming Llc,RESIDENTIAL FACILITY FOR GROUPS,9751-AGC-0,"CHRONIC ILLNESS, MENTAL ILLNESS, RESIDENTIAL FACILITY FOR ELDERLY OR DISABLED PERSONS",4423 E WYOMING AVE LAS VEGAS NV 89114,NV,Clark,702-758-8696,8,6/29/21
Best Solutions Home Care,RESIDENTIAL FACILITY FOR GROUPS,9966-AGC-1,"ALZHEIMER DISEASE, ASSISTED LIVING SERVICES, CHRONIC ILLNESS, RESIDENTIAL FACILITY FOR ELDERLY OR DISABLED PERSONS",7245 SCOTTSMOOR CT LAS VEGAS NV 89156,NV,Clark,702-927-8711,4,6/29/21
Bethany At Mt Hood,RESIDENTIAL FACILITY FOR GROUPS,10106-AGC-0,"ALZHEIMER DISEASE, CHRONIC ILLNESS, INDIVIDUALS WITH INTELLECTUAL DISABILITES, RESIDENTIAL FACILITY FOR ELDERLY OR DISABLED PERSONS",1566 MT HOOD STREET LAS VEGAS NV 89110,NV,Clark,702-459-4898,10,6/29/21
Bethel Care Home,RESIDENTIAL FACILITY FOR GROUPS,9674-AGC-2,"CHRONIC ILLNESS, RESIDENTIAL FACILITY FOR ELDERLY OR DISABLED PERSONS",7742 KIT CARSON AVE. LAS VEGAS NV 89179,NV,Clark,702-685-8574,9,6/29/21
Better Days Group Home,RESIDENTIAL FACILITY FOR GROUPS,3847-AGC-20,"CHRONIC ILLNESS, MENTAL ILLNESS",261 E ELDORADO LANE LAS VEGAS NV 89123,NV,Clark,702-794-2822,10,6/29/21
Better Living For Seniors,RESIDENTIAL FACILITY FOR GROUPS,10025-AGC-0,"ALZHEIMER DISEASE, RESIDENTIAL FACILITY FOR ELDERLY OR DISABLED PERSONS",9712 ENNISKEEN AVE LAS VEGAS NV 89129-8001,NV,Clark,702-331-5059,6,6/29/21
Billman House,RESIDENTIAL FACILITY FOR GROUPS,3105-AGC-26,MENTAL ILLNESS,3646 BILLMAN AVE LAS VEGAS NV 89121,NV,Clark,702-778-2753,6,6/29/21
Blue Sky Memory Care,RESIDENTIAL FACILITY FOR GROUPS,8480-AGC-4,"ALZHEIMER DISEASE, ASSISTED LIVING SERVICES, RESIDENTIAL FACILITY FOR ELDERLY OR DISABLED PERSONS",8025 AMIGO STREET LAS VEGAS NV 89123,NV,Clark,702-497-2166,26,6/29/21
Bright Life,RESIDENTIAL FACILITY FOR GROUPS,10145-AGC-1,"ALZHEIMER DISEASE, CHRONIC ILLNESS, RESIDENTIAL FACILITY FOR ELDERLY OR DISABLED PERSONS",10515 KENAI DR. RENO NV 89521,NV,Washoe,775-762-2162,10,6/29/21
Brookdale Las Vegas,RESIDENTIAL FACILITY FOR GROUPS,1774-AGC-48,"ALZHEIMER DISEASE, ASSISTED LIVING SERVICES, MENTAL ILLNESS, RESIDENTIAL FACILITY FOR ELDERLY OR DISABLED PERSONS",3025 E RUSSELL ROAD LAS VEGAS NV 89120,NV,Clark,702-451-7896,105,6/29/21
Brookdale Reno,RESIDENTIAL FACILITY FOR GROUPS,1884-AGC-38,"ALZHEIMER DISEASE, ASSISTED LIVING SERVICES",3105 PLUMAS STREET RENO NV 89509,NV,Washoe,775-828-5000,56,6/29/21
Brookdale Vista,RESIDENTIAL FACILITY FOR GROUPS,443-AGC-33,ASSISTED LIVING SERVICES,2000 E PRATER WAY SPARKS NV 89434,NV,Washoe,775-359-7733,74,6/29/21
Caring Hearts Care Home Llc,RESIDENTIAL FACILITY FOR GROUPS,2016-AGC-33,"MENTAL ILLNESS, INDIVIDUALS WITH INTELLECTUAL DISABILITES, RESIDENTIAL FACILITY FOR ELDERLY OR DISABLED PERSONS",64 NORTH PEARL STREET LAS VEGAS NV 89110,NV,Clark,702-437-8448,10,6/29/21
Carmela Homes,RESIDENTIAL FACILITY FOR GROUPS,2726-AGC-30,"MENTAL ILLNESS, RESIDENTIAL FACILITY FOR ELDERLY OR DISABLED PERSONS",5500 CLEARY COURT LAS VEGAS NV 89109,NV,Clark,702-636-0150,6,6/29/21
Carson Tahoe Expressions Memory Care,RESIDENTIAL FACILITY FOR GROUPS,8640-AGC-2,"ALZHEIMER DISEASE, CHRONIC ILLNESS, MENTAL ILLNESS, INDIVIDUALS WITH INTELLECTUAL DISABILITES, RESIDENTIAL FACILITY FOR ELDERLY OR DISABLED PERSONS",1001 MOUNTAIN ST CARSON CITY NV 89703,NV,Carson City,775-443-4800,54,6/29/21
Carson Valley Senior Living,RESIDENTIAL FACILITY FOR GROUPS,105-AGC-41,"ALZHEIMER DISEASE, ASSISTED LIVING SERVICES",1189 KIMMERLING ROAD GARDNERVILLE NV 89460,NV,Douglas,775-265-1400,86,6/29/21
Casa Norte Group Home,RESIDENTIAL FACILITY FOR GROUPS,7323-AGC-11,"CHRONIC ILLNESS, MENTAL ILLNESS, INDIVIDUALS WITH INTELLECTUAL DISABILITES",4935  NORTH MILLER LN LAS VEGAS NV 89149,NV,Clark,702-656-0602,9,6/29/21
Casa Oliva,RESIDENTIAL FACILITY FOR GROUPS,8455-AGC-6,"CHRONIC ILLNESS, MENTAL ILLNESS, INDIVIDUALS WITH INTELLECTUAL DISABILITES",3209 CEDAR STREET LAS VEGAS NV 89104,NV,Clark,702-431-0672,9,6/29/21
Cascades Of The Sierra,RESIDENTIAL FACILITY FOR GROUPS,5232-AGC-15,"ALZHEIMER DISEASE, ASSISTED LIVING SERVICES, RESIDENTIAL FACILITY FOR ELDERLY OR DISABLED PERSONS",275 NEIGHBORHOOD WAY SPARKS NV 89441,NV,Washoe,425-408-9141,150,6/29/21
Cece Group Home Llc,RESIDENTIAL FACILITY FOR GROUPS,9297-AGC-3,"CHRONIC ILLNESS, MENTAL ILLNESS, RESIDENTIAL FACILITY FOR ELDERLY OR DISABLED PERSONS",5417 IRELAND ST. LAS VEGAS NV 89149,NV,Clark,702-768-0206,8,6/29/21
Cessabella Residential Suite Llc #1,RESIDENTIAL FACILITY FOR GROUPS,5723-AGC-17,"CHRONIC ILLNESS, MENTAL ILLNESS, INDIVIDUALS WITH INTELLECTUAL DISABILITES",8295 OPAL STATION DR RENO NV 89506,NV,Washoe,775-677-9760,8,6/29/21
Chutney Residential Home,RESIDENTIAL FACILITY FOR GROUPS,2788-AGC-22,ALZHEIMER DISEASE,3881 CHUTNEY ST LAS VEGAS NV 89121,NV,Clark,702-866-6750,7,6/29/21
Cj Homes,RESIDENTIAL FACILITY FOR GROUPS,115-AGC-30,"CHRONIC ILLNESS, MENTAL ILLNESS, RESIDENTIAL FACILITY FOR ELDERLY OR DISABLED PERSONS",1627 GABRIEL DRIVE LAS VEGAS NV 89119,NV,Clark,702-798-8246,10,6/29/21
Clearwater At Rancharrah,RESIDENTIAL FACILITY FOR GROUPS,9414-AGC-0,"ALZHEIMER DISEASE, ASSISTED LIVING SERVICES, RESIDENTIAL FACILITY FOR ELDERLY OR DISABLED PERSONS",5255 KIETZKE LANE RENO NV 89511,NV,Washoe,949-333-8580,142,6/29/21
Climbing Rose Care Home,RESIDENTIAL FACILITY FOR GROUPS,2456-AGC-27,"CHRONIC ILLNESS, MENTAL ILLNESS",3848 CLIMBING ROSE ST LAS VEGAS NV 89147,NV,Clark,702-362-1188,6,6/29/21
Cnc Alzheimers Home Care,RESIDENTIAL FACILITY FOR GROUPS,1932-AGC-31,ALZHEIMER DISEASE,7765 CLEARWOOD AVE LAS VEGAS NV 89123,NV,Clark,702-798-8008,9,6/29/21
Corinthian Place Llc,RESIDENTIAL FACILITY FOR GROUPS,7317-AGC-11,RESIDENTIAL FACILITY FOR ELDERLY OR DISABLED PERSONS,2630 SUNRAY DR RENO NV 89503,NV,Washoe,775-762-3681,8,6/29/21
Corinthian Place South Llc,RESIDENTIAL FACILITY FOR GROUPS,10042-AGC-1,RESIDENTIAL FACILITY FOR ELDERLY OR DISABLED PERSONS,5855 LONE HORSE DR RENO NV 89502,NV,Washoe,775-762-3681,9,6/29/21
Coronado Heights Senior Living,RESIDENTIAL FACILITY FOR GROUPS,8297-AGC-4,"ALZHEIMER DISEASE, ASSISTED LIVING SERVICES, CHRONIC ILLNESS, MENTAL ILLNESS, RESIDENTIAL FACILITY FOR ELDERLY OR DISABLED PERSONS",2320 IONE ROAD LAS VEGAS NV 89183,NV,Clark,725-200-3400,126,6/29/21
Covenant Of Love,RESIDENTIAL FACILITY FOR GROUPS,5061-AGC-15,"CHRONIC ILLNESS, MENTAL ILLNESS",1213 BALZAR AVE LAS VEGAS NV 89106,NV,Clark,702-810-4830,6,6/29/21
D' Caesars Care Home,RESIDENTIAL FACILITY FOR GROUPS,9789-AGC-1,"CHRONIC ILLNESS, MENTAL ILLNESS, RESIDENTIAL FACILITY FOR ELDERLY OR DISABLED PERSONS",3856 JEWEL AVENUE LAS VEGAS NV 89121,NV,Clark,702-434-5882,10,6/29/21
Darlington Manor,RESIDENTIAL FACILITY FOR GROUPS,4983-AGC-16,"ALZHEIMER DISEASE, CHRONIC ILLNESS",339 EMDEN ST HENDERSON NV 89015,NV,Clark,702-361-5926,9,6/29/21
Dawn Garden Home Care,RESIDENTIAL FACILITY FOR GROUPS,2789-AGC-35,MENTAL ILLNESS,9190 DAWN GARDEN AVE LAS VEGAS NV 89147,NV,Clark,702-405-0991,8,6/29/21
Desert Inn Residential Care,RESIDENTIAL FACILITY FOR GROUPS,3119-AGC-20,ALZHEIMER DISEASE,2845 BURNHAM AVENUE LAS VEGAS NV 89109,NV,Clark,702-894-9252,4,6/29/21
Desert Springs Senior Living,RESIDENTIAL FACILITY FOR GROUPS,410-AGC-46,"ASSISTED LIVING SERVICES, CHRONIC ILLNESS, MENTAL ILLNESS",6650 W FLAMINGO RD LAS VEGAS NV 89103,NV,Clark,702-732-2800,100,6/29/21
Desert View Senior Living,RESIDENTIAL FACILITY FOR GROUPS,8809-AGC-4,"ALZHEIMER DISEASE, ASSISTED LIVING SERVICES, CHRONIC ILLNESS, RESIDENTIAL FACILITY FOR ELDERLY OR DISABLED PERSONS",3890 N BUFFALO DRIVE LAS VEGAS NV 89129-8809,NV,Clark,702-333-4346,113,6/29/21
Diamond Residential,RESIDENTIAL FACILITY FOR GROUPS,4889-AGC-19,"MENTAL ILLNESS, RESIDENTIAL FACILITY FOR ELDERLY OR DISABLED PERSONS",1800 PRINCE WAY RENO NV 89503,NV,Washoe,775-354-7365,7,6/29/21
Diamond Retirement Living,RESIDENTIAL FACILITY FOR GROUPS,5228-AGC-13,ALZHEIMER DISEASE,335 W SHERWOOD DR HENDERSON NV 89015,NV,Clark,702-496-6906,10,6/29/21
Dignified Care Manor,RESIDENTIAL FACILITY FOR GROUPS,3228-AGC-26,ALZHEIMER DISEASE,2915 EL CAMINO RD LAS VEGAS NV 89146,NV,Clark,702-227-5222,10,6/29/21
"Dignity Care Home, Llc",RESIDENTIAL FACILITY FOR GROUPS,7699-AGC-9,"ALZHEIMER DISEASE, CHRONIC ILLNESS, RESIDENTIAL FACILITY FOR ELDERLY OR DISABLED PERSONS",3740 LA JUNTA DRIVE LAS VEGAS NV 89120,NV,Clark,702-595-0058,10,6/29/21
Divinity Homecare,RESIDENTIAL FACILITY FOR GROUPS,8483-AGC-5,RESIDENTIAL FACILITY FOR ELDERLY OR DISABLED PERSONS,3944 KENTWOOD COURT RENO NV 89503,NV,Washoe,775-384-6812,7,6/29/21
Duncan Manor Group Home,RESIDENTIAL FACILITY FOR GROUPS,158-AGC-34,"ALZHEIMER DISEASE, CHRONIC ILLNESS, RESIDENTIAL FACILITY FOR ELDERLY OR DISABLED PERSONS",6165 DUNCAN DRIVE LAS VEGAS NV 89108,NV,Clark,702-396-4663,9,6/29/21
Eagle Valley Care Centre,RESIDENTIAL FACILITY FOR GROUPS,160-AGC-31,RESIDENTIAL FACILITY FOR ELDERLY OR DISABLED PERSONS,1807 E LONG STREET CARSON CITY NV 89701,NV,Carson City,775-883-4449,38,6/29/21
Elkhorn Jones Memory Care Llc,RESIDENTIAL FACILITY FOR GROUPS,8700-AGC-4,ALZHEIMER DISEASE,6017 ELKHORN ROAD LAS VEGAS NV 89131,NV,Clark,702-247-7788,24,6/29/21
Embry Ridge Senior Care Llc,RESIDENTIAL FACILITY FOR GROUPS,10339-AGC-0,"ALZHEIMER DISEASE, CHRONIC ILLNESS, RESIDENTIAL FACILITY FOR ELDERLY OR DISABLED PERSONS",5313 PADUA WAY LAS VEGAS NV 89107,NV,Clark,702-258-1669,7,6/29/21
European Home Care,RESIDENTIAL FACILITY FOR GROUPS,6035-AGC-10,"ALZHEIMER DISEASE, CHRONIC ILLNESS, RESIDENTIAL FACILITY FOR ELDERLY OR DISABLED PERSONS",3212 EL CAMINO RD LAS VEGAS NV 89146,NV,Clark,714-797-9927,10,6/29/21
European Seniors Living Llc,RESIDENTIAL FACILITY FOR GROUPS,7722-AGC-10,"CHRONIC ILLNESS, MENTAL ILLNESS, RESIDENTIAL FACILITY FOR ELDERLY OR DISABLED PERSONS",3045 S. MONTE CRISTO WAY LAS VEGAS NV 89117,NV,Clark,702-906-1284,10,6/29/21
Evergreen Living Llc,RESIDENTIAL FACILITY FOR GROUPS,9560-AGC-2,"ALZHEIMER DISEASE, RESIDENTIAL FACILITY FOR ELDERLY OR DISABLED PERSONS",7481 ROME BLVD LAS VEGAS NV 89131,NV,Clark,702-982-1753,10,6/29/21
Evergreen Residence,RESIDENTIAL FACILITY FOR GROUPS,3275-AGC-23,"CHRONIC ILLNESS, MENTAL ILLNESS, INDIVIDUALS WITH INTELLECTUAL DISABILITES, RESIDENTIAL FACILITY FOR ELDERLY OR DISABLED PERSONS",1305 KINGS COURT RENO NV 89503,NV,Washoe,775-787-9520,8,6/29/21
Everlasting Senior Care,RESIDENTIAL FACILITY FOR GROUPS,8615-AGC-5,"MENTAL ILLNESS, RESIDENTIAL FACILITY FOR ELDERLY OR DISABLED PERSONS",2117 CALIFORNIA ST CARSON CITY NV 89701,NV,Carson City,775-530-7882,6,6/29/21
Fairway Residential Care Home,RESIDENTIAL FACILITY FOR GROUPS,330-AGC-33,ALZHEIMER DISEASE,3817 FAIRWAY CIRCLE LAS VEGAS NV 89108,NV,Clark,702-646-9224,10,6/29/21
Faith & Hope Home Care Llc,RESIDENTIAL FACILITY FOR GROUPS,8827-AGC-3,RESIDENTIAL FACILITY FOR ELDERLY OR DISABLED PERSONS,973 LEPORI WAY SPARKS NV 89431-1165,NV,Washoe,775-250-0431,8,6/29/21
Family Home Care Rhl,RESIDENTIAL FACILITY FOR GROUPS,168-AGC-31,"CHRONIC ILLNESS, MENTAL ILLNESS",975 CORDONE AVENUE RENO NV 89502,NV,Washoe,775-324-2708,9,6/29/21
Fernley Estates,RESIDENTIAL FACILITY FOR GROUPS,7766-AGC-8,"ALZHEIMER DISEASE, ASSISTED LIVING SERVICES, RESIDENTIAL FACILITY FOR ELDERLY OR DISABLED PERSONS",1130 CHISHOLM TRAIL FERNLEY NV 89408,NV,Lyon,775-372-8625,72,6/29/21
Five Star Premier Residences Of Reno,RESIDENTIAL FACILITY FOR GROUPS,116-AGC-36,"ASSISTED LIVING SERVICES, RESIDENTIAL FACILITY FOR ELDERLY OR DISABLED PERSONS",3201 PLUMAS STREET RENO NV 89509,NV,Washoe,775-829-1050,41,6/29/21
Florence Senior Care Home,RESIDENTIAL FACILITY FOR GROUPS,2699-AGC-26,ALZHEIMER DISEASE,2338 FLORENCE AVENUE LAS VEGAS NV 89119,NV,Clark,702-798-0711,7,6/29/21
Forever Living Residence Home Care Llc,RESIDENTIAL FACILITY FOR GROUPS,7507-AGC-10,"CHRONIC ILLNESS, MENTAL ILLNESS, RESIDENTIAL FACILITY FOR ELDERLY OR DISABLED PERSONS",1608 AZTEC WAY LAS VEGAS NV 89169,NV,Clark,702-331-1695,6,6/29/21
Forget Me Not Home Care I,RESIDENTIAL FACILITY FOR GROUPS,409-AGC-40,"ALZHEIMER DISEASE, CHRONIC ILLNESS, RESIDENTIAL FACILITY FOR ELDERLY OR DISABLED PERSONS",5513 FLORA SPRAY ST LAS VEGAS NV 89130,NV,Clark,702-461-5862,7,6/29/21
Garden Breeze Alzheimer Villa,RESIDENTIAL FACILITY FOR GROUPS,4959-AGC-14,ALZHEIMER DISEASE,950 GARDEN BREEZE WAY LAS VEGAS NV 89123,NV,Clark,702-616-2489,8,6/29/21
Gentle Breeze Care Home,RESIDENTIAL FACILITY FOR GROUPS,7915-AGC-10,"CHRONIC ILLNESS, MENTAL ILLNESS",6862 BAILE RD LAS VEGAS NV 89146,NV,Clark,702-816-4591,10,6/29/21
Gentle Spring Care Home,RESIDENTIAL FACILITY FOR GROUPS,4009-AGC-25,"CHRONIC ILLNESS, MENTAL ILLNESS, RESIDENTIAL FACILITY FOR ELDERLY OR DISABLED PERSONS",6418 SPRING MEADOW DRIVE LAS VEGAS NV 89103,NV,Clark,702-478-5997,10,6/29/21
Glenda Care,RESIDENTIAL FACILITY FOR GROUPS,9070-AGC-2,RESIDENTIAL FACILITY FOR ELDERLY OR DISABLED PERSONS,1235 GLENDA WAY RENO NV 89509,NV,Washoe,775-828-2157,30,6/29/21
Golden Heart Group Home Care I,RESIDENTIAL FACILITY FOR GROUPS,9415-AGC-2,"CHRONIC ILLNESS, MENTAL ILLNESS, INDIVIDUALS WITH INTELLECTUAL DISABILITES, RESIDENTIAL FACILITY FOR ELDERLY OR DISABLED PERSONS",3413 ALPLAND LANE SPARKS NV 89434,NV,Washoe,775-626-2909,7,6/29/21
Golden Heart Group Home Care Ii,RESIDENTIAL FACILITY FOR GROUPS,9836-AGC-1,"CHRONIC ILLNESS, MENTAL ILLNESS, RESIDENTIAL FACILITY FOR ELDERLY OR DISABLED PERSONS",3990 LAKESIDE DRIVE RENO NV 89509,NV,Washoe,775-453-2085,10,6/29/21
Golden Lake Care Home,RESIDENTIAL FACILITY FOR GROUPS,7557-AGC-11,"CHRONIC ILLNESS, MENTAL ILLNESS",9719 TUMBLE LAKE COURT LAS VEGAS NV 89147,NV,Clark,702-471-0221,10,6/29/21
Golden Manor,RESIDENTIAL FACILITY FOR GROUPS,6389-AGC-12,RESIDENTIAL FACILITY FOR ELDERLY OR DISABLED PERSONS,416 SYSONBY CT RENO NV 89521,NV,Washoe,775-762-2162,6,6/29/21
Golden Meadows Residential,RESIDENTIAL FACILITY FOR GROUPS,3382-AGC-23,"MENTAL ILLNESS, RESIDENTIAL FACILITY FOR ELDERLY OR DISABLED PERSONS",4119 MEADOWGLEN CIRCLE LAS VEGAS NV 89121,NV,Clark,702-434-7040,10,6/29/21
Golden Rose Home,RESIDENTIAL FACILITY FOR GROUPS,9832-AGC-0,"ASSISTED LIVING SERVICES, CHRONIC ILLNESS, RESIDENTIAL FACILITY FOR ELDERLY OR DISABLED PERSONS",8055 OPAL STATION DRIVE RENO NV 89506,NV,Washoe,775-440-4097,9,6/29/21
Golden Sunshine Home,RESIDENTIAL FACILITY FOR GROUPS,5460-AGC-16,"ALZHEIMER DISEASE, CHRONIC ILLNESS",8333 JEREMIAH LODGE AVENUE LAS VEGAS NV 89131,NV,Clark,702-845-3974,10,6/29/21
Golden Valley Group Care,RESIDENTIAL FACILITY FOR GROUPS,205-AGC-31,MENTAL ILLNESS,2690 MARGARET DRIVE RENO NV 89506,NV,Washoe,775-972-6318,10,6/29/21
Golden Valley Group Care Ii,RESIDENTIAL FACILITY FOR GROUPS,1796-AGC-31,"MENTAL ILLNESS, RESIDENTIAL FACILITY FOR ELDERLY OR DISABLED PERSONS",1140 MANHATTAN STREET RENO NV 89512,NV,Washoe,775-688-8035,10,6/29/21
Golden Villa Care Home,RESIDENTIAL FACILITY FOR GROUPS,6414-AGC-14,"CHRONIC ILLNESS, MENTAL ILLNESS",1505 DUNEVILLE ST LAS VEGAS NV 89146,NV,Clark,702-998-6185,10,6/29/21
Golden Years Castle 2,RESIDENTIAL FACILITY FOR GROUPS,5231-AGC-16,"MENTAL ILLNESS, RESIDENTIAL FACILITY FOR ELDERLY OR DISABLED PERSONS",5175 SLEEPY HOLLOW DR RENO NV 89502,NV,Washoe,775-857-4447,10,6/29/21
Golden Years Castle Home Care,RESIDENTIAL FACILITY FOR GROUPS,3867-AGC-22,RESIDENTIAL FACILITY FOR ELDERLY OR DISABLED PERSONS,2060 ARCANE AVE RENO NV 89503,NV,Washoe,775-747-7171,8,6/29/21
Golden Years Castle Home Of Fernley,RESIDENTIAL FACILITY FOR GROUPS,9431-AGC-2,"ALZHEIMER DISEASE, RESIDENTIAL FACILITY FOR ELDERLY OR DISABLED PERSONS",575 FARM DISTRICT ROAD FERNLEY NV 89408,NV,Lyon,775-575-9200,16,6/29/21
Golden Years Castle Home Of Lovelock,RESIDENTIAL FACILITY FOR GROUPS,9432-AGC-2,RESIDENTIAL FACILITY FOR ELDERLY OR DISABLED PERSONS,685 AMHERST AVENUE LOVELOCK NV 89419,NV,Pershing,775-240-9305,10,6/29/21
Golden Years Memory Care Llc,RESIDENTIAL FACILITY FOR GROUPS,9883-AGC-1,"CHRONIC ILLNESS, RESIDENTIAL FACILITY FOR ELDERLY OR DISABLED PERSONS",8920 LOGGERS MILL AVE LAS VEGAS NV 89143,NV,Clark,702-202-6475,8,6/29/21
Golden Years Residential Care Llc,RESIDENTIAL FACILITY FOR GROUPS,9328-AGC-2,"ALZHEIMER DISEASE, CHRONIC ILLNESS, RESIDENTIAL FACILITY FOR ELDERLY OR DISABLED PERSONS",6990 EDNA AVE LAS VEGAS NV 89117,NV,Clark,702-901-9281,10,6/29/21
Good Samaritan Group Home Inc,RESIDENTIAL FACILITY FOR GROUPS,4876-AGC-19,ALZHEIMER DISEASE,3696 S PECOS ROAD LAS VEGAS NV 89121,NV,Clark,702-463-3653,10,6/29/21
Grace Of Monaco - Section 10,RESIDENTIAL FACILITY FOR GROUPS,6261-AGC-11,ALZHEIMER DISEASE,7460 PALMYRA AVE LAS VEGAS NV 89117,NV,Clark,702-522-7741,10,6/29/21
Grace Of Monaco Angel Park,RESIDENTIAL FACILITY FOR GROUPS,4367-AGC-22,ALZHEIMER DISEASE,8617 HIGHLANDVIEW AVE LAS VEGAS NV 89145,NV,Clark,702-360-5003,6,6/29/21
Graceful Living,RESIDENTIAL FACILITY FOR GROUPS,7914-AGC-9,RESIDENTIAL FACILITY FOR ELDERLY OR DISABLED PERSONS,2690 TRAIL RIDER DRIVE RENO NV 89521,NV,Washoe,775-971-4421,8,6/29/21
Grandmothers Crib,RESIDENTIAL FACILITY FOR GROUPS,5703-AGC-17,MENTAL ILLNESS,700 SIENNA STATION WAY RENO NV 89512,NV,Washoe,775-470-5131,6,6/29/21
Hacienda Hill Manor,RESIDENTIAL FACILITY FOR GROUPS,3643-AGC-17,ALZHEIMER DISEASE,5544 SURREY STREET LAS VEGAS NV 89119,NV,Clark,702-597-4697,6,6/29/21
Happy Adult Care,RESIDENTIAL FACILITY FOR GROUPS,2406-AGC-34,ALZHEIMER DISEASE,1905 QUAIL POINT COURT LAS VEGAS NV 89117,NV,Clark,702-838-6388,6,6/29/21
Happy Adult Care Ii,RESIDENTIAL FACILITY FOR GROUPS,5564-AGC-15,ALZHEIMER DISEASE,2021 SEDONA MORNING DR LAS VEGAS NV 89128,NV,Clark,702-638-2888,6,6/29/21
Hastings House,RESIDENTIAL FACILITY FOR GROUPS,7545-AGC-9,"CHRONIC ILLNESS, MENTAL ILLNESS, INDIVIDUALS WITH INTELLECTUAL DISABILITES",3253 HASTINGS AVENUE LAS VEGAS NV 89107,NV,Clark,702-821-0823,8,6/29/21
Havenbrook,RESIDENTIAL FACILITY FOR GROUPS,10081-AGC-1,"ALZHEIMER DISEASE, RESIDENTIAL FACILITY FOR ELDERLY OR DISABLED PERSONS",7711 FOREDAWN DRIVE LAS VEGAS NV 89123,NV,Clark,702-802-8680,10,6/29/21
Health Life Llc,RESIDENTIAL FACILITY FOR GROUPS,110-AGC-33,ALZHEIMER DISEASE,5220 RANCHER AVE LAS VEGAS NV 89108,NV,Clark,702-515-1393,8,6/29/21
Healthy Home Care,RESIDENTIAL FACILITY FOR GROUPS,364-AGC-32,"CHRONIC ILLNESS, MENTAL ILLNESS, INDIVIDUALS WITH INTELLECTUAL DISABILITES, RESIDENTIAL FACILITY FOR ELDERLY OR DISABLED PERSONS",1812 STARBUCK DRIVE LAS VEGAS NV 89108,NV,Clark,702-269-8217,8,6/29/21
Heart To Heart,RESIDENTIAL FACILITY FOR GROUPS,7558-AGC-9,RESIDENTIAL FACILITY FOR ELDERLY OR DISABLED PERSONS,201 RHODES ROAD RENO NV 89511,NV,Washoe,775-720-4603,7,6/29/21
Helping Hands Care Home,RESIDENTIAL FACILITY FOR GROUPS,3675-AGC-29,ALZHEIMER DISEASE,2757 GALLANT HILLS DRIVE LAS VEGAS NV 89135,NV,Clark,702-324-0314,6,6/29/21
Helping Hands Care Home Ii,RESIDENTIAL FACILITY FOR GROUPS,6262-AGC-13,"ALZHEIMER DISEASE, CHRONIC ILLNESS, INDIVIDUALS WITH INTELLECTUAL DISABILITES, RESIDENTIAL FACILITY FOR ELDERLY OR DISABLED PERSONS",11745 STONEWALL SPRINGS AVE LAS VEGAS NV 89138,NV,Clark,702-445-0088,10,6/29/21
Henderson Care Home,RESIDENTIAL FACILITY FOR GROUPS,9981-AGC-1,"ALZHEIMER DISEASE, CHRONIC ILLNESS, RESIDENTIAL FACILITY FOR ELDERLY OR DISABLED PERSONS",609 CADENCE VISTA DRIVE HENDERSON NV 89011,NV,Clark,725-735-6911,10,6/29/21
Heritage Springs Assisted Living & Memory Care,RESIDENTIAL FACILITY FOR GROUPS,9830-AGC-1,"ALZHEIMER DISEASE, ASSISTED LIVING SERVICES, CHRONIC ILLNESS, RESIDENTIAL FACILITY FOR ELDERLY OR DISABLED PERSONS",8720 W FLAMINGO RD LAS VEGAS NV 89147,NV,Clark,702-360-6023,127,6/29/21
Highland Inn Of Elko,RESIDENTIAL FACILITY FOR GROUPS,5654-AGC-16,"ASSISTED LIVING SERVICES, RESIDENTIAL FACILITY FOR ELDERLY OR DISABLED PERSONS",2850 RUBY VISTA DR ELKO NV 89801,NV,Elko,775-753-3727,57,6/29/21
Highland Inn Of Fallon,RESIDENTIAL FACILITY FOR GROUPS,5653-AGC-16,"ASSISTED LIVING SERVICES, RESIDENTIAL FACILITY FOR ELDERLY OR DISABLED PERSONS",550 N SHERMAN ST FALLON NV 89406,NV,Churchill,775-423-7800,37,6/29/21
Hillside Manor At Mountains Edge,RESIDENTIAL FACILITY FOR GROUPS,5316-AGC-20,"ALZHEIMER DISEASE, CHRONIC ILLNESS, RESIDENTIAL FACILITY FOR ELDERLY OR DISABLED PERSONS",9651 TRATTORIA ST LAS VEGAS NV 89178,NV,Clark,702-485-1876,9,6/29/21
Holy Angel Care Home I,RESIDENTIAL FACILITY FOR GROUPS,8156-AGC-9,ALZHEIMER DISEASE,1517 GENTLE BROOK STREET N. LAS VEGAS NV 89084,NV,Clark,702-443-1964,10,6/29/21
Holy Child Residential Care Home,RESIDENTIAL FACILITY FOR GROUPS,3879-AGC-21,RESIDENTIAL FACILITY FOR ELDERLY OR DISABLED PERSONS,2225 JESTER COURT RENO NV 89503,NV,Washoe,775-787-2100,6,6/29/21
Holy Child Residential Care Iv,RESIDENTIAL FACILITY FOR GROUPS,4582-AGC-17,RESIDENTIAL FACILITY FOR ELDERLY OR DISABLED PERSONS,5825 TAPPAN DRIVE RENO NV 89523,NV,Washoe,775-746-8181,5,6/29/21
Holy Family Home Care,RESIDENTIAL FACILITY FOR GROUPS,3658-AGC-26,MENTAL ILLNESS,3235 DELNA DRIVE SPARKS NV 89431,NV,Washoe,775-815-3768,8,6/29/21
Honeybee Home,RESIDENTIAL FACILITY FOR GROUPS,2769-AGC-25,CHRONIC ILLNESS,1821 E AMBUSH ST PAHRUMP NV 89041,NV,Nye,775-751-3611,10,6/29/21
Horizon Hills Residential Group Care I,RESIDENTIAL FACILITY FOR GROUPS,119-AGC-30,"MENTAL ILLNESS, RESIDENTIAL FACILITY FOR ELDERLY OR DISABLED PERSONS",8115 MOHAWK LANE RENO NV 89506,NV,Washoe,775-750-0006,8,6/29/21
House Of Grace,RESIDENTIAL FACILITY FOR GROUPS,4185-AGC-17,"CHRONIC ILLNESS, MENTAL ILLNESS, RESIDENTIAL FACILITY FOR ELDERLY OR DISABLED PERSONS",7017 CARMEN BLVD LAS VEGAS NV 89128,NV,Clark,702-240-8555,20,6/29/21
In Touch Residential Care I,RESIDENTIAL FACILITY FOR GROUPS,2724-AGC-26,"CHRONIC ILLNESS, MENTAL ILLNESS, RESIDENTIAL FACILITY FOR ELDERLY OR DISABLED PERSONS",4131 SATINWOOD DR LAS VEGAS NV 89147,NV,Clark,702-362-1970,7,6/29/21
In Touch Residential Care Ii,RESIDENTIAL FACILITY FOR GROUPS,3730-AGC-21,"CHRONIC ILLNESS, MENTAL ILLNESS",7457 WALNUT CREEK DRIVE LAS VEGAS NV 89147,NV,Clark,702-876-7783,8,6/29/21
Infinite Care,RESIDENTIAL FACILITY FOR GROUPS,5704-AGC-16,"CHRONIC ILLNESS, MENTAL ILLNESS, INDIVIDUALS WITH INTELLECTUAL DISABILITES",3821 TOPAZ ST LAS VEGAS NV 89121,NV,Clark,702-722-2896,10,6/29/21
Inspirations Senior Living In Pahrump,RESIDENTIAL FACILITY FOR GROUPS,7556-AGC-14,"ALZHEIMER DISEASE, ASSISTED LIVING SERVICES, RESIDENTIAL FACILITY FOR ELDERLY OR DISABLED PERSONS",931 HONEYSUCKLE STREET PAHRUMP NV 89048,NV,Nye,775-751-2300,78,6/29/21
Jcr Home Care Inc,RESIDENTIAL FACILITY FOR GROUPS,4093-AGC-21,ALZHEIMER DISEASE,7160 DARBY AVE LAS VEGAS NV 89117,NV,Clark,702-453-3861,10,6/29/21
Johnny Angel'S Care Home,RESIDENTIAL FACILITY FOR GROUPS,8983-AGC-3,"ALZHEIMER DISEASE, RESIDENTIAL FACILITY FOR ELDERLY OR DISABLED PERSONS",4460 MARLENA CIRCLE LAS VEGAS NV 89108,NV,Clark,702-636-1140,10,6/29/21
Johnson Group Care #1,RESIDENTIAL FACILITY FOR GROUPS,240-AGC-24,"MENTAL ILLNESS, RESIDENTIAL FACILITY FOR ELDERLY OR DISABLED PERSONS",1895 CARVILLE DR RENO NV 89512,NV,Washoe,775-786-5359,6,6/29/21
Johnson Group Care #2,RESIDENTIAL FACILITY FOR GROUPS,241-AGC-25,"MENTAL ILLNESS, RESIDENTIAL FACILITY FOR ELDERLY OR DISABLED PERSONS",1240 E 10TH STREET RENO NV 89512,NV,Washoe,775-322-1024,9,6/29/21
Joyful Senior Care,RESIDENTIAL FACILITY FOR GROUPS,2973-AGC-23,ALZHEIMER DISEASE,5408 TOPAZ STREET LAS VEGAS NV 89120,NV,Clark,702-433-3735,10,6/29/21
Joyful Senior Care Haven 2,RESIDENTIAL FACILITY FOR GROUPS,3888-AGC-18,ALZHEIMER DISEASE,4353 JODI AVE LAS VEGAS NV 89120,NV,Clark,702-433-3735,10,6/29/21
Jtm Group Home,RESIDENTIAL FACILITY FOR GROUPS,4564-AGC-18,RESIDENTIAL FACILITY FOR ELDERLY OR DISABLED PERSONS,1435 AKARD DRIVE RENO NV 89503,NV,Washoe,775-747-1433,8,6/29/21
Kind Hearts Care Home Llc,RESIDENTIAL FACILITY FOR GROUPS,8720-AGC-4,ALZHEIMER DISEASE,386 SEVERN CT HENDERSON NV 89002,NV,Clark,702-629-3594,7,6/29/21
Kings Row Residence,RESIDENTIAL FACILITY FOR GROUPS,9409-AGC-2,RESIDENTIAL FACILITY FOR ELDERLY OR DISABLED PERSONS,1254 SAINT ALBERTS DR RENO NV 89503,NV,Washoe,775-746-4419,10,6/29/21
Krystons Home Care,RESIDENTIAL FACILITY FOR GROUPS,3266-AGC-24,"CHRONIC ILLNESS, RESIDENTIAL FACILITY FOR ELDERLY OR DISABLED PERSONS",881 W GOLDEN VALLEY ROAD RENO NV 89506,NV,Washoe,775-972-1414,6,6/29/21
Krystons Home Care Ii,RESIDENTIAL FACILITY FOR GROUPS,3659-AGC-22,"MENTAL ILLNESS, INDIVIDUALS WITH INTELLECTUAL DISABILITES",7990 ZINFANDEL DRIVE RENO NV 89506,NV,Washoe,775-772-3452,6,6/29/21
L & J Group Homecare,RESIDENTIAL FACILITY FOR GROUPS,4409-AGC-19,"MENTAL ILLNESS, RESIDENTIAL FACILITY FOR ELDERLY OR DISABLED PERSONS",1604 WILDWOOD DRIVE LAS VEGAS NV 89108,NV,Clark,702-331-5482,10,6/29/21
L & N Home Care,RESIDENTIAL FACILITY FOR GROUPS,253-AGC-31,RESIDENTIAL FACILITY FOR ELDERLY OR DISABLED PERSONS,3995 BELMORE WAY RENO NV 89503,NV,Washoe,775-747-4286,8,6/29/21
La Mansion,RESIDENTIAL FACILITY FOR GROUPS,9050-AGC-1,"ALZHEIMER DISEASE, ASSISTED LIVING SERVICES, CHRONIC ILLNESS, RESIDENTIAL FACILITY FOR ELDERLY OR DISABLED PERSONS",5930 NORTH EL CAPITAN WAY LAS VEGAS NV 89149,NV,Clark,702-525-1708,10,6/29/21
Lake Mead Care Home,RESIDENTIAL FACILITY FOR GROUPS,4101-AGC-18,MENTAL ILLNESS,4325 W LAKE MEAD BLVD LAS VEGAS NV 89108-2849,NV,Clark,702-339-6727,6,6/29/21
Lakeview Terrace Retirement Community,RESIDENTIAL FACILITY FOR GROUPS,5567-AGC-18,"ALZHEIMER DISEASE, ASSISTED LIVING SERVICES, MENTAL ILLNESS, RESIDENTIAL FACILITY FOR ELDERLY OR DISABLED PERSONS",180 VILLE DRIVE BOULDER CITY NV 89005,NV,Clark,702-293-0181,86,6/29/21
Lanikeha Residential,RESIDENTIAL FACILITY FOR GROUPS,10193-AGC-0,"ALZHEIMER DISEASE, CHRONIC ILLNESS, RESIDENTIAL FACILITY FOR ELDERLY OR DISABLED PERSONS",465 EAST ROBINDALE ROAD LAS VEGAS NV 89123,NV,Clark,714-363-2060,10,6/29/21
Las Vegas Alzheimer & Memory Care 2,RESIDENTIAL FACILITY FOR GROUPS,129-AGC-30,ALZHEIMER DISEASE,3225 BRAZOS STREET LAS VEGAS NV 89169,NV,Clark,702-471-7204,10,6/29/21
Las Vegas Alzheimers & Memory Care 1,RESIDENTIAL FACILITY FOR GROUPS,1970-AGC-30,"ALZHEIMER DISEASE, RESIDENTIAL FACILITY FOR ELDERLY OR DISABLED PERSONS",3224 BRAZOS STREET LAS VEGAS NV 89169,NV,Clark,702-737-4396,10,6/29/21
Las Vegas Chateau For Seniors,RESIDENTIAL FACILITY FOR GROUPS,7213-AGC-12,"ALZHEIMER DISEASE, MENTAL ILLNESS",4175 N TOMSIK ST LAS VEGAS NV 89129,NV,Clark,702-478-8825,10,6/29/21
Las Vegas Group Home Llc,RESIDENTIAL FACILITY FOR GROUPS,9577-AGC-2,"ALZHEIMER DISEASE, CHRONIC ILLNESS, INDIVIDUALS WITH INTELLECTUAL DISABILITES, RESIDENTIAL FACILITY FOR ELDERLY OR DISABLED PERSONS",1680 SOMBRERO DRIVE LAS VEGAS NV 89169,NV,Clark,702-449-0122,9,6/29/21
Las Ventanas Retirement Comm,RESIDENTIAL FACILITY FOR GROUPS,4000-AGC-26,"ALZHEIMER DISEASE, ASSISTED LIVING SERVICES, INDIVIDUALS WITH INTELLECTUAL DISABILITES, RESIDENTIAL FACILITY FOR ELDERLY OR DISABLED PERSONS",10401 WEST CHARLESTON LAS VEGAS NV 89135,NV,Clark,702-207-4215,76,6/29/21
"Laurelwood Group Home Ii,Llc",RESIDENTIAL FACILITY FOR GROUPS,8761-AGC-4,RESIDENTIAL FACILITY FOR ELDERLY OR DISABLED PERSONS,6565 MINTON CT LAS VEGAS NV 89103,NV,Clark,702-580-5123,10,6/29/21
Laurelwood Group Home Llc,RESIDENTIAL FACILITY FOR GROUPS,4240-AGC-18,RESIDENTIAL FACILITY FOR ELDERLY OR DISABLED PERSONS,4752 TORRENCE DRIVE LAS VEGAS NV 89103,NV,Clark,702-876-4224,10,6/29/21
Legacies Memory Care At San Martin,RESIDENTIAL FACILITY FOR GROUPS,9548-AGC-2,"ALZHEIMER DISEASE, ASSISTED LIVING SERVICES, RESIDENTIAL FACILITY FOR ELDERLY OR DISABLED PERSONS",7230 GAGNIER BOULEVARD LAS VEGAS NV 89113,NV,Clark,702-263-6313,50,6/29/21
Legacy House Of Centennial Hills,RESIDENTIAL FACILITY FOR GROUPS,8726-AGC-4,"ALZHEIMER DISEASE, ASSISTED LIVING SERVICES, CHRONIC ILLNESS, RESIDENTIAL FACILITY FOR ELDERLY OR DISABLED PERSONS",6310 N. DURANGO DRIVE LAS VEGAS NV 89149,NV,Clark,702-239-6778,136,6/29/21
Legacy House Of Southern Hills,RESIDENTIAL FACILITY FOR GROUPS,9018-AGC-2,"ALZHEIMER DISEASE, ASSISTED LIVING SERVICES, CHRONIC ILLNESS, RESIDENTIAL FACILITY FOR ELDERLY OR DISABLED PERSONS",9750 W. SUNSET ROAD LAS VEGAS NV 89148,NV,Clark,702-978-5000,158,6/29/21
Liberty Residential Care,RESIDENTIAL FACILITY FOR GROUPS,1955-AGC-28,"CHRONIC ILLNESS, MENTAL ILLNESS, RESIDENTIAL FACILITY FOR ELDERLY OR DISABLED PERSONS",3060 LIBERTY CIRCLE SOUTH LAS VEGAS NV 89121,NV,Clark,702-457-7775,10,6/29/21
Life Share Care Home Nevada Inc,RESIDENTIAL FACILITY FOR GROUPS,6087-AGC-12,"CHRONIC ILLNESS, MENTAL ILLNESS",7925 W ROSADA WAY LAS VEGAS NV 89149,NV,Clark,408-854-0735,10,6/29/21
Limestoneshire Llc,RESIDENTIAL FACILITY FOR GROUPS,4952-AGC-19,MENTAL ILLNESS,7474 LIMESTONE DRIVE RENO NV 89511,NV,Washoe,775-852-5870,8,6/29/21
Little Angel Care Home,RESIDENTIAL FACILITY FOR GROUPS,4740-AGC-16,"CHRONIC ILLNESS, MENTAL ILLNESS, INDIVIDUALS WITH INTELLECTUAL DISABILITES, RESIDENTIAL FACILITY FOR ELDERLY OR DISABLED PERSONS",1436 HEAVEN DRIVE SPARKS NV 89436,NV,Washoe,775-626-8103,5,6/29/21
Little Angel Care Home Llc,RESIDENTIAL FACILITY FOR GROUPS,178-AGC-28,"CHRONIC ILLNESS, MENTAL ILLNESS, INDIVIDUALS WITH INTELLECTUAL DISABILITES, RESIDENTIAL FACILITY FOR ELDERLY OR DISABLED PERSONS",2570 KEYSTONE AVE RENO NV 89503,NV,Washoe,775-746-8027,5,6/29/21
Live N Love,RESIDENTIAL FACILITY FOR GROUPS,7386-AGC-11,"CHRONIC ILLNESS, MENTAL ILLNESS",4850 ARIZONA AVENUE LAS VEGAS NV 89104,NV,Clark,702-756-5909,9,6/29/21
"Livingston Home Ii, Llc",RESIDENTIAL FACILITY FOR GROUPS,8410-AGC-6,"CHRONIC ILLNESS, MENTAL ILLNESS, RESIDENTIAL FACILITY FOR ELDERLY OR DISABLED PERSONS",5820 W. DESERT INN RD LAS VEGAS NV 89146,NV,Clark,702-515-9959,10,6/29/21
Livingston Home Llc,RESIDENTIAL FACILITY FOR GROUPS,6281-AGC-12,ALZHEIMER DISEASE,5858 PALMYRA AVE LAS VEGAS NV 89146,NV,Clark,702-202-4555,10,6/29/21
Longevity Residential Care Ii,RESIDENTIAL FACILITY FOR GROUPS,7479-AGC-9,"CHRONIC ILLNESS, MENTAL ILLNESS, INDIVIDUALS WITH INTELLECTUAL DISABILITES, RESIDENTIAL FACILITY FOR ELDERLY OR DISABLED PERSONS",4073 KINGS ROW RENO NV 89503,NV,Washoe,775-453-1196,10,6/29/21
Love & Joy Residence I,RESIDENTIAL FACILITY FOR GROUPS,3975-AGC-23,RESIDENTIAL FACILITY FOR ELDERLY OR DISABLED PERSONS,1750 CANYONLANDS WAY RENO NV 89521,NV,Washoe,775-815-5067,8,6/29/21
"Mar-Von Senior Care, Llc",RESIDENTIAL FACILITY FOR GROUPS,285-AGC-29,"CHRONIC ILLNESS, MENTAL ILLNESS",300 LA RUE AVENUE RENO NV 89509,NV,Washoe,775-323-4696,18,6/29/21
Martha'S House Senior Living,RESIDENTIAL FACILITY FOR GROUPS,9204-AGC-3,"ALZHEIMER DISEASE, RESIDENTIAL FACILITY FOR ELDERLY OR DISABLED PERSONS",1516 WINWOOD STREET LAS VEGAS NV 89108,NV,Clark,702-636-8776,8,6/29/21
Marvel Manor,RESIDENTIAL FACILITY FOR GROUPS,4405-AGC-17,RESIDENTIAL FACILITY FOR ELDERLY OR DISABLED PERSONS,4935 N DURANGO LAS VEGAS NV 89149,NV,Clark,702-395-7878,10,6/29/21
Mason Valley Residence Llc,RESIDENTIAL FACILITY FOR GROUPS,1959-AGC-29,ALZHEIMER DISEASE,705 SOUTH STREET YERINGTON NV 89447,NV,Lyon,775-463-5946,57,6/29/21
"Master Care Group Homes, Llc",RESIDENTIAL FACILITY FOR GROUPS,8683-AGC-4,"ALZHEIMER DISEASE, RESIDENTIAL FACILITY FOR ELDERLY OR DISABLED PERSONS",6562 W. MESA VISTA LAS VEGAS NV 89118,NV,Clark,702-331-5168,5,6/29/21
Mayhill Manor,RESIDENTIAL FACILITY FOR GROUPS,61-AGC-28,"ALZHEIMER DISEASE, INDIVIDUALS WITH INTELLECTUAL DISABILITES",3855 MAYHILL AVE LAS VEGAS NV 89121,NV,Clark,702-454-9438,6,6/29/21
Meadows Care Home,RESIDENTIAL FACILITY FOR GROUPS,2787-AGC-31,"CHRONIC ILLNESS, MENTAL ILLNESS",5125 MEADOWS LILLY AVE LAS VEGAS NV 89108,NV,Clark,702-395-7674,8,6/29/21
Merrill Gardens At Green Valley Ranch,RESIDENTIAL FACILITY FOR GROUPS,5271-AGC-19,"ASSISTED LIVING SERVICES, CHRONIC ILLNESS",1935 PASEO VERDE PKWY HENDERSON NV 89012,NV,Clark,702-568-7900,108,6/29/21
Merrill Gardens At Siena Hills,RESIDENTIAL FACILITY FOR GROUPS,3705-AGC-35,"ALZHEIMER DISEASE, ASSISTED LIVING SERVICES, CHRONIC ILLNESS, RESIDENTIAL FACILITY FOR ELDERLY OR DISABLED PERSONS",2910 W HORIZON RIDGE PARKWAY HENDERSON NV 89052,NV,Clark,702-614-8733,116,6/29/21
Merrill Gardens At Siena Hills,RESIDENTIAL FACILITY FOR GROUPS,4117-AGC-30,"ALZHEIMER DISEASE, CHRONIC ILLNESS",2920 W HORIZON RIDGE PARKWAY HENDERSON NV 89052,NV,Clark,702-614-8733,40,6/29/21
Mesa Valley Estates,RESIDENTIAL FACILITY FOR GROUPS,9735-AGC-1,"ALZHEIMER DISEASE, ASSISTED LIVING SERVICES, RESIDENTIAL FACILITY FOR ELDERLY OR DISABLED PERSONS",1328 BERTHA HOWE LANE MESQUITE NV 89027,NV,Clark,702-344-5050,78,6/29/21
Mimi'S Care Home,RESIDENTIAL FACILITY FOR GROUPS,9063-AGC-3,"ALZHEIMER DISEASE, RESIDENTIAL FACILITY FOR ELDERLY OR DISABLED PERSONS",3055 S PIONEER WAY LAS VEGAS NV 89117,NV,Clark,702-493-6745,10,6/29/21
Moa Family Care Llc,RESIDENTIAL FACILITY FOR GROUPS,2849-AGC-27,"CHRONIC ILLNESS, MENTAL ILLNESS, INDIVIDUALS WITH INTELLECTUAL DISABILITES",4210 PATTERSON AVE LAS VEGAS NV 89104,NV,Clark,702-431-4390,10,6/29/21
"Monarch Group Home, Llc.",RESIDENTIAL FACILITY FOR GROUPS,5742-AGC-14,RESIDENTIAL FACILITY FOR ELDERLY OR DISABLED PERSONS,6112 FISHER AVE LAS VEGAS NV 89130,NV,Clark,702-581-6931,10,6/29/21
Monthill Palms,RESIDENTIAL FACILITY FOR GROUPS,63-AGC-26,"ALZHEIMER DISEASE, CHRONIC ILLNESS, INDIVIDUALS WITH INTELLECTUAL DISABILITES",4062 MONTHILL AVE LAS VEGAS NV 89121,NV,Clark,702-451-3284,6,6/29/21
Morning Glory Alzheimers Home,RESIDENTIAL FACILITY FOR GROUPS,302-AGC-26,ALZHEIMER DISEASE,1821 NAVARRE LANE HENDERSON NV 89014,NV,Clark,702-434-1740,6,6/29/21
Morning Star Care Home,RESIDENTIAL FACILITY FOR GROUPS,155-AGC-31,"MENTAL ILLNESS, RESIDENTIAL FACILITY FOR ELDERLY OR DISABLED PERSONS",7560 SILVER LEAF WAY LAS VEGAS NV 89147,NV,Clark,702-220-5551,8,6/29/21
Morningstar Of Sparks,RESIDENTIAL FACILITY FOR GROUPS,5192-AGC-22,"ALZHEIMER DISEASE, ASSISTED LIVING SERVICES, CHRONIC ILLNESS, RESIDENTIAL FACILITY FOR ELDERLY OR DISABLED PERSONS",2360 WINGFIELD HILLS DR SPARKS NV 89436,NV,Washoe,775-626-5665,112,6/29/21
Mother'S Touch Senior Home,RESIDENTIAL FACILITY FOR GROUPS,8650-AGC-4,"ALZHEIMER DISEASE, RESIDENTIAL FACILITY FOR ELDERLY OR DISABLED PERSONS",8918 KING JOHN COURT LAS VEGAS NV 89149,NV,Clark,650-400-6090,10,6/29/21
Mothers Best Care For The Elderly,RESIDENTIAL FACILITY FOR GROUPS,305-AGC-29,MENTAL ILLNESS,1225 S 8TH STREET LAS VEGAS NV 89104,NV,Clark,702-382-1034,10,6/29/21
Mothers Love & Care #2 Llc,RESIDENTIAL FACILITY FOR GROUPS,308-AGC-29,MENTAL ILLNESS,4130 GARLAN LANE RENO NV 89509,NV,Washoe,775-828-5151,10,6/29/21
Mystic Haven,RESIDENTIAL FACILITY FOR GROUPS,3176-AGC-26,MENTAL ILLNESS,3421 CAMSORE POINT LANE LAS VEGAS NV 89129,NV,Clark,702-255-9171,6,6/29/21
Nazarene Senior Care Home,RESIDENTIAL FACILITY FOR GROUPS,9963-AGC-1,"ALZHEIMER DISEASE, CHRONIC ILLNESS",5362 TOPAZ ST LAS VEGAS NV 89120,NV,Clark,702-272-2859,10,6/29/21
Neurorestorative Nevada,RESIDENTIAL FACILITY FOR GROUPS,8643-AGC-4,"CHRONIC ILLNESS, MENTAL ILLNESS, INDIVIDUALS WITH INTELLECTUAL DISABILITES, RESIDENTIAL FACILITY FOR ELDERLY OR DISABLED PERSONS",7240 W. OAKEY BLVD LAS VEGAS NV 89117,NV,Clark,702-423-9573,10,6/29/21
Neurorestorative Nevada,RESIDENTIAL FACILITY FOR GROUPS,9287-AGC-2,"CHRONIC ILLNESS, MENTAL ILLNESS, INDIVIDUALS WITH INTELLECTUAL DISABILITES, RESIDENTIAL FACILITY FOR ELDERLY OR DISABLED PERSONS",3135 S MONTE CRISTO WAY LAS VEGAS NV 89117,NV,Clark,702-489-3084,8,6/29/21
Nevada Memory Care,RESIDENTIAL FACILITY FOR GROUPS,6324-AGC-11,"ALZHEIMER DISEASE, RESIDENTIAL FACILITY FOR ELDERLY OR DISABLED PERSONS",2299 MONTESSOURI ST LAS VEGAS NV 89117,NV,Clark,702-423-8833,10,6/29/21
Nova All Star Care Homes,RESIDENTIAL FACILITY FOR GROUPS,3252-AGC-26,RESIDENTIAL FACILITY FOR ELDERLY OR DISABLED PERSONS,5525 ROSE THICKET STREET LAS VEGAS NV 89130,NV,Clark,702-873-6243,7,6/29/21
"Nv Home Care Facilities, Llc",RESIDENTIAL FACILITY FOR GROUPS,8437-AGC-5,"ALZHEIMER DISEASE, RESIDENTIAL FACILITY FOR ELDERLY OR DISABLED PERSONS",5268 CASPIAN DRIVE LAS VEGAS NV 89118,NV,Clark,702-889-0518,10,6/29/21
Oakey Assisted Living,RESIDENTIAL FACILITY FOR GROUPS,9938-AGC-1,"ASSISTED LIVING SERVICES, CHRONIC ILLNESS, RESIDENTIAL FACILITY FOR ELDERLY OR DISABLED PERSONS",3900 W. OAKEY BLVD LAS VEGAS NV 89102,NV,Clark,702-258-7572,112,6/29/21
Oakmont Of Las Vegas,RESIDENTIAL FACILITY FOR GROUPS,9556-AGC-2,"ALZHEIMER DISEASE, ASSISTED LIVING SERVICES, CHRONIC ILLNESS, MENTAL ILLNESS, INDIVIDUALS WITH INTELLECTUAL DISABILITES, RESIDENTIAL FACILITY FOR ELDERLY OR DISABLED PERSONS",3185 E. FLAMINGO ROAD LAS VEGAS NV 89121,NV,Clark,702-763-9357,150,6/29/21
Oakmont Of The Lakes,RESIDENTIAL FACILITY FOR GROUPS,9041-AGC-3,"ALZHEIMER DISEASE, ASSISTED LIVING SERVICES, CHRONIC ILLNESS, MENTAL ILLNESS, RESIDENTIAL FACILITY FOR ELDERLY OR DISABLED PERSONS",3250 SOUTH FORT APACHE ROAD LAS VEGAS NV 89117,NV,Clark,702-830-7768,140,6/29/21
Oasis Place,RESIDENTIAL FACILITY FOR GROUPS,404-AGC-31,RESIDENTIAL FACILITY FOR ELDERLY OR DISABLED PERSONS,2722 HARDING WAY RENO NV 89503,NV,Washoe,775-622-0112,6,6/29/21
Oasis Senior Care Home,RESIDENTIAL FACILITY FOR GROUPS,10170-AGC-0,"ALZHEIMER DISEASE, RESIDENTIAL FACILITY FOR ELDERLY OR DISABLED PERSONS",2945 MAVERICK STREET LAS VEGAS NV 89108,NV,Clark,702-522-6105,10,6/29/21
Ohana Senior Living Care I,RESIDENTIAL FACILITY FOR GROUPS,9602-AGC-2,ALZHEIMER DISEASE,6825 WHITE SANDS AVENUE LAS VEGAS NV 89145,NV,Clark,702-290-8811,8,6/29/21
Olive Grove Residential Care Facility,RESIDENTIAL FACILITY FOR GROUPS,7665-AGC-10,"CHRONIC ILLNESS, RESIDENTIAL FACILITY FOR ELDERLY OR DISABLED PERSONS",9446 BACK BAY CIRCLE LAS VEGAS NV 89123,NV,Clark,702-413-6947,4,6/29/21
"Ormsby Heights Residential Care, Llc",RESIDENTIAL FACILITY FOR GROUPS,7210-AGC-12,RESIDENTIAL FACILITY FOR ELDERLY OR DISABLED PERSONS,210 SOUTH ORMSBY BLVD CARSON CITY NV 89703,NV,Carson City,775-445-0214,10,6/29/21
Our Home Adult Living,RESIDENTIAL FACILITY FOR GROUPS,5523-AGC-14,RESIDENTIAL FACILITY FOR ELDERLY OR DISABLED PERSONS,4180 SIERRA MADRE DR RENO NV 89502,NV,Washoe,775-827-1619,5,6/29/21
Pacifica Senior Living Green Valley,RESIDENTIAL FACILITY FOR GROUPS,3543-AGC-36,"ALZHEIMER DISEASE, ASSISTED LIVING SERVICES, CHRONIC ILLNESS, RESIDENTIAL FACILITY FOR ELDERLY OR DISABLED PERSONS",2620 E ROBINDALE ROAD HENDERSON NV 89074,NV,Clark,702-992-0000,108,6/29/21
Pacifica Senior Living San Martin,RESIDENTIAL FACILITY FOR GROUPS,5528-AGC-21,"ALZHEIMER DISEASE, ASSISTED LIVING SERVICES, CHRONIC ILLNESS, RESIDENTIAL FACILITY FOR ELDERLY OR DISABLED PERSONS",8374 W CAPOVILLA AVE LAS VEGAS NV 89113,NV,Clark,702-222-3600,150,6/29/21
Pacifica Senior Living Spring Valley,RESIDENTIAL FACILITY FOR GROUPS,2758-AGC-44,"ALZHEIMER DISEASE, ASSISTED LIVING SERVICES",8880 W TROPICANA AVE LAS VEGAS NV 89147-6000,NV,Clark,702-920-0710,72,6/29/21
Palm Valley Assisted Living,RESIDENTIAL FACILITY FOR GROUPS,3184-AGC-36,"ASSISTED LIVING SERVICES, CHRONIC ILLNESS, MENTAL ILLNESS, RESIDENTIAL FACILITY FOR ELDERLY OR DISABLED PERSONS",5975 W TWAIN AVE LAS VEGAS NV 89103,NV,Clark,702-368-7700,102,6/29/21
Palms Care Home Llc,RESIDENTIAL FACILITY FOR GROUPS,9552-AGC-2,"ALZHEIMER DISEASE, CHRONIC ILLNESS, RESIDENTIAL FACILITY FOR ELDERLY OR DISABLED PERSONS",8351 WEST HAMMER LANE LAS VEGAS NV 89149,NV,Clark,702-445-0088,10,6/29/21
Paradise Crest Home Care,RESIDENTIAL FACILITY FOR GROUPS,297-AGC-36,"MENTAL ILLNESS, RESIDENTIAL FACILITY FOR ELDERLY OR DISABLED PERSONS",4462 FARMCREST DRIVE LAS VEGAS NV 89121,NV,Clark,702-433-2879,10,6/29/21
Paradise Memory Care Llc,RESIDENTIAL FACILITY FOR GROUPS,10103-AGC-1,ALZHEIMER DISEASE,243 SAXONDALE AVENUE LAS VEGAS NV 89123,NV,Clark,702-731-5941,10,6/29/21
Paradiso,RESIDENTIAL FACILITY FOR GROUPS,3707-AGC-22,ALZHEIMER DISEASE,7952 MONACO BAY COURT LAS VEGAS NV 89117,NV,Clark,702-255-1273,9,6/29/21
Park Place,RESIDENTIAL FACILITY FOR GROUPS,333-AGC-31,"ASSISTED LIVING SERVICES, CHRONIC ILLNESS, MENTAL ILLNESS",2305 IVES COURT RENO NV 89503,NV,Washoe,775-746-1188,60,6/29/21
Peace Of Mind Llc,RESIDENTIAL FACILITY FOR GROUPS,9600-AGC-1,"ALZHEIMER DISEASE, CHRONIC ILLNESS, RESIDENTIAL FACILITY FOR ELDERLY OR DISABLED PERSONS",4354 E HARMON AVE LAS VEGAS NV 89121,NV,Clark,702-434-3234,10,6/29/21
Pearl Care Home Llc,RESIDENTIAL FACILITY FOR GROUPS,10013-AGC-1,"ALZHEIMER DISEASE, CHRONIC ILLNESS, RESIDENTIAL FACILITY FOR ELDERLY OR DISABLED PERSONS",1012 PARADISE VIEW ST. HENDERSON NV 89052,NV,Clark,702-614-7079,10,6/29/21
Plaxia Care,RESIDENTIAL FACILITY FOR GROUPS,10219-AGC-0,RESIDENTIAL FACILITY FOR ELDERLY OR DISABLED PERSONS,5095 N PARK ST LAS VEGAS NV 89149,NV,Clark,702-858-4559,10,6/29/21
Pleasant Care Group Home,RESIDENTIAL FACILITY FOR GROUPS,4126-AGC-19,RESIDENTIAL FACILITY FOR ELDERLY OR DISABLED PERSONS,639 K STREET SPARKS NV 89431,NV,Washoe,775-358-2204,5,6/29/21
Pleasant Care Group Home Ii,RESIDENTIAL FACILITY FOR GROUPS,4504-AGC-18,"CHRONIC ILLNESS, MENTAL ILLNESS",3238 JAMESTOWN COURT SPARKS NV 89431,NV,Washoe,775-351-2739,7,6/29/21
Pleasant Care Group Home Iii,RESIDENTIAL FACILITY FOR GROUPS,7637-AGC-8,RESIDENTIAL FACILITY FOR ELDERLY OR DISABLED PERSONS,795 SIENNA STATION WAY RENO NV 89512,NV,Washoe,775-657-9598,6,6/29/21
Pleasant Valley Home Care,RESIDENTIAL FACILITY FOR GROUPS,9557-AGC-2,"ALZHEIMER DISEASE, RESIDENTIAL FACILITY FOR ELDERLY OR DISABLED PERSONS",9708 ENNISKEEN AVENUE LAS VEGAS NV 89129-8001,NV,Clark,702-562-5074,10,6/29/21
Pleasant View Homecare,RESIDENTIAL FACILITY FOR GROUPS,9505-AGC-2,"ALZHEIMER DISEASE, CHRONIC ILLNESS, RESIDENTIAL FACILITY FOR ELDERLY OR DISABLED PERSONS",7036 PLEASANT VIEW AVE LAS VEGAS NV 89147,NV,Clark,702-985-6847,8,6/29/21
Poet'S Walk Henderson,RESIDENTIAL FACILITY FOR GROUPS,8702-AGC-4,"ALZHEIMER DISEASE, ASSISTED LIVING SERVICES, CHRONIC ILLNESS, RESIDENTIAL FACILITY FOR ELDERLY OR DISABLED PERSONS",1750 WEST HORIZON RIDGE PARKWAY HENDERSON NV 89012,NV,Clark,702-899-8028,68,6/29/21
Precious Care Group,RESIDENTIAL FACILITY FOR GROUPS,8841-AGC-3,"ALZHEIMER DISEASE, RESIDENTIAL FACILITY FOR ELDERLY OR DISABLED PERSONS",7345 ACACIA WOODS CT LAS VEGAS NV 89113,NV,Clark,702-998-5988,10,6/29/21
Prestige Assisted Living At Henderson,RESIDENTIAL FACILITY FOR GROUPS,2916-AGC-35,"ALZHEIMER DISEASE, ASSISTED LIVING SERVICES, CHRONIC ILLNESS, MENTAL ILLNESS, INDIVIDUALS WITH INTELLECTUAL DISABILITES",1050 E LAKE MEAD PARKWAY HENDERSON NV 89015,NV,Clark,702-564-1771,70,6/29/21
Prestige Assisted Living At Mira Loma,RESIDENTIAL FACILITY FOR GROUPS,298-AGC-41,"ALZHEIMER DISEASE, ASSISTED LIVING SERVICES, CHRONIC ILLNESS, MENTAL ILLNESS, RESIDENTIAL FACILITY FOR ELDERLY OR DISABLED PERSONS",2520 WIGWAM PARKWAY HENDERSON NV 89074,NV,Clark,702-260-8400,138,6/29/21
Prime Care Facility,RESIDENTIAL FACILITY FOR GROUPS,339-AGC-27,MENTAL ILLNESS,4920 RONAN DRIVE LAS VEGAS NV 89110,NV,Clark,725-201-5089,7,6/29/21
Princess Ii Group Home,RESIDENTIAL FACILITY FOR GROUPS,2677-AGC-30,"MENTAL ILLNESS, RESIDENTIAL FACILITY FOR ELDERLY OR DISABLED PERSONS",10019 PRINCESS CUT ST LAS VEGAS NV 89183,NV,Clark,702-385-5588,10,6/29/21
Providence Home Care,RESIDENTIAL FACILITY FOR GROUPS,6028-AGC-13,RESIDENTIAL FACILITY FOR ELDERLY OR DISABLED PERSONS,5325 VISTA LARGA CIR RENO NV 89523,NV,Washoe,775-787-1188,8,6/29/21
Quality Care 4 Seniors Llc,RESIDENTIAL FACILITY FOR GROUPS,8788-AGC-4,"ALZHEIMER DISEASE, CHRONIC ILLNESS, RESIDENTIAL FACILITY FOR ELDERLY OR DISABLED PERSONS",4369 ADELPHI AVENUE LAS VEGAS NV 89120,NV,Clark,702-595-0058,10,6/29/21
R & L Adult Care Home #2,RESIDENTIAL FACILITY FOR GROUPS,5002-AGC-19,"CHRONIC ILLNESS, MENTAL ILLNESS",1013 STONEYPEAK AVE NORTH LAS VEGAS NV 89081,NV,Clark,702-478-5252,8,6/29/21
R & L Adult Care Home Inc,RESIDENTIAL FACILITY FOR GROUPS,9535-AGC-1,"MENTAL ILLNESS, RESIDENTIAL FACILITY FOR ELDERLY OR DISABLED PERSONS",1811 S 7TH ST LAS VEGAS NV 89104,NV,Clark,808-372-8418,8,6/29/21
Rafael Home Care,RESIDENTIAL FACILITY FOR GROUPS,2479-AGC-25,"MENTAL ILLNESS, RESIDENTIAL FACILITY FOR ELDERLY OR DISABLED PERSONS",3804 APACHE LANE LAS VEGAS NV 89107,NV,Clark,702-880-5852,5,6/29/21
Rainbow Adult Care Llc,RESIDENTIAL FACILITY FOR GROUPS,9008-AGC-2,"CHRONIC ILLNESS, MENTAL ILLNESS, RESIDENTIAL FACILITY FOR ELDERLY OR DISABLED PERSONS",1823 BELCASTRO STREET LAS VEGAS NV 89117,NV,Clark,702-370-4803,10,6/29/21
Rainbow Connections Group Care Home,RESIDENTIAL FACILITY FOR GROUPS,5432-AGC-13,"ALZHEIMER DISEASE, RESIDENTIAL FACILITY FOR ELDERLY OR DISABLED PERSONS",820 ANTIGUA ST LAS VEGAS NV 89145,NV,Clark,702-358-9917,6,6/29/21
Rosarios Group Home,RESIDENTIAL FACILITY FOR GROUPS,7942-AGC-9,RESIDENTIAL FACILITY FOR ELDERLY OR DISABLED PERSONS,2885 RED ROCK STREET LAS VEGAS NV 89146,NV,Clark,702-343-0073,8,6/29/21
Ross Senior Residence,RESIDENTIAL FACILITY FOR GROUPS,2175-AGC-31,"ALZHEIMER DISEASE, RESIDENTIAL FACILITY FOR ELDERLY OR DISABLED PERSONS",5935 W SADDLE AVE LAS VEGAS NV 89103,NV,Clark,702-365-6124,5,6/29/21
Royal Haven,RESIDENTIAL FACILITY FOR GROUPS,88-AGC-33,ALZHEIMER DISEASE,1913 COLLINS AVENUE LAS VEGAS NV 89106,NV,Clark,702-366-9127,6,6/29/21
Royal Heights Llc,RESIDENTIAL FACILITY FOR GROUPS,7349-AGC-12,RESIDENTIAL FACILITY FOR ELDERLY OR DISABLED PERSONS,1875 KINGSROW RENO NV 89503,NV,Washoe,775-453-1983,6,6/29/21
Runamar Home Health Inc,RESIDENTIAL FACILITY FOR GROUPS,2807-AGC-27,"CHRONIC ILLNESS, MENTAL ILLNESS",7907 MOUNTAIN MAN WAY LAS VEGAS NV 89113,NV,Clark,702-221-8055,8,6/29/21
Sachele Senior Guest Home,RESIDENTIAL FACILITY FOR GROUPS,354-AGC-25,"MENTAL ILLNESS, RESIDENTIAL FACILITY FOR ELDERLY OR DISABLED PERSONS",3398 BANCROFT CIRCLE LAS VEGAS NV 89121,NV,Clark,702-450-3152,9,6/29/21
Sachele Senior Guest Home Ii,RESIDENTIAL FACILITY FOR GROUPS,2274-AGC-22,ALZHEIMER DISEASE,3397 EL CAMINO REAL LAS VEGAS NV 89121,NV,Clark,702-435-9544,9,6/29/21
Saint Anne Residential Care Corp,RESIDENTIAL FACILITY FOR GROUPS,367-AGC-41,MENTAL ILLNESS,3158 KINGSPOINT AVENUE LAS VEGAS NV 89120,NV,Clark,702-433-9470,10,6/29/21
Saint Anne'S Group Home,RESIDENTIAL FACILITY FOR GROUPS,8743-AGC-4,RESIDENTIAL FACILITY FOR ELDERLY OR DISABLED PERSONS,1625 PEAVINE RD RENO NV 89503,NV,Washoe,775-221-7449,7,6/29/21
Saint Benedicts Home,RESIDENTIAL FACILITY FOR GROUPS,356-AGC-31,"CHRONIC ILLNESS, MENTAL ILLNESS, INDIVIDUALS WITH INTELLECTUAL DISABILITES",3625 S ROSEWOOD DR LAS VEGAS NV 89121,NV,Clark,702-454-0532,6,6/29/21
Saint Benedicts Home Ii,RESIDENTIAL FACILITY FOR GROUPS,1894-AGC-25,"CHRONIC ILLNESS, MENTAL ILLNESS",4532 E FLAMINGO ROAD LAS VEGAS NV 89121,NV,Clark,702-435-1742,6,6/29/21
Saint Francis Group Home #2,RESIDENTIAL FACILITY FOR GROUPS,385-AGC-28,"MENTAL ILLNESS, RESIDENTIAL FACILITY FOR ELDERLY OR DISABLED PERSONS",4151 E ST LOUIS AVENUE LAS VEGAS NV 89104,NV,Clark,702-457-4961,9,6/29/21
Saint Francis Group Home Care Iii,RESIDENTIAL FACILITY FOR GROUPS,2821-AGC-27,"CHRONIC ILLNESS, MENTAL ILLNESS",4121 E BOSTON AVE LAS VEGAS NV 89104,NV,Clark,702-457-2378,10,6/29/21
Saint Francis Group Home Care V,RESIDENTIAL FACILITY FOR GROUPS,2839-AGC-21,"MENTAL ILLNESS, RESIDENTIAL FACILITY FOR ELDERLY OR DISABLED PERSONS",4245 E BALTIMORE AVE LAS VEGAS NV 89104,NV,Clark,702-431-4792,6,6/29/21
Saint Jean Senior Care,RESIDENTIAL FACILITY FOR GROUPS,5936-AGC-14,"ALZHEIMER DISEASE, CHRONIC ILLNESS",6924 ACOMA CRT LAS VEGAS NV 89145,NV,Clark,702-521-4797,10,6/29/21
Saint Jeremiah Care Home,RESIDENTIAL FACILITY FOR GROUPS,8089-AGC-6,ALZHEIMER DISEASE,3918 CHEROKEE AVENUE LAS VEGAS NV 89121,NV,Clark,702-823-3277,10,6/29/21
Saint Jude Home Care,RESIDENTIAL FACILITY FOR GROUPS,2176-AGC-29,RESIDENTIAL FACILITY FOR ELDERLY OR DISABLED PERSONS,6880 HATHAWAY DRIVE LAS VEGAS NV 89156,NV,Clark,702-438-5046,6,6/29/21
Saint Michael Group Home,RESIDENTIAL FACILITY FOR GROUPS,436-AGC-29,MENTAL ILLNESS,3980 PLACITA AVENUE LAS VEGAS NV 89121,NV,Clark,702-457-2315,5,6/29/21
Saint Paul Home Care Ii,RESIDENTIAL FACILITY FOR GROUPS,4234-AGC-21,"INDIVIDUALS WITH INTELLECTUAL DISABILITES, RESIDENTIAL FACILITY FOR ELDERLY OR DISABLED PERSONS",4900 KOENIG ROAD RENO NV 89506,NV,Washoe,775-324-0691,10,6/29/21
Saint Pauls Home Care Iii,RESIDENTIAL FACILITY FOR GROUPS,7195-AGC-11,"MENTAL ILLNESS, RESIDENTIAL FACILITY FOR ELDERLY OR DISABLED PERSONS",4910 KOENIG RD RENO NV 89506,NV,Washoe,775-657-6483,10,6/29/21
San Vicente Home Care,RESIDENTIAL FACILITY FOR GROUPS,358-AGC-29,"ALZHEIMER DISEASE, RESIDENTIAL FACILITY FOR ELDERLY OR DISABLED PERSONS",8460 RANCHO DESTINO RD LAS VEGAS NV 89123,NV,Clark,702-361-2358,10,6/29/21
Santa Fe Care Home I,RESIDENTIAL FACILITY FOR GROUPS,7739-AGC-8,"CHRONIC ILLNESS, MENTAL ILLNESS, RESIDENTIAL FACILITY FOR ELDERLY OR DISABLED PERSONS",4621 EXPOSITION AVE LAS VEGAS NV 89102,NV,Clark,702-685-8133,10,6/29/21
Senior Residential Care,RESIDENTIAL FACILITY FOR GROUPS,5636-AGC-15,ALZHEIMER DISEASE,2269 PACINI COURT HENDERSON NV 89052,NV,Clark,702-325-5355,10,6/29/21
Senior Residential Care - Centennial,RESIDENTIAL FACILITY FOR GROUPS,3287-AGC-26,RESIDENTIAL FACILITY FOR ELDERLY OR DISABLED PERSONS,8204 CABIN SPRINGS AVE LAS VEGAS NV 89131,NV,Clark,702-395-7555,9,6/29/21
Senior Residential Care-Summerlin,RESIDENTIAL FACILITY FOR GROUPS,7502-AGC-10,"CHRONIC ILLNESS, MENTAL ILLNESS, INDIVIDUALS WITH INTELLECTUAL DISABILITES",80 ALERION ST LAS VEGAS NV 89138,NV,Clark,702-685-0322,9,6/29/21
Serenity Senior Care,RESIDENTIAL FACILITY FOR GROUPS,5974-AGC-13,RESIDENTIAL FACILITY FOR ELDERLY OR DISABLED PERSONS,3645 RIO POCO RENO NV 89502,NV,Washoe,775-825-1481,9,6/29/21
Sheltering Arms Care Home,RESIDENTIAL FACILITY FOR GROUPS,10260-AGC-0,"CHRONIC ILLNESS, RESIDENTIAL FACILITY FOR ELDERLY OR DISABLED PERSONS","1255 LOMA VERDE CT., SPARKS NV 89436",NV,Washoe,775-870-1502,6,6/29/21
Sheltering Arms Care Homes Ii,RESIDENTIAL FACILITY FOR GROUPS,10261-AGC-0,"CHRONIC ILLNESS, RESIDENTIAL FACILITY FOR ELDERLY OR DISABLED PERSONS",1060 RAIN WATER CT SPARKS NV 89436,NV,Washoe,775-971-4911,7,6/29/21
Shepherd Care Home,RESIDENTIAL FACILITY FOR GROUPS,9689-AGC-0,"CHRONIC ILLNESS, MENTAL ILLNESS, INDIVIDUALS WITH INTELLECTUAL DISABILITES, RESIDENTIAL FACILITY FOR ELDERLY OR DISABLED PERSONS",5319 STAMPA AVE. LAS VEGAS NV 89147,NV,Clark,702-785-2812,10,6/29/21
"Shiny Stars Home Care Ii, Llc",RESIDENTIAL FACILITY FOR GROUPS,8602-AGC-4,RESIDENTIAL FACILITY FOR ELDERLY OR DISABLED PERSONS,1032 SILVER CREEK LAS VEGAS NV 89183,NV,Clark,725-777-3812,4,6/29/21
Sierra Manor Care Home,RESIDENTIAL FACILITY FOR GROUPS,7414-AGC-11,"CHRONIC ILLNESS, MENTAL ILLNESS, INDIVIDUALS WITH INTELLECTUAL DISABILITES, RESIDENTIAL FACILITY FOR ELDERLY OR DISABLED PERSONS",327 RIVER FLOW DRIVE RENO NV 89523,NV,Washoe,775-787-7960,8,6/29/21
Sierra Place Retirement Community,RESIDENTIAL FACILITY FOR GROUPS,370-AGC-39,"ASSISTED LIVING SERVICES, CHRONIC ILLNESS",1111 W COLLEGE PARKWAY CARSON CITY NV 89703,NV,Carson City,425-408-9141,76,6/29/21
Silver Horizon Llc,RESIDENTIAL FACILITY FOR GROUPS,7381-AGC-12,"CHRONIC ILLNESS, MENTAL ILLNESS, RESIDENTIAL FACILITY FOR ELDERLY OR DISABLED PERSONS",1900 ELIMINATOR DRIVE LAS VEGAS NV 89146,NV,Clark,702-463-3585,10,6/29/21
Silver Horizon-Hickam,RESIDENTIAL FACILITY FOR GROUPS,8243-AGC-7,"CHRONIC ILLNESS, MENTAL ILLNESS, RESIDENTIAL FACILITY FOR ELDERLY OR DISABLED PERSONS",8280 HICKAM AVENUE LAS VEGAS NV 89129,NV,Clark,702-489-8352,10,6/29/21
Silver Sky Assisted Living,RESIDENTIAL FACILITY FOR GROUPS,4251-AGC-24,"ASSISTED LIVING SERVICES, CHRONIC ILLNESS, RESIDENTIAL FACILITY FOR ELDERLY OR DISABLED PERSONS",8220 SILVER SKY DRIVE LAS VEGAS NV 89145,NV,Clark,702-835-9040,96,6/29/21
Silver Sky At Deer Springs Assisted Living,RESIDENTIAL FACILITY FOR GROUPS,6013-AGC-14,ASSISTED LIVING SERVICES,6741 N DECATUR BLVD BLDG #3 LAS VEGAS NV 89130,NV,Clark,702-462-7700,96,6/29/21
Silverado Ranch Memory Care,RESIDENTIAL FACILITY FOR GROUPS,9598-AGC-2,"ALZHEIMER DISEASE, RESIDENTIAL FACILITY FOR ELDERLY OR DISABLED PERSONS",248 BARLETTA AVENUE LAS VEGAS NV 89123,NV,Clark,702-235-2584,10,6/29/21
Skyline Estates,RESIDENTIAL FACILITY FOR GROUPS,9346-AGC-2,"ALZHEIMER DISEASE, RESIDENTIAL FACILITY FOR ELDERLY OR DISABLED PERSONS",2907 N. MOUNTAIN ST. CARSON CITY NV 89703,NV,Carson City,775-885-9223,67,6/29/21
Skyline Estates,RESIDENTIAL FACILITY FOR GROUPS,9423-AGC-3,RESIDENTIAL FACILITY FOR ELDERLY OR DISABLED PERSONS,2765 MOUNTAIN ST. CARSON CITY NV 89703,NV,Carson City,775-885-9223,30,6/29/21
Sofia'S Home,RESIDENTIAL FACILITY FOR GROUPS,8989-AGC-3,"CHRONIC ILLNESS, MENTAL ILLNESS, INDIVIDUALS WITH INTELLECTUAL DISABILITES, RESIDENTIAL FACILITY FOR ELDERLY OR DISABLED PERSONS",2612 WABASH CIRCLE SPARKS NV 89434,NV,Washoe,775-200-3552,5,6/29/21
South Meadows Residential Care Home,RESIDENTIAL FACILITY FOR GROUPS,9975-AGC-1,RESIDENTIAL FACILITY FOR ELDERLY OR DISABLED PERSONS,13495 STONEY BROOK DR RENO NV 89511,NV,Washoe,775-685-3875,10,6/29/21
Spencer Luxury Care Lp,RESIDENTIAL FACILITY FOR GROUPS,4490-AGC-17,ALZHEIMER DISEASE,1951 PAPAGO LANE LAS VEGAS NV 89169,NV,Clark,702-433-3735,10,6/29/21
Spring Valley Alz Care Center,RESIDENTIAL FACILITY FOR GROUPS,3363-AGC-26,"ALZHEIMER DISEASE, CHRONIC ILLNESS",6428 CRYSTAL DEW DRIVE LAS VEGAS NV 89118,NV,Clark,702-277-8837,10,6/29/21
Spring Valley Alzheimers Care,RESIDENTIAL FACILITY FOR GROUPS,3729-AGC-18,ALZHEIMER DISEASE,5310 SHARON MARIE COURT LAS VEGAS NV 89118,NV,Clark,702-251-1978,8,6/29/21
Spruce Oak Residential Care Facility,RESIDENTIAL FACILITY FOR GROUPS,5954-AGC-17,"MENTAL ILLNESS, RESIDENTIAL FACILITY FOR ELDERLY OR DISABLED PERSONS",4618 SPRUCE OAK DR NORTH LAS VEGAS NV 89031,NV,Clark,702-462-2031,6,6/29/21
Src Southwest,RESIDENTIAL FACILITY FOR GROUPS,9733-AGC-1,"ALZHEIMER DISEASE, RESIDENTIAL FACILITY FOR ELDERLY OR DISABLED PERSONS",7864 APACHE CLIFF LAS VEGAS NV 89113,NV,Clark,702-325-5355,10,6/29/21
Star Horizons Group Home,RESIDENTIAL FACILITY FOR GROUPS,290-AGC-29,"CHRONIC ILLNESS, MENTAL ILLNESS",2122 WEBSTER ST NORTH LAS VEGAS NV 89030,NV,Clark,702-209-6627,7,6/29/21
Starlight Group Home,RESIDENTIAL FACILITY FOR GROUPS,9326-AGC-2,"ALZHEIMER DISEASE, CHRONIC ILLNESS, MENTAL ILLNESS, RESIDENTIAL FACILITY FOR ELDERLY OR DISABLED PERSONS",2301 EAST 9TH ST. RENO NV 89512,NV,Washoe,775-762-2162,9,6/29/21
Stepping Stone Apartments,RESIDENTIAL FACILITY FOR GROUPS,10017-AGC-1,"CHRONIC ILLNESS, MENTAL ILLNESS, INDIVIDUALS WITH INTELLECTUAL DISABILITES, RESIDENTIAL FACILITY FOR ELDERLY OR DISABLED PERSONS",1405 SOUTH MOJAVE ROAD LAS VEGAS NV 89104,NV,Clark,702-259-1903,20,6/29/21
Sterling Ridge,RESIDENTIAL FACILITY FOR GROUPS,9768-AGC-1,"ALZHEIMER DISEASE, ASSISTED LIVING SERVICES, CHRONIC ILLNESS, RESIDENTIAL FACILITY FOR ELDERLY OR DISABLED PERSONS",4255 SPENCER STREET LAS VEGAS NV 89119,NV,Clark,702-732-0652,95,6/29/21
Stone Valley Alzheimers Special Care Center,RESIDENTIAL FACILITY FOR GROUPS,7616-AGC-10,ALZHEIMER DISEASE,6155 STONE VALLEY DRIVE RENO NV 89523,NV,Washoe,775-746-2200,66,6/29/21
Summer Breeze Residential,RESIDENTIAL FACILITY FOR GROUPS,10192-AGC-0,"ALZHEIMER DISEASE, CHRONIC ILLNESS, RESIDENTIAL FACILITY FOR ELDERLY OR DISABLED PERSONS",185 EAST WINDMILL LANE LAS VEGAS NV 89123,NV,Clark,714-363-2060,10,6/29/21
Summerlin Retirement Home,RESIDENTIAL FACILITY FOR GROUPS,4140-AGC-18,ALZHEIMER DISEASE,309 LA RUE COURT LAS VEGAS NV 89145,NV,Clark,702-860-5118,10,6/29/21
"Summerlin Retirement Living, Llc",RESIDENTIAL FACILITY FOR GROUPS,8592-AGC-4,ALZHEIMER DISEASE,10128 SNOW CREST PLACE LAS VEGAS NV 89134,NV,Clark,702-984-0206,7,6/29/21
Summerlin Senior Living Llc,RESIDENTIAL FACILITY FOR GROUPS,9394-AGC-2,"ALZHEIMER DISEASE, RESIDENTIAL FACILITY FOR ELDERLY OR DISABLED PERSONS",10376 STANBERRY AVE LAS VEGAS NV 89135,NV,Clark,702-417-9757,9,6/29/21
Summit Estates,RESIDENTIAL FACILITY FOR GROUPS,8476-AGC-4,"ALZHEIMER DISEASE, ASSISTED LIVING SERVICES, RESIDENTIAL FACILITY FOR ELDERLY OR DISABLED PERSONS",222 EAST PATRIOT BLVD RENO NV 89511,NV,Washoe,775-434-1880,134,6/29/21
Summit Group Home,RESIDENTIAL FACILITY FOR GROUPS,9555-AGC-2,"CHRONIC ILLNESS, MENTAL ILLNESS, INDIVIDUALS WITH INTELLECTUAL DISABILITES, RESIDENTIAL FACILITY FOR ELDERLY OR DISABLED PERSONS",1620 BYRD DR SPARKS NV 89431,NV,Washoe,775-247-4000,8,6/29/21
Summit Group Home,RESIDENTIAL FACILITY FOR GROUPS,10275-AGC-0,"CHRONIC ILLNESS, MENTAL ILLNESS, INDIVIDUALS WITH INTELLECTUAL DISABILITES, RESIDENTIAL FACILITY FOR ELDERLY OR DISABLED PERSONS",9570 COMANCHE MOON DR RENO NV 89521,NV,Washoe,775-247-4000,8,6/29/21
Sunlit Terrace Group Home Ii,RESIDENTIAL FACILITY FOR GROUPS,10421-AGC-0,,2875 IRIDIUM COURT SPARKS NV 89436,NV,Washoe,775-560-3178,5,6/29/21
Sunrise Of Henderson,RESIDENTIAL FACILITY FOR GROUPS,4880-AGC-21,"ALZHEIMER DISEASE, ASSISTED LIVING SERVICES",1555 WEST HORIZON RIDGE PARKWAY HENDERSON NV 89012,NV,Clark,702-837-6582,105,6/29/21
Sunshine Care Home,RESIDENTIAL FACILITY FOR GROUPS,430-AGC-34,"CHRONIC ILLNESS, MENTAL ILLNESS",3970 MARYLAND AVE LAS VEGAS NV 89121,NV,Clark,702-914-9858,8,6/29/21
Sunshine Care Home Ii,RESIDENTIAL FACILITY FOR GROUPS,4787-AGC-20,"ALZHEIMER DISEASE, CHRONIC ILLNESS",3045 SOUTH TIOGA WAY LAS VEGAS NV 89117,NV,Clark,702-631-1551,10,6/29/21
Sunshine Valley Elder Care,RESIDENTIAL FACILITY FOR GROUPS,403-AGC-31,RESIDENTIAL FACILITY FOR ELDERLY OR DISABLED PERSONS,465 RIDGEWAY RD HENDERSON NV 89015,NV,Clark,702-558-7662,10,6/29/21
Sweet Home Belmont Llc,RESIDENTIAL FACILITY FOR GROUPS,5462-AGC-17,"ALZHEIMER DISEASE, CHRONIC ILLNESS, MENTAL ILLNESS, RESIDENTIAL FACILITY FOR ELDERLY OR DISABLED PERSONS",2908 BELMONT DR HENDERSON NV 89074,NV,Clark,702-473-9752,10,6/29/21
Tender Loving Care Senior Residence,RESIDENTIAL FACILITY FOR GROUPS,5743-AGC-12,ALZHEIMER DISEASE,1401 CASA DEL REY CRT LAS VEGAS NV 89117,NV,Clark,702-228-2994,10,6/29/21
Tender Loving Memory Care & Assisted Living Home Llc,RESIDENTIAL FACILITY FOR GROUPS,10202-AGC-0,"ALZHEIMER DISEASE, ASSISTED LIVING SERVICES, RESIDENTIAL FACILITY FOR ELDERLY OR DISABLED PERSONS",3429 WEST LONE MOUNTAIN ROAD NORTH LAS VEGAS NV 89031,NV,Clark,626-231-1353,10,6/29/21
"Terracina Home Care Ii, Llc",RESIDENTIAL FACILITY FOR GROUPS,9896-AGC-1,RESIDENTIAL FACILITY FOR ELDERLY OR DISABLED PERSONS,1721 GLEN COVE CT RENO NV 89521,NV,Washoe,775-420-5489,6,6/29/21
The Americana Assisted Living,RESIDENTIAL FACILITY FOR GROUPS,9945-AGC-1,"ASSISTED LIVING SERVICES, CHRONIC ILLNESS, MENTAL ILLNESS, RESIDENTIAL FACILITY FOR ELDERLY OR DISABLED PERSONS",100 SOUTH 14TH STREET LAS VEGAS NV 89101,NV,Clark,702-333-4100,88,6/29/21
The Best Choice Group Home Llc,RESIDENTIAL FACILITY FOR GROUPS,10093-AGC-0,"ALZHEIMER DISEASE, ASSISTED LIVING SERVICES, RESIDENTIAL FACILITY FOR ELDERLY OR DISABLED PERSONS",2101 MARIPOSA AVE LAS VEGAS NV 89104,NV,Clark,702-721-3829,8,6/29/21
The Bridge At Paradise Valley Assisted Living,RESIDENTIAL FACILITY FOR GROUPS,3091-AGC-40,"ASSISTED LIVING SERVICES, CHRONIC ILLNESS",2205 EAST HARMON AVE LAS VEGAS NV 89119,NV,Clark,702-369-6964,91,6/29/21
"The Chateau At Gardnerville, Assisted Living And Memory Care",RESIDENTIAL FACILITY FOR GROUPS,9538-AGC-2,"ALZHEIMER DISEASE, ASSISTED LIVING SERVICES, RESIDENTIAL FACILITY FOR ELDERLY OR DISABLED PERSONS",1565 VIRGINIA RANCH ROAD GARDNERVILLE NV 89410-5704,NV,Douglas,775-782-3100,150,6/29/21
The Elderly Aristocrat,RESIDENTIAL FACILITY FOR GROUPS,407-AGC-25,RESIDENTIAL FACILITY FOR ELDERLY OR DISABLED PERSONS,2380 MOHIGAN WAY LAS VEGAS NV 89169,NV,Clark,702-796-9952,6,6/29/21
The Elderly Aristocrat Iii,RESIDENTIAL FACILITY FOR GROUPS,1954-AGC-25,RESIDENTIAL FACILITY FOR ELDERLY OR DISABLED PERSONS,3700 TIOGA WAY LAS VEGAS NV 89169,NV,Clark,702-768-2304,10,6/29/21
The Homestead,RESIDENTIAL FACILITY FOR GROUPS,4193-AGC-29,"ALZHEIMER DISEASE, MENTAL ILLNESS",365 WEST A STREET FALLON NV 89406,NV,Churchill,775-428-2428,75,6/29/21
"The Homestead At Boulder City, Inc.",RESIDENTIAL FACILITY FOR GROUPS,2606-AGC-32,"ALZHEIMER DISEASE, ASSISTED LIVING SERVICES, RESIDENTIAL FACILITY FOR ELDERLY OR DISABLED PERSONS",1401 MEDICAL PARK DR BOULDER CITY NV 89005,NV,Clark,702-294-8720,84,6/29/21
The Lakes Senior Living Llc,RESIDENTIAL FACILITY FOR GROUPS,9672-AGC-2,"ALZHEIMER DISEASE, RESIDENTIAL FACILITY FOR ELDERLY OR DISABLED PERSONS",9209 SANDY SHORES DR LAS VEGAS NV 89117,NV,Clark,702-586-7717,9,6/29/21
The Lodge Assisted Living & Memory Care Community,RESIDENTIAL FACILITY FOR GROUPS,5165-AGC-21,"ALZHEIMER DISEASE, ASSISTED LIVING SERVICES, CHRONIC ILLNESS, RESIDENTIAL FACILITY FOR ELDERLY OR DISABLED PERSONS",2200 E LONG ST CARSON CITY NV 89706,NV,Carson City,775-283-9888,90,6/29/21
The Meadows Home,RESIDENTIAL FACILITY FOR GROUPS,417-AGC-29,ALZHEIMER DISEASE,4300 DEL MONTE AVENUE LAS VEGAS NV 89102,NV,Clark,702-258-1212,10,6/29/21
The Quail House,RESIDENTIAL FACILITY FOR GROUPS,9911-AGC-1,"ALZHEIMER DISEASE, ASSISTED LIVING SERVICES, CHRONIC ILLNESS, MENTAL ILLNESS, RESIDENTIAL FACILITY FOR ELDERLY OR DISABLED PERSONS",3695 E QUAIL AVE LAS VEGAS NV 89120,NV,Clark,702-757-8140,10,6/29/21
The Rose Of Sharon,RESIDENTIAL FACILITY FOR GROUPS,176-AGC-34,"CHRONIC ILLNESS, MENTAL ILLNESS",355 EVAN PICONE HENDERSON NV 89014,NV,Clark,702-450-2082,8,6/29/21
The Royal Place Inc,RESIDENTIAL FACILITY FOR GROUPS,7273-AGC-10,"CHRONIC ILLNESS, MENTAL ILLNESS, RESIDENTIAL FACILITY FOR ELDERLY OR DISABLED PERSONS",3644 MOUNTCREST DRIVE LAS VEGAS NV 89121,NV,Clark,702-476-1533,10,6/29/21
"The Seasons Of Reno, Assisted Living And Memory Care",RESIDENTIAL FACILITY FOR GROUPS,9541-AGC-2,"ALZHEIMER DISEASE, ASSISTED LIVING SERVICES, RESIDENTIAL FACILITY FOR ELDERLY OR DISABLED PERSONS",5165 SUMMIT RIDGE COURT RENO NV 89523-9092,NV,Washoe,775-787-8200,120,6/29/21
The Sienna Arbour Llc,RESIDENTIAL FACILITY FOR GROUPS,10232-AGC-0,RESIDENTIAL FACILITY FOR ELDERLY OR DISABLED PERSONS,945 SIENNA PARK DRIVE RENO NV 89512,NV,Washoe,707-515-9135,8,6/29/21
The Victorian Center Llc I,RESIDENTIAL FACILITY FOR GROUPS,2275-AGC-27,ALZHEIMER DISEASE,11 WHITEWIND LANE LAS VEGAS NV 89110,NV,Clark,702-459-2561,10,6/29/21
The Victorian Center Llc Ii,RESIDENTIAL FACILITY FOR GROUPS,2850-AGC-26,ALZHEIMER DISEASE,1895 PRISCILLA ST LAS VEGAS NV 89115,NV,Clark,702-453-2565,6,6/29/21
Theresiane Adult Group Care Home,RESIDENTIAL FACILITY FOR GROUPS,423-AGC-33,"CHRONIC ILLNESS, MENTAL ILLNESS",6620 ELLERHURST DRIVE LAS VEGAS NV 89103,NV,Clark,702-251-7886,10,6/29/21
Tlc Costa Brava Llc,RESIDENTIAL FACILITY FOR GROUPS,7889-AGC-9,"ALZHEIMER DISEASE, CHRONIC ILLNESS, MENTAL ILLNESS",6737 COSTA BRAVA ROAD LAS VEGAS NV 89146,NV,Clark,702-556-1639,10,6/29/21
Touch Of Class Care Home,RESIDENTIAL FACILITY FOR GROUPS,9798-AGC-1,RESIDENTIAL FACILITY FOR ELDERLY OR DISABLED PERSONS,935 MANZANITA LANE RENO NV 89509,NV,Washoe,775-354-6486,9,6/29/21
"Tranquil Breezes Care Home, Llc",RESIDENTIAL FACILITY FOR GROUPS,8548-AGC-4,CHRONIC ILLNESS,237 PALMETTO POINTE DRIVE HENDERSON NV 89012,NV,Clark,702-292-4764,10,6/29/21
Tranquillium-Haleh Senior Care,RESIDENTIAL FACILITY FOR GROUPS,10031-AGC-1,"ALZHEIMER DISEASE, RESIDENTIAL FACILITY FOR ELDERLY OR DISABLED PERSONS",3460 W HALEH AVE LAS VEGAS NV 89141,NV,Clark,415-608-1938,9,6/29/21
True Loving Care Ii Llc,RESIDENTIAL FACILITY FOR GROUPS,7520-AGC-13,CHRONIC ILLNESS,8020 FAIRFIELD AVE LAS VEGAS NV 89123,NV,Clark,702-480-5339,10,6/29/21
V N Senior Care Inc At Winery Rd,RESIDENTIAL FACILITY FOR GROUPS,5679-AGC-15,ALZHEIMER DISEASE,3281 WINERY RD PAHRUMP NV 89048,NV,Nye,775-727-1261,10,6/29/21
V N Senior Care Inc Of Seven Hills,RESIDENTIAL FACILITY FOR GROUPS,4100-AGC-20,ALZHEIMER DISEASE,993 GOLD BEAR DRIVE HENDERSON NV 89052,NV,Clark,702-361-1164,9,6/29/21
V N Senior Care Of The Vineyards,RESIDENTIAL FACILITY FOR GROUPS,4406-AGC-16,ALZHEIMER DISEASE,1931 W VINEYARD DRIVE SOUTH PAHRUMP NV 89048,NV,Nye,702-501-5144,10,6/29/21
V Nicholas Adult Care Home #2,RESIDENTIAL FACILITY FOR GROUPS,432-AGC-26,RESIDENTIAL FACILITY FOR ELDERLY OR DISABLED PERSONS,4304 EL CAMINO AVENUE LAS VEGAS NV 89102,NV,Clark,702-220-8089,6,6/29/21
Valley Of Golden Ages,RESIDENTIAL FACILITY FOR GROUPS,9907-AGC-1,"ALZHEIMER DISEASE, CHRONIC ILLNESS, RESIDENTIAL FACILITY FOR ELDERLY OR DISABLED PERSONS",2680 MARGARET DR. RENO NV 89506,NV,Washoe,775-762-2162,6,6/29/21
Vegas Valley Senior Care Residence,RESIDENTIAL FACILITY FOR GROUPS,8184-AGC-9,RESIDENTIAL FACILITY FOR ELDERLY OR DISABLED PERSONS,6085 S LAMB BLVD LAS VEGAS NV 89120,NV,Clark,702-724-0218,10,6/29/21
Viewcrest Adult Living,RESIDENTIAL FACILITY FOR GROUPS,437-AGC-26,"MENTAL ILLNESS, RESIDENTIAL FACILITY FOR ELDERLY OR DISABLED PERSONS",3921 KINGS ROW RENO NV 89503,NV,Washoe,775-747-3416,7,6/29/21
Villa Court Assisted Living And Memory Care,RESIDENTIAL FACILITY FOR GROUPS,9444-AGC-2,"ASSISTED LIVING SERVICES, CHRONIC ILLNESS, RESIDENTIAL FACILITY FOR ELDERLY OR DISABLED PERSONS",3985 SOUTH PEARL STREET LAS VEGAS NV 89121-7205,NV,Clark,702-706-0036,64,6/29/21
Villa Court Assisted Living And Memory Care,RESIDENTIAL FACILITY FOR GROUPS,9454-AGC-2,"ALZHEIMER DISEASE, RESIDENTIAL FACILITY FOR ELDERLY OR DISABLED PERSONS",4025 SOUTH PEARL STREET LAS VEGAS NV 89121,NV,Clark,702-706-0036,40,6/29/21
Vineyard Mainstreet Henderson,RESIDENTIAL FACILITY FOR GROUPS,9308-AGC-0,ALZHEIMER DISEASE,2895 WEST HORIZON RIDGE PARKWAY HENDERSON NV 89052,NV,Clark,919-909-7663,64,6/29/21
Vista Adult Care,RESIDENTIAL FACILITY FOR GROUPS,4501-AGC-18,"CHRONIC ILLNESS, MENTAL ILLNESS, INDIVIDUALS WITH INTELLECTUAL DISABILITES, RESIDENTIAL FACILITY FOR ELDERLY OR DISABLED PERSONS",1079 RICCO DRIVE SPARKS NV 89434,NV,Washoe,775-359-3768,7,6/29/21
Vista Adult Care At Waterfield,RESIDENTIAL FACILITY FOR GROUPS,10342-AGC-0,"CHRONIC ILLNESS, MENTAL ILLNESS, INDIVIDUALS WITH INTELLECTUAL DISABILITES, RESIDENTIAL FACILITY FOR ELDERLY OR DISABLED PERSONS",3056 WATERFIELD DRIVE SPARKS NV 89434-1627,NV,Washoe,775-338-3886,7,6/29/21
Vn Senior Care Facility Inc,RESIDENTIAL FACILITY FOR GROUPS,9685-AGC-2,"ALZHEIMER DISEASE, RESIDENTIAL FACILITY FOR ELDERLY OR DISABLED PERSONS",2621 HOMESTEAD RD PAHRUMP NV 89048,NV,Nye,702-501-5144,10,6/29/21
Washington Senior Guest Home,RESIDENTIAL FACILITY FOR GROUPS,439-AGC-27,"CHRONIC ILLNESS, MENTAL ILLNESS",3709 W WASHINGTON AVE LAS VEGAS NV 89107,NV,Clark,702-870-7157,8,6/29/21
Washoe Senior Living I,RESIDENTIAL FACILITY FOR GROUPS,9071-AGC-2,RESIDENTIAL FACILITY FOR ELDERLY OR DISABLED PERSONS,4190 BISMARCK DRIVE RENO NV 89502,NV,Washoe,775-688-9670,5,6/29/21
Washoe Senior Living Ii,RESIDENTIAL FACILITY FOR GROUPS,8866-AGC-4,RESIDENTIAL FACILITY FOR ELDERLY OR DISABLED PERSONS,425 SONDRIO COURT RENO NV 89521,NV,Washoe,775-688-9670,10,6/29/21
"We Care Residential Home, Llc",RESIDENTIAL FACILITY FOR GROUPS,9026-AGC-3,"ALZHEIMER DISEASE, RESIDENTIAL FACILITY FOR ELDERLY OR DISABLED PERSONS",3858 MOONGATE CIRCLE LAS VEGAS NV 89103,NV,Clark,702-945-6682,10,6/29/21
Welbrook Grand Montecito Llc,RESIDENTIAL FACILITY FOR GROUPS,9216-AGC-1,"ALZHEIMER DISEASE, RESIDENTIAL FACILITY FOR ELDERLY OR DISABLED PERSONS",6660 GRAND MONTECITO PARKWAY LAS VEGAS NV 89149,NV,Clark,801-683-6565,46,6/29/21
Wentworth Of Las Vegas,RESIDENTIAL FACILITY FOR GROUPS,2489-AGC-42,"ALZHEIMER DISEASE, ASSISTED LIVING SERVICES, CHRONIC ILLNESS, MENTAL ILLNESS",2620 LAKE SAHARA DR LAS VEGAS NV 89117,NV,Clark,702-233-9800,150,6/29/21
West Morning Star Care Home,RESIDENTIAL FACILITY FOR GROUPS,4486-AGC-16,"MENTAL ILLNESS, RESIDENTIAL FACILITY FOR ELDERLY OR DISABLED PERSONS",7375 MOUNTAIN ASH DRIVE LAS VEGAS NV 89147,NV,Clark,702-222-0858,8,6/29/21
Whispering Heights,RESIDENTIAL FACILITY FOR GROUPS,444-AGC-29,RESIDENTIAL FACILITY FOR ELDERLY OR DISABLED PERSONS,2397 EMPIRE RANCH ROAD CARSON CITY NV 89701,NV,Carson City,775-885-8242,8,6/29/21
Wicker Basket,RESIDENTIAL FACILITY FOR GROUPS,9723-AGC-0,"ALZHEIMER DISEASE, RESIDENTIAL FACILITY FOR ELDERLY OR DISABLED PERSONS",3020 BEAUFORT COURT NORTH LAS VEGAS NV 89032,NV,Clark,702-731-5941,10,6/29/21
Windsong Care Home L.L.C.,RESIDENTIAL FACILITY FOR GROUPS,8988-AGC-3,"ALZHEIMER DISEASE, RESIDENTIAL FACILITY FOR ELDERLY OR DISABLED PERSONS",209 WINDSONG ST LAS VEGAS NV 89145,NV,Clark,702-815-9998,10,6/29/21
Winwood Home Care Llc,RESIDENTIAL FACILITY FOR GROUPS,10076-AGC-0,"ALZHEIMER DISEASE, CHRONIC ILLNESS, RESIDENTIAL FACILITY FOR ELDERLY OR DISABLED PERSONS",2516 WINWOOD STREET LAS VEGAS NV 89108,NV,Clark,702-506-1415,16,6/29/21
